pre,post,pre_x,pre_y,pre_z,post_x,post_y,post_z,id,cleft_score,gaba,acetylcholine,glutamate,octopamine,serotonin,dopamine,neuropil
720575940629382150,720575940599459782,693216,319604,199280,693160,319512,199280,3242974,74.0,0.782237589359283,0.0223830323666334,0.168057948350906,0.00587519118562341,0.007324304431676859,0.0141219776123762,LOP_R
720575940627190556,720575940599459782,692020,320412,198720,692120,320308,198760,3242792,149.0,0.999988555908203,2.82605441270789e-07,1.12407433334738e-05,8.141314289389358e-09,1.1433355651124799e-10,9.55971657390364e-09,LOP_R
720575940621933002,720575940599459782,692592,318724,199400,692528,318832,199360,3243002,138.0,0.0528588630259037,0.000419174699345604,0.946605205535889,2.56669991358649e-05,7.52411942812614e-05,1.5855017409194298e-05,LOP_R
720575940634722239,720575940599459782,692308,319672,199200,692448,319652,199240,3242927,140.0,0.000365828396752477,0.8259519338607791,0.0010178873781114801,0.172222375869751,3.9714163335702297e-07,0.00044155825162306395,LOP_R
720575940634722239,720575940599459782,692356,319816,199160,692472,319824,199160,3242929,144.0,0.000737980124540627,0.797574818134308,0.000899405218660831,0.19869393110275302,4.999038537789599e-06,0.00208884989842772,LOP_R
720575940631947079,720575940599704006,702844,316492,169560,702824,316460,169640,4325699,145.0,0.00938517227768898,0.343632698059082,0.610866248607636,0.0336033776402473,4.30552499892656e-05,0.0024695242755115,LO_R
720575940627174415,720575940599704006,698988,322316,169000,699128,322232,169000,5281202,145.0,0.0607803016901016,0.9360312223434449,0.0016737321857363,0.000318676669849083,3.49040010405588e-06,0.00119260512292385,LO_R
720575940627174415,720575940599704006,700176,321928,169520,700096,321840,169520,5281304,129.0,0.0064921691082418,0.8941592574119571,0.0218340381979942,0.074997790157795,2.2787548004998802e-05,0.0024939130526036,LO_R
720575940627174415,720575940599704006,699756,321812,169560,699928,321844,169560,5281318,150.0,0.0062719611451029795,0.8653400540351871,0.00699114240705967,0.11852086335420599,2.30483819905203e-05,0.00285300333052874,LO_R
720575940627174415,720575940599704006,698552,322688,169520,698548,322592,169520,5281320,148.0,0.0169096142053604,0.9676383733749391,4.49395520263352e-06,6.607687100768089e-05,1.16155170815091e-07,0.0153813501819968,LO_R
720575940627174415,720575940599704006,699620,321552,169560,699656,321472,169560,5281325,142.0,0.0157992988824844,0.9665290117263791,0.00376244192011654,0.0128862606361508,6.21620165475179e-06,0.0010166710708290302,LO_R
720575940627174415,720575940599704006,698416,322776,169560,698344,322728,169600,5281330,137.0,0.605151176452637,0.345400124788284,0.0149940634146333,0.000128988263895735,0.000195649059605785,0.0341300219297409,LO_R
720575940634676122,720575940599704006,697608,320800,169680,697500,320784,169640,5281345,156.0,0.354623913764954,0.37192758917808505,0.21700932085514102,0.00513425981625915,0.00291938195005059,0.0483854785561562,LO_R
720575940597623168,720575940599704006,696388,322960,168400,696484,322900,168400,5738861,129.0,0.9990559220314029,0.000105699393316172,0.0007525696419179441,4.8788122512633e-05,1.13082251118612e-06,3.5898912756238106e-05,LO_R
720575940614819709,720575940599704006,703360,318124,169720,703264,318092,169640,5933794,115.0,0.00278816348873079,0.96221649646759,0.00866138096898794,0.0232953671365976,0.000155166897457093,0.00288344523869455,LO_R
720575940637734768,720575940599704006,701352,319204,169640,701288,319328,169680,5933801,138.0,0.999439656734467,1.2093824807379901e-05,0.0005482102278619999,7.45809280999765e-09,7.22051196611062e-10,2.04430019579149e-08,LO_R
720575940626011706,720575940599459782,691408,318440,209800,691332,318524,209760,11671140,142.0,0.0669171884655952,0.23195083439350103,0.647747278213501,0.007574388291686771,0.0133108254522085,0.0324994921684265,LOP_R
720575940599729862,720575940614223010,702336,311084,178000,702200,311072,177960,21068193,151.0,0.00440103281289339,0.9358413815498349,0.000791832513641566,0.0498206093907356,4.36351147072855e-05,0.009101531468331809,LO_R
720575940626979621,720575940599729862,701104,315232,177000,701056,315352,177000,21434250,149.0,0.032927755266428,0.9420421123504642,0.0019065921660512699,0.0169341657310724,0.00015883812739048202,0.00603068433701992,LO_R
720575940637734768,720575940599729862,702348,316448,177080,702336,316568,177040,21434265,131.0,0.7841351628303531,0.032333966344595004,0.0877554044127464,0.000177204376086593,0.0410145707428455,0.0545836314558983,LO_R
720575940630439106,720575940599729862,700484,315824,176440,700492,315688,176440,21434164,140.0,0.933812856674194,0.00292210979387164,0.061650063842535,0.000192862295079976,0.00019085728854406598,0.00123119831550866,LO_R
720575940627768453,720575940599729862,699808,314640,176600,699796,314776,176600,21434172,147.0,0.0164812225848436,0.00977102015167475,0.9705383777618409,0.00163520604837686,0.00013282180589158102,0.00144135253503919,LO_R
720575940627768453,720575940599729862,701744,315848,177200,701684,315916,177200,21434277,139.0,0.00392827484756708,0.9440464377403259,0.0026714659761637397,0.0388797037303448,5.12203114340082e-05,0.0104228826239705,LO_R
720575940617830749,720575940599729862,701932,317368,177080,701960,317292,177120,21434281,61.0,0.0242028441280127,0.914868652820587,0.0234689526259899,0.0282707437872887,0.000346554996212944,0.00884218048304319,LO_R
720575940614665726,720575940599729862,699688,317000,177360,699768,317140,177280,21434304,54.0,0.0023882060777396,0.977899551391602,0.00037120841443538704,0.0158306527882814,1.8298851500731e-05,0.00349210412241518,LO_R
720575940636790158,720575940599729862,701052,315624,176760,700976,315692,176760,21434195,65.0,0.0579582042992115,0.189479619264603,0.727634310722351,0.0127413235604763,0.000433694804087281,0.0117528447881341,LO_R
720575940636790158,720575940599729862,701608,315984,177640,701540,315976,177520,21434340,175.0,0.0022466329392045697,0.991117358207703,0.000701934972312301,0.00564010348170996,1.15231318886799e-06,0.000292788085062057,LO_R
720575940627768453,720575940599729862,702496,316352,178000,702432,316480,178000,21434436,142.0,0.00215841503813863,0.9473706483840941,0.0261496547609568,0.0166752748191357,3.5036871850024895e-05,0.00761101534590125,LO_R
720575940636790158,720575940599729862,701540,316116,177680,701512,316284,177680,21434363,157.0,0.0254128891974688,0.9190491437911991,0.0418533869087696,0.0129554299637675,3.8262700400082394e-05,0.000690835353452712,LO_R
720575940627768453,720575940599729862,702500,316364,177800,702408,316452,177800,21434387,151.0,0.017837792634964,0.668391823768616,0.28406059741973905,0.0150752533227205,0.000465856108348817,0.0141686433926225,LO_R
720575940637734768,720575940599729862,698492,316132,176480,698516,316292,176440,21436850,143.0,0.99206405878067,1.28040064737434e-05,0.00792277883738279,3.18953432554281e-08,1.64024154258868e-08,2.82130798723301e-07,LO_R
720575940614665726,720575940599729862,698952,316484,176440,698848,316352,176440,21436851,113.0,0.0758896917104721,0.402257710695267,0.169386565685272,0.343446016311645,0.000190893144463189,0.008829064667224879,LO_R
720575940636790158,720575940599729862,704560,315800,177920,704448,315764,177920,21436554,147.0,0.0285857152193785,0.9163324236869809,0.0180587787181139,0.00434687035158277,0.00100975320674479,0.0316664353013039,LO_R
720575940621116807,720575940599729862,702560,315868,176720,702708,315880,176720,21436412,142.0,0.9999887943267819,1.36889312329913e-07,1.10281780507648e-05,2.45111020369393e-09,1.0538001894711e-11,7.86198606217425e-10,LO_R
720575940627768453,720575940599729862,699452,314528,177000,699360,314624,177000,21436939,100.0,0.0432866141200066,0.0299932826310396,0.9169471859931949,0.0069982046261429795,0.0004991485038772231,0.00227558822371066,LO_R
720575940627768453,720575940599729862,702964,315780,176960,703048,315824,176960,21436454,146.0,0.22780838608741802,0.311616063117981,0.4544991850852971,0.00555021641775966,1.3319820027391e-05,0.000512800994329155,LO_R
720575940626979621,720575940599729862,698028,317072,177800,697964,316972,177800,21437108,146.0,0.991835117340088,0.00736704468727112,0.000767719291616231,8.103883430976571e-08,1.6063144414602e-07,2.9835520763299397e-05,LO_R
720575940626979621,720575940599729862,698092,316872,178040,698008,316772,178040,21437146,139.0,0.350468397140503,0.646753251552582,0.000263610272668302,6.45235786578269e-07,1.8617353134686699e-06,0.00251227873377502,LO_R
720575940626979621,720575940599729862,697496,316976,178040,697528,316876,178040,21437170,135.0,0.21671169996261605,0.781244337558746,3.5887831472791704e-05,9.35725802264642e-06,4.293034180591349e-06,0.0019944265950471197,LO_R
720575940627768453,720575940599729862,699768,314048,177240,699660,313944,177280,21624622,154.0,0.0301256850361824,0.7757176756858829,0.0890272855758667,0.0907230451703072,0.0005347716505639259,0.0138715766370296,LO_R
720575940628307026,720575940599729862,699344,314036,176600,699412,314136,176560,21624473,135.0,0.997994303703308,0.0006338324747048321,0.0012465348700061401,5.58194005861878e-06,3.45224816555856e-06,0.00011621680459938899,LO_R
720575940633241937,720575940599729862,702540,311904,176680,702404,311860,176640,21624481,143.0,0.0181516036391258,0.965071082115173,0.00472079403698444,0.0104046771302819,0.000149771760334261,0.00150207965634763,LO_R
720575940605980262,720575940599729862,703028,313000,176640,703024,312880,176640,21626825,144.0,0.0022315876558423,0.959388613700867,0.000301201827824116,0.0215906500816345,1.3928189218859198e-05,0.0164740718901157,LO_R
720575940627768453,720575940599729862,700096,313812,177040,700064,313704,177080,21624545,146.0,0.0166440159082413,0.543099343776703,0.38147312402725203,0.0534248910844326,0.000138603674713522,0.0052200616337359,LO_R
720575940627768453,720575940599729862,701940,314288,177200,701968,314168,177200,21624587,176.0,0.0149093447253108,0.815193772315979,0.0840220600366592,0.0625383108854294,0.0013886822853237401,0.0219478420913219,LO_R
720575940636790158,720575940599729862,702188,314232,177880,702168,314120,177880,21624710,146.0,0.309324741363525,0.31738725304603604,0.3575490117073061,0.008614282123744491,0.0006849970668554309,0.0064397370442748104,LO_R
720575940630439106,720575940599729862,701600,312752,177880,701576,312864,177840,21624712,149.0,0.847009718418121,0.0005609869258478281,0.15170380473136902,1.19553305921727e-05,0.000420874246628955,0.000292707816697657,LO_R
720575940634615959,720575940599729862,706072,312812,177560,705992,312712,177560,21630520,71.0,0.0024818943347781897,0.9897790551185609,0.000448896607849747,0.00460218451917172,4.9351042434864195e-06,0.00268304557539523,LO_R
720575940634615959,720575940599729862,706504,312740,177920,706352,312812,177880,21630575,150.0,0.000658508623018861,0.9948179125785831,7.67171295592561e-05,0.00134187238290906,1.71629707779175e-07,0.00310487416572869,LO_R
720575940634615959,720575940599729862,705976,312948,177440,705896,313072,177400,21630478,144.0,0.0019723079167306397,0.985285937786102,0.0005101349088363349,0.0118315182626247,1.63853007961734e-06,0.000398500531446189,LO_R
720575940635858544,720575940599729862,701336,321688,177720,701372,321568,177720,22267595,142.0,0.0125531274825335,0.9586246609687809,0.0144887072965503,0.00840232707560062,6.51973095955327e-05,0.005865953862667079,LO_R
720575940622655702,720575940599729862,699376,321696,176480,699276,321712,176440,22269628,143.0,0.0013236373197287302,0.992611587047577,0.00044277517008595196,0.0054172114469111,3.72304867823914e-07,0.000204463096451946,LO_R
720575940622655702,720575940599729862,699464,321692,177200,699332,321632,177160,22267529,140.0,0.00209339521825314,0.9724096059799191,0.000582690059673041,0.0228178929537535,7.30770489099086e-06,0.00208908738568425,LO_R
720575940620578548,720575940599729862,701492,321448,177240,701448,321476,177320,22267552,139.0,0.0402353443205357,0.780607402324677,0.0839466154575348,0.0439342483878136,0.0031631519086659,0.0481131933629513,LO_R
720575940620578548,720575940599729862,699060,321096,176560,698968,321104,176600,22269654,166.0,0.0587446466088295,0.23639890551567103,0.6445232629776,0.0596974343061447,0.000168852100614458,0.00046688836300745596,LO_R
720575940621116807,720575940599729862,699028,322464,176960,698948,322516,177000,22269712,129.0,0.999998927116394,6.51765560633066e-07,4.30654353067439e-07,1.86181103867256e-09,9.28898191004945e-12,1.47861489718792e-09,LO_R
720575940622655702,720575940599729862,699240,321000,177080,699160,320996,177040,22269724,145.0,0.00043218964128755,0.998994290828705,4.6562954594264704e-06,0.000293752644211054,3.07202384419725e-07,0.00027478853007778504,LO_R
720575940622655702,720575940599729862,697480,320996,176760,697560,321052,176720,22269674,147.0,0.00853764824569225,0.9899700284004208,0.000584725406952202,0.000646144093479961,2.88971205009148e-06,0.000258676853263751,LO_R
720575940621116807,720575940599729862,699004,322560,176840,698932,322624,176840,22269692,141.0,0.9974234104156491,0.000800773326773196,0.00174940004944801,1.2097520993847901e-05,8.140691534208601e-07,1.35017835418694e-05,LO_R
720575940635858544,720575940599729862,698000,320908,177360,698016,321056,177320,22269751,104.0,0.000252608821028844,0.999125063419342,1.8266091217356e-07,0.000461742951301858,7.62693943556769e-08,0.000160352778038941,LO_R
720575940622655702,720575940599729862,699156,321164,177640,699052,321208,177640,22269790,149.0,0.00042469054460525496,0.97077888250351,0.00026910842279903596,0.0278993397951126,2.25302784429005e-07,0.000627863861154765,LO_R
720575940622655702,720575940599729862,701004,320768,178040,701112,320736,178040,22828695,143.0,0.0171676594763994,0.907764852046967,0.0450614914298058,0.0219254847615957,0.00015390010958071798,0.00792658422142267,LO_R
720575940622655702,720575940599729862,700172,319784,177040,700148,319640,177040,22828512,147.0,0.0111193479970098,0.9884825348854069,6.19817146798596e-05,1.11183489934774e-05,1.71156591477484e-06,0.00032327559893019503,LO_R
720575940622655702,720575940599729862,700860,320168,177480,700936,320136,177480,22828585,70.0,0.0343072675168514,0.9538934826850891,0.00384063995443285,0.00654758745804429,3.43846950272564e-05,0.00137672119308263,LO_R
720575940622773375,720575940599729862,704656,319308,176560,704660,319204,176560,22830405,120.0,0.00101144961081445,0.9278752207756039,0.000156604990479536,0.070050485432148,2.3560916417864104e-07,0.000905971333850175,LO_R
720575940622655702,720575940599729862,700028,319888,177520,699888,319892,177520,22828595,52.0,0.000719614152330905,0.9957756400108341,4.67833560833242e-05,0.00325269461609423,1.5282847698472303e-07,0.00020518137898761798,LO_R
720575940622773375,720575940599729862,704656,319320,176800,704712,319208,176800,22830446,144.0,0.00399726536124945,0.995367884635925,1.5088175132405e-05,7.39245224394836e-05,4.929922852170421e-07,0.0005453169578686361,LO_R
720575940622773375,720575940599729862,704540,319928,177280,704440,319928,177320,22830522,160.0,0.00130917190108448,0.9848021864891049,1.32841678350815e-05,0.0117039084434509,1.0060698514280398e-06,0.00217050220817327,LO_R
720575940626979621,720575940599729862,699888,319904,177840,699840,319768,177800,22828642,134.0,0.550841212272644,0.44785031676292403,0.00117961061187089,5.2528957894537605e-05,1.41023394917283e-06,7.485198148060591e-05,LO_R
720575940626979621,720575940599729862,700016,319824,177960,700032,319720,177960,22828678,155.0,0.253801941871643,0.741062104701996,0.00318904197774827,0.000255114486208186,0.000173245382029563,0.00151855568401515,LO_R
720575940622773375,720575940599729862,704612,319376,177520,704708,319360,177480,22830548,145.0,8.8091277575586e-05,0.9812908768653871,3.7176551614948e-08,0.0179264657199383,1.26166696645669e-07,0.000694427988491952,LO_R
720575940622773375,720575940599729862,704384,319384,177600,704324,319272,177640,22830558,150.0,6.91196783009218e-06,0.9974410533905029,3.1099300912274e-09,0.0025300742127001303,4.3356797319038494e-11,2.1980942619848102e-05,LO_R
720575940635858544,720575940599729862,698936,320484,177400,699020,320552,177360,22831128,140.0,0.23026292026042897,0.48580530285835294,0.10487596690654802,0.0246856138110161,0.0298611838370562,0.12450893223285699,LO_R
720575940632889645,720575940599459782,694612,310492,205440,694612,310400,205440,30100289,76.0,0.0872346013784409,0.58199268579483,0.206008806824684,0.0701604560017586,0.00677922088652849,0.0478241965174675,LOP_R
720575940596125868,720575940622955561,701740,263352,205080,701632,263276,205040,32020018,136.0,0.0345597676932812,0.738332390785217,0.0873267874121666,0.0106469625607133,0.0105417501181364,0.11859230697155,LO_R
720575940599459782,720575940614590429,682248,309152,191720,682192,309232,191680,56472373,143.0,0.00230068620294332,0.7674800753593449,0.0018698545172810602,0.22533793747425102,7.24839037502534e-06,0.00300420261919498,LO_R
720575940622674397,720575940599459782,680828,309568,191760,680860,309472,191720,56472377,137.0,0.18340516090393102,0.465194314718246,0.0492317527532578,0.27174586057663,0.0018098925938829801,0.0286129508167505,LO_R
720575940633773919,720575940599459782,682796,309336,191800,682788,309192,191800,56472382,157.0,0.0501880794763565,0.6742700338363651,0.172918677330017,0.014728968963027,0.0320898666977882,0.0558044128119946,LO_R
720575940622674397,720575940599459782,680484,310044,191880,680576,310148,191840,56472405,141.0,0.0386372022330761,0.0392627567052841,0.0040347883477807,0.917661488056183,5.47031231690198e-05,0.000349002075381577,LO_R
720575940639037006,720575940599459782,681460,310556,192720,681588,310508,192720,56472662,104.0,0.032740268856287,0.928516805171967,0.0102996248751879,0.0044146329164505,0.00243787560611963,0.0215908028185368,LO_R
720575940604782764,720575940599459782,681788,308592,191920,681900,308616,191920,56472419,131.0,0.202017366886139,0.405891299247742,0.14357678592205,0.0489204861223698,0.0836138799786568,0.11598017066717099,LO_R
720575940615078654,720575940599459782,682588,310512,193000,682472,310516,193000,56472721,147.0,0.0119115076959133,0.92612624168396,0.0430995635688305,0.00834025628864765,0.0009423501323908571,0.0095800319686532,LO_R
720575940615078654,720575940599459782,683320,310468,193120,683436,310388,193120,56472759,108.0,0.00640520732849836,0.927305400371552,0.0092267943546176,0.0119650671258569,0.00037434787373058503,0.0447232350707054,LO_R
720575940639037006,720575940599459782,681316,310560,192440,681188,310508,192440,56472546,88.0,0.141830757260323,0.854783535003662,0.000440297182649374,0.000331058021401986,6.64729595882818e-05,0.00254781218245625,LO_R
720575940508835775,720575940599459782,681344,310568,192480,681248,310516,192480,56472565,99.0,0.016886817291379,0.9773051738739009,0.00024044857127592003,0.00173720845486969,2.7143156330566897e-05,0.0038033095188438897,LO_R
720575940615078654,720575940599459782,683240,310468,192600,683404,310516,192560,56472608,138.0,0.0464568920433521,0.8650860786437992,0.0558755919337273,0.0125518953427672,0.000347950699506327,0.0196816734969616,LO_R
720575940608295726,720575940599459782,687252,310208,191720,687204,310184,191760,56489400,63.0,0.00180734368041158,0.9750158190727231,0.000151543703395873,0.0206149201840162,3.27359384755255e-06,0.00240713730454445,LO_R
720575940623554963,720575940599459782,689952,309252,192960,689956,309364,192960,56489628,115.0,0.23673222959041604,0.265240609645843,0.0104556251317263,0.46874976158142106,0.0036975359544158,0.0151242632418871,LO_R
720575940621294612,720575940599459782,689392,311060,192200,689320,311008,192120,56489482,124.0,0.5308207869529721,0.0017946682637557398,0.466298043727875,0.000903898617252708,1.8206010281573998e-05,0.000164406636031345,LO_R
720575940608295726,720575940599459782,686580,308768,191600,686560,308952,191640,56503659,84.0,0.0212366543710232,0.812218010425568,0.0321474112570286,0.130671963095665,0.00012188730033813001,0.0036041215062141397,LO_R
720575940621294612,720575940599459782,689632,311024,192240,689692,311080,192200,56489500,162.0,0.9721137881278991,2.1426207240438102e-05,0.0272376146167517,0.0006269543082453309,4.81146926745168e-08,2.31226437108489e-07,LO_R
720575940616515014,720575940599459782,677980,310728,191920,678088,310664,191880,56504109,135.0,0.29405924677848805,0.22473283112049103,0.398364335298538,0.00329766073264182,0.007913330569863321,0.0716325342655182,LO_R
720575940615078654,720575940599459782,686652,311804,192680,686588,311796,192640,56503835,121.0,0.231671258807182,0.716034591197968,0.0294978283345699,0.00611710781231523,0.00225864560343325,0.0144205270335078,LO_R
720575940634262684,720575940599459782,678920,311112,191600,679008,310984,191600,56504063,130.0,0.0358953513205051,0.900334000587463,0.0203611068427563,0.0214382447302341,0.00113540270831436,0.0208357982337475,LO_R
720575940626378896,720575940599459782,686280,309296,192080,686376,309200,192040,56503765,147.0,0.0037070370744913795,0.9234619140625,0.00159121421165764,0.0691730529069901,0.000104984683275688,0.00196169130504131,LO_R
720575940626979621,720575940599459782,686860,308672,192120,686712,308744,192080,56503770,143.0,0.197846084833145,0.801922380924225,0.00019452501146588502,1.85263288585702e-05,3.53138148057042e-07,1.8050197468255602e-05,LO_R
720575940621912948,720575940599459782,679440,310632,191760,679528,310708,191760,56504087,139.0,0.968113124370575,0.00087865861132741,0.0268444716930389,0.00202183611690998,0.000223875933443196,0.0019180459203198602,LO_R
720575940626653188,720575940599459782,677876,310120,192680,677912,310236,192680,56504251,134.0,0.0023961698170751303,0.9800209403038029,9.504641639068721e-05,0.0140895945951343,1.51167187141255e-05,0.0033832103945314897,LO_R
720575940624063669,720575940599459782,680544,309368,192880,680600,309464,192840,56504279,141.0,0.00138393347151577,0.9342250823974609,0.000165621473570354,0.0623194426298142,4.59462244180031e-05,0.0018599590985104398,LO_R
720575940602837714,720575940599729862,719624,316176,192360,719640,316040,192360,56964542,145.0,0.088140606880188,0.00750558124855161,0.882780611515045,0.0200499873608351,0.000821979250758886,0.000701209937687963,LOP_R
720575940630230376,720575940599729862,717720,316376,192280,717728,316444,192240,56964577,131.0,0.00615366920828819,0.8344098329544071,0.0126954978331923,0.13654536008834803,0.000181015057023615,0.0100145842880011,LOP_R
720575940636492151,720575940599729862,717872,316452,192960,717960,316468,192920,56964773,140.0,0.429011315107346,0.0116461850702763,0.555449604988098,0.00144871021620929,0.0013528636191040301,0.0010912986472249,LOP_R
720575940634262684,720575940599459782,678920,311484,191560,679048,311416,191560,57203364,155.0,0.0767111331224442,0.549311876296997,0.332205802202225,0.0368704907596111,0.000456813722848892,0.00444386433809996,LO_R
720575940634262684,720575940599459782,679328,312240,191720,679276,312144,191760,57203396,176.0,0.0248667746782303,0.7357990741729741,0.188942387700081,0.0352347940206528,0.000700672855600715,0.0144563755020499,LO_R
720575940630241239,720575940599459782,677512,311928,192720,677460,311840,192760,57203605,165.0,0.00011409235594328501,0.9934984445571899,4.815449869965961e-07,0.0057035302743315705,1.3332876847016498e-07,0.0006833555526100099,LO_R
720575940624063669,720575940599459782,681336,308032,192920,681288,307896,192920,57904534,142.0,0.0107465488836169,0.9890456199645999,2.4684644813532897e-05,8.62017623148859e-05,1.23687993891508e-06,9.57935772021301e-05,LO_R
720575940624063669,720575940599459782,681652,308100,192600,681664,308000,192560,57904424,155.0,0.00245396792888641,0.9445492625236508,0.000713055545929819,0.0518095679581165,9.60450324782869e-06,0.00046457635471597303,LO_R
720575940623554963,720575940599459782,684764,306956,191600,684768,307112,191600,57937265,142.0,0.0255284253507853,0.693015336990356,0.23014985024929002,0.00969485007226467,0.0104197654873133,0.0311918761581182,LO_R
720575940621116807,720575940599459782,684428,307752,192120,684496,307648,192120,57937353,141.0,0.999687790870667,0.000261681620031595,4.9064532504416995e-05,1.3542461374527201e-06,6.7906209544332804e-09,8.651611693721861e-08,LO_R
720575940599459782,720575940614590429,685460,307392,192840,685584,307428,192840,57937560,141.0,0.0161551460623741,0.9605510830879208,0.00703971600160003,0.0060790847055614,0.000159000788698904,0.0100159458816051,LO_R
720575940625702670,720575940599459782,685660,306944,193160,685632,307080,193160,57937643,142.0,0.9943565726280209,6.52401649858803e-05,0.00555606186389923,2.05840228773013e-06,2.08132360057789e-06,1.80388560693245e-05,LO_R
720575940627706398,720575940599729862,719304,322276,192680,719264,322368,192680,57977134,141.0,0.999286115169525,4.910160441795599e-06,6.60760815662798e-06,0.000702396559063345,2.18489315528814e-09,6.29028988896607e-08,LOP_R
720575940627706398,720575940599729862,719136,321780,192320,719052,321728,192320,57977022,148.0,0.31186923384666404,1.7853522876976102e-05,9.97933170765464e-07,0.68811160326004,2.95308701936392e-08,2.99028698691473e-07,LOP_R
720575940627706398,720575940599729862,717248,318056,191840,717188,317932,191840,58661401,132.0,0.9973709583282471,6.65880288579501e-05,0.0025552399456501,2.66739539256378e-06,9.08804693722232e-08,4.58948079540278e-06,LOP_R
720575940620341185,720575940599459782,687756,307188,194960,687812,307304,194960,60559812,137.0,0.212325274944305,0.0026747114025056397,0.7834354639053349,0.00049493636470288,0.000157758011482656,0.0009118281886912881,LO_R
720575940599459782,720575940630337019,682212,309036,191360,682128,309172,191360,61765324,152.0,0.00797283556312323,0.9567712545394901,0.00247392035089433,0.0255432482808828,0.000218719462282024,0.00701994355767965,LO_R
720575940621912948,720575940599459782,682024,309812,190240,681988,309904,190280,61765022,176.0,0.9938324689865109,0.000294084748020396,0.00584571901708841,1.27938319565146e-05,8.00681755208643e-06,6.87119654685375e-06,LO_R
720575940622674397,720575940599459782,680824,310044,190360,680936,310164,190360,61765056,118.0,0.0694072842597961,0.730950832366943,0.169997438788414,0.00340545689687133,0.0006724791601300241,0.025566466152668,LO_R
720575940622674397,720575940599459782,680264,310308,190440,680384,310348,190480,61765105,146.0,0.0364827550947666,0.862900674343109,0.0223695039749145,0.0621598996222019,0.00211064191535115,0.0139765311032534,LO_R
720575940615494303,720575940599459782,682992,309796,190480,683072,309900,190480,61765121,143.0,0.00320673012174666,0.989542365074158,1.9153081666445397e-05,0.0019359439611434897,3.96767745769466e-06,0.0052918312139809106,LO_R
720575940626979621,720575940599459782,686856,310384,190560,686740,310352,190520,61779883,138.0,0.8637730479240421,0.0504990257322788,0.0604010447859764,0.0125119099393487,0.000987365026958287,0.0118275303393602,LO_R
720575940623554963,720575940599459782,687888,308416,191160,687792,308488,191160,61780069,142.0,0.0159217268228531,0.893142819404602,0.0615853741765022,0.0127063998952508,0.000181768948095851,0.016462029889226,LO_R
720575940626979621,720575940599459782,686452,310280,190040,686492,310208,190040,61779786,141.0,0.0374943017959595,0.961952984333038,5.59238251298666e-05,2.48169926635455e-05,4.69495535071474e-06,0.000467294710688293,LO_R
720575940626979621,720575940599459782,687440,310532,190160,687400,310656,190160,61779830,74.0,0.16204950213432298,0.8349606990814209,0.0015534443082287901,4.5852571929572204e-05,1.86274519364815e-05,0.00137184618506581,LO_R
720575940622674397,720575940599459782,679812,311200,190760,679912,311228,190760,61793647,142.0,0.553509771823883,0.11108975112438198,0.0448391549289227,0.264001935720444,0.00534323509782553,0.021216144785285,LO_R
720575940626979621,720575940599459782,686800,310332,190360,686728,310256,190320,61779857,139.0,0.306665003299713,0.677025020122528,0.00705927424132824,0.000172306463355199,0.00043900933815166403,0.00863945577293634,LO_R
720575940622674397,720575940599459782,678376,310640,190840,678260,310644,190800,61793667,147.0,0.0164489634335041,0.886651694774628,0.0542978122830391,0.0219835061579943,0.000660384364891797,0.0199576281011105,LO_R
720575940626378896,720575940599459782,683832,308776,191560,683796,308900,191520,61793353,95.0,0.0557092390954495,0.538806259632111,0.336376458406448,0.0200559515506029,0.00406725658103824,0.0449847877025604,LO_R
720575940625702670,720575940599459782,684400,310112,190400,684384,310236,190360,61793153,57.0,0.719342648983002,0.0720466747879982,0.169069021940231,0.00859589967876673,0.014865661971271002,0.0160800814628601,LO_R
720575940625702670,720575940599459782,683560,309816,190720,683452,309856,190720,61793186,144.0,0.9123938083648678,0.00606190459802747,0.0679541453719139,0.011772240512073,0.000660487858112901,0.00115731498226523,LO_R
720575940590090702,720575940599459782,686176,310108,190920,686088,310056,190880,61793239,141.0,0.16088557243347198,0.839100003242493,4.09943453405504e-07,5.59391878596216e-07,5.09058466491297e-08,1.3310641406860699e-05,LO_R
720575940618752853,720575940599459782,685320,308272,190880,685416,308248,190960,61793256,149.0,0.594360530376434,0.233077079057693,0.10690517723560301,0.0422914773225784,0.00259650428779423,0.0207692701369524,LO_R
720575940618752853,720575940599459782,685192,308248,191040,685276,308248,191040,61793263,86.0,0.608864605426788,0.239813014864922,0.0957502350211144,0.008954036980867391,0.017663586884736997,0.0289545189589262,LO_R
720575940590090702,720575940599459782,686148,309980,191040,686084,309896,191040,61793265,142.0,0.17366276681423198,0.8263317346572879,1.2478935786930402e-06,3.53150596765772e-07,9.87004478147924e-10,3.98072324969689e-06,LO_R
720575940626979621,720575940599459782,684996,315104,190080,685024,315272,190080,62213537,144.0,0.425987482070923,0.573390781879425,0.00032114633359015,9.8715727290255e-06,2.0630543531297e-06,0.00028866823413409304,LO_R
720575940626979621,720575940599459782,683492,315464,190320,683600,315524,190360,62213550,144.0,0.997114181518555,0.00288424105383456,1.01728176105098e-06,6.88479246946372e-08,1.1663915167048301e-08,4.0225123143500204e-07,LO_R
720575940622674397,720575940599459782,682480,312300,190360,682576,312412,190320,62407450,175.0,0.0038902892265468797,0.922176480293274,0.000994543894194067,0.071232944726944,2.42140995396767e-05,0.00168156530708075,LO_R
720575940626979621,720575940599459782,682896,314256,190400,682872,314160,190360,62407459,159.0,0.00158018677029759,0.9980251789093021,1.42713099648972e-06,1.87231162271928e-05,3.22779470707246e-07,0.000374117924366146,LO_R
720575940626979621,720575940599459782,682856,314648,190720,682848,314528,190720,62407554,147.0,0.153188452124596,0.84610241651535,0.00012352476187516,0.000291581847704947,9.44433304539416e-06,0.00028457646840252004,LO_R
720575940622674397,720575940599459782,681800,312248,190840,681696,312320,190840,62407559,124.0,0.0309731904417276,0.9548770189285279,0.00275844009593129,0.00201627518981695,0.00018033922242466398,0.009194731712341309,LO_R
720575940626979621,720575940599459782,687336,311256,190560,687288,311336,190560,62423081,149.0,0.57100772857666,0.42866718769073503,5.1510385674191605e-05,0.000197323388420045,9.51924405967475e-08,7.61512346798554e-05,LO_R
720575940626979621,720575940599459782,683440,314088,190400,683416,313992,190400,62436524,153.0,0.194754242897034,0.805236279964447,6.91109846684412e-07,6.14050392755416e-08,2.59526400370191e-10,8.747656465857291e-06,LO_R
720575940626979621,720575940599459782,683880,314280,190000,683824,314172,190000,62436478,153.0,0.00910289958119392,0.990798830986023,7.986895411704609e-07,7.219688313853109e-07,1.37609220018931e-07,9.659703209763391e-05,LO_R
720575940626979621,720575940599459782,684020,314196,190040,684064,314080,190040,62436484,108.0,0.0038513438776135397,0.9961049556732181,3.96711214989409e-07,7.14241593868792e-07,3.67797383660218e-08,4.25970029027667e-05,LO_R
720575940603407328,720575940599459782,679248,311632,189920,679392,311580,189920,62436843,146.0,0.0045005171559751,0.9772959351539608,0.000556737766601145,0.0173326432704926,3.51586504621082e-06,0.00031070425757207004,LO_R
720575940622674397,720575940599459782,679720,311276,190880,679804,311368,190880,62437055,87.0,0.566375255584717,0.14605553448200198,0.24679554998874698,0.0257250517606735,0.00205180351622403,0.01299680583179,LO_R
720575940622674397,720575940599459782,679516,311256,191000,679540,311392,191000,62437064,151.0,0.0144279412925243,0.12792980670929,0.0342588908970356,0.8226957917213441,5.8319670642958995e-05,0.000629331916570663,LO_R
720575940619815559,720575940599459782,686096,305984,191280,685996,305920,191240,63126786,58.0,0.004042625427246089,0.980915486812592,4.15389258705545e-05,0.007297247648239141,1.7776375898392898e-05,0.0076852748170495,LO_R
720575940623554963,720575940599459782,685824,305480,191360,685716,305544,191320,63126806,71.0,0.446086049079895,0.201349839568138,0.33312305808067305,0.0135640343651176,0.000910605362150818,0.00496648345142603,LO_R
720575940623554963,720575940599459782,685920,307240,190840,685856,307292,190800,63126679,152.0,0.00391130894422531,0.8235039114952091,0.0110981874167919,0.16086676716804502,1.28295750982943e-05,0.000607000023592263,LO_R
720575940627706398,720575940599729862,715788,321800,190200,715880,321776,190280,63164514,128.0,0.9390345811843871,0.0332407020032406,0.0216268505901098,0.0054018460214138,0.000116857248940505,0.000579158309847117,LOP_R
720575940634612194,720575940599729862,715528,321000,190960,715448,320984,190880,63164652,176.0,0.9794051647186279,0.020513204857707,3.26440786011517e-05,3.908247890649361e-05,4.61144850305573e-07,9.33394585445058e-06,LOP_R
720575940631688588,720575940599729862,717548,321932,191200,717596,321852,191160,63165389,146.0,0.388518214225769,0.0310873072594404,0.551697850227356,0.016878753900528,0.005944394506514071,0.00587343703955412,LOP_R
720575940630493822,720575940599729862,712028,324996,189880,712108,324920,189880,63577646,144.0,0.436090260744095,0.251586616039276,0.303371250629425,0.0021701678633689898,0.00123663397971541,0.0055450433865189604,LOP_R
720575940635870874,720575940599729862,714436,324288,190160,714288,324260,190160,63594074,118.0,0.0471428446471691,0.746128261089325,0.159848526120186,0.00477944128215313,0.0043369815684855,0.0377640090882778,LOP_R
720575940641295568,720575940599729862,714504,325264,190200,714420,325268,190160,63594090,155.0,0.8227896690368649,0.0087584163993597,0.163885340094566,0.00129435874987394,0.0009848681511357429,0.00228742929175496,LOP_R
720575940637872105,720575940599729862,720244,317868,190880,720144,317944,190880,63762745,155.0,0.231952041387558,0.573194146156311,0.14252021908760099,0.0337851382791996,0.00813374388962984,0.0104147559031844,LOP_R
720575940646150435,720575940599729862,719500,318088,191000,719496,318168,191000,63762795,140.0,0.0140228299424052,0.928347945213318,0.0162197519093752,0.007659389637410641,0.00314085255376995,0.0306092333048582,LOP_R
720575940629403639,720575940599729862,714784,318756,190040,714808,318860,190000,63783636,153.0,0.12033009529113799,0.0331745818257332,0.839783549308777,0.0003435903636273,0.00268363323993981,0.00368457869626582,LOP_R
720575940467484006,720575940599729862,715324,319956,190440,715288,320016,190320,63783715,64.0,0.0697548016905785,0.264780640602112,0.448099166154861,0.02264204621315,0.0473695918917656,0.14735372364521,LOP_R
720575940602584786,720575940599729862,717088,318132,191480,717116,318024,191520,63784506,146.0,0.548209965229034,0.0763899609446526,0.278745472431183,1.6326623153872798e-05,0.0964491218328476,0.000189173442777246,LOP_R
720575940602578898,720575940599729862,718092,318240,191040,718020,318172,191040,63784440,140.0,0.17634338140487696,0.006873855832964179,0.8152477145195011,0.000790540885645896,0.000171093997778371,0.000573383702430874,LOP_R
720575940634612194,720575940599729862,719164,318000,191160,719272,317992,191160,63784462,144.0,0.997380077838898,0.000753117608837783,0.00184929743409157,4.12393683291157e-06,1.64412870162778e-06,1.1689239727275e-05,LOP_R
720575940627706398,720575940599729862,718084,317844,191280,717956,317936,191280,63784477,113.0,0.630503296852112,0.20096002519130698,0.0916855335235596,0.0036422600969672203,0.0282127801328897,0.0449961721897125,LOP_R
720575940602584786,720575940599729862,717260,318220,191400,717268,318068,191320,63784483,129.0,0.6947008371353149,0.0324609987437725,0.24424913525581401,0.000216954824281856,0.0273041371256113,0.00106791406869888,LOP_R
720575940617890777,720575940599704006,718404,328076,186600,718372,327964,186600,67075483,145.0,0.156289756298065,0.320735365152359,0.291583657264709,0.00273323920555413,0.224313378334045,0.00434459699317813,LOP_R
720575940622366218,720575940599704006,714472,329748,187760,714504,329672,187760,67091638,134.0,0.0204324908554554,0.7662396430969242,0.157605916261673,0.0347756892442703,0.000330095906974748,0.0206161290407181,LOP_R
720575940641295568,720575940599704006,712224,329816,187120,712168,329704,187080,67091434,141.0,0.20537327229976698,0.11082211881875999,0.630871832370758,0.0134600382298231,0.00724730174988508,0.0322253815829754,LOP_R
720575940634612194,720575940599704006,712776,330180,186720,712856,330080,186720,67091325,141.0,0.9677118062973019,0.0024539043661207,0.0295573063194752,0.00012830813648179198,3.4957800380652804e-05,0.00011379378702258701,LOP_R
720575940634612194,720575940599704006,713948,329400,187040,714068,329636,186960,67091383,64.0,0.9312267899513241,0.0320630185306072,0.0303192120045423,0.000617691257502884,0.00102565577253699,0.0047477274201810395,LOP_R
720575940579211442,720575940599704006,714892,329344,188040,714800,329320,188040,67091707,144.0,0.0130371525883675,0.8557903170585629,0.0652282685041428,0.057929664850235006,0.000177766967681237,0.00783687364310026,LOP_R
720575940629500663,720575940599704006,716520,327696,188120,716656,327576,188160,67092275,69.0,0.0931071788072586,0.00163775309920311,0.904790997505188,0.00016313984815497,4.19324751419481e-05,0.000258972053416073,LOP_R
720575940579211442,720575940599704006,714832,329940,187400,714744,329944,187360,67092117,73.0,0.0334636084735394,0.006462081801146271,0.9352141618728641,0.00217359932139516,0.0222207736223936,0.00046579624176956697,LOP_R
720575940610619182,720575940599704006,716504,327484,187840,716448,327568,187800,67092172,111.0,0.0394770354032516,0.004472442436963321,0.953488945960999,0.0004991675959900019,0.000496260123327374,0.00156609306577593,LOP_R
720575940622305541,720575940599729862,710680,324532,187840,710656,324400,187840,67765974,148.0,0.34159913659095803,0.0372741259634495,0.575548052787781,0.0009581320919096471,0.0111318603157997,0.0334886945784092,LOP_R
720575940647891844,720575940599729862,710688,323940,187880,710732,324052,187880,67765989,142.0,0.133773848414421,0.0133169982582331,0.841625273227692,0.0076985601335763905,0.0014430251903832,0.00214231107383966,LOP_R
720575940627706398,720575940599704006,719948,322576,187800,720056,322544,187800,67765483,140.0,0.822020530700684,0.0874258875846863,0.0226944293826818,0.0655098855495453,0.000228645396418869,0.00212056864984334,LOP_R
720575940619181988,720575940599704006,719692,322452,188080,719648,322592,188040,67765554,144.0,0.285515159368515,0.00189558789134026,0.705927729606628,3.4914233992822103e-07,0.00659137219190598,6.976028817007321e-05,LOP_R
720575940627706398,720575940599704006,719808,323440,188080,719756,323408,188080,67765571,145.0,0.212174132466316,0.536928355693817,0.20117902755737302,0.00504916068166494,0.0118868267163634,0.0327824354171753,LOP_R
720575940634612194,720575940599704006,717676,326352,186680,717612,326440,186680,68219707,67.0,0.992889523506165,0.00239601265639067,0.0043720337562263,0.00025303207803517596,1.5337271179305403e-05,7.39508250262588e-05,LOP_R
720575940636492151,720575940599729862,713168,321192,188080,713264,321204,188040,68409587,162.0,0.19443579018116,0.00201576272957027,0.8026884198188778,8.57727936818264e-05,0.000373727729311213,0.00040051864925772,LOP_R
720575940637872105,720575940599729862,713952,320520,187640,713856,320492,187680,68409488,147.0,0.478061378002167,0.00930613838136196,0.507784605026245,0.0015369011089205699,0.000353582698153332,0.0029574101790785803,LOP_R
720575940647731764,720575940599729862,704896,310680,179200,704956,310848,179200,108902152,123.0,0.0110024269670248,0.0244457572698593,0.9626387357711791,0.00129950337577611,1.34742758746143e-05,0.000600183557253331,LO_R
720575940626979621,720575940599729862,700972,314672,178960,700708,314664,179000,109283351,136.0,0.19755415618419603,0.8016740083694459,4.48642822448164e-05,0.000110446402686648,4.18994477513479e-06,0.000612326781265438,LO_R
720575940636790158,720575940599729862,701760,316376,178760,701756,316460,178800,109283319,141.0,0.907771229743958,0.0854678973555565,0.00646690744906664,2.5619687221478698e-05,6.44931697024731e-06,0.000261843175394461,LO_R
720575940647336068,720575940599729862,704032,316016,178120,704080,316144,178160,109285392,146.0,0.00474819960072637,0.9926922917366031,0.000864202796947211,0.0008969411137513821,3.4718677852652e-06,0.000794961117208004,LO_R
720575940636790158,720575940599729862,701504,316188,179280,701456,316312,179240,109283413,140.0,0.0651598125696182,0.9113346934318539,0.00980326626449823,0.013352220878005,1.0127002497029e-05,0.00033988626091741,LO_R
720575940626979621,720575940599729862,701960,314552,179280,702048,314552,179280,109283415,131.0,0.0704570636153221,0.844056248664856,0.029108764603734,0.0117150004953146,0.00329802837222815,0.0413649193942547,LO_R
720575940636790158,720575940599729862,702104,314552,179400,702072,314648,179400,109283432,145.0,0.0973226428031921,0.6491475105285639,0.174394145607948,0.0154674630612135,0.00782313384115696,0.0558451488614082,LO_R
720575940605980262,720575940599729862,704832,317140,179480,704736,317228,179480,109285600,108.0,0.0061067785136401705,0.940789639949799,0.00264102197252214,0.0314926467835903,6.55519761494361e-05,0.0189045090228319,LO_R
720575940637734768,720575940599729862,704528,317384,179640,704388,317312,179600,109285615,142.0,0.932911217212677,0.00291274627670646,0.0639766752719879,7.5970878242515e-05,1.5346107829827802e-05,0.00010810404637595601,LO_R
720575940626804825,720575940599729862,697464,316440,178560,697584,316440,178560,109286000,64.0,0.100397028028965,0.704138338565826,0.0314706899225712,0.0107329934835434,0.00534706329926848,0.14791394770145402,LO_R
720575940626979621,720575940599729862,697120,315628,178400,697192,315680,178360,109285947,159.0,0.617592692375183,0.361794859170914,0.00990112125873566,0.00400735298171639,7.58365567889996e-05,0.00662815617397428,LO_R
720575940630439106,720575940599729862,702368,316776,179040,702472,316744,179040,109285529,143.0,0.99973338842392,1.5817488474567699e-07,0.000266434682998806,8.26639867668177e-10,1.1194851712303898e-09,1.18840199903048e-08,LO_R
720575940626979621,720575940599729862,698272,316680,178760,698304,316616,178720,109286053,149.0,0.0216350257396698,0.978329956531525,1.95244592759991e-06,1.9219514513224601e-07,4.54189788001713e-08,3.2866246328921995e-05,LO_R
720575940626979621,720575940599729862,698392,316616,178920,698436,316544,178920,109286082,149.0,0.0525130592286587,0.9463694095611569,3.88545158784837e-05,3.92278052459005e-05,4.42002738054725e-06,0.00103509868495166,LO_R
720575940626979621,720575940599729862,698968,316708,179040,698944,316600,179000,109286100,148.0,0.7623555064201359,0.23108926415443398,0.0060226465575397,4.90067977807485e-05,5.6941342336358496e-05,0.000426713813794777,LO_R
720575940627768453,720575940599729862,703160,316460,179320,703052,316512,179280,109285564,144.0,0.000812321493867785,0.9182692170143131,0.0188689921051264,0.060112226754427005,8.08148797659669e-06,0.00192917417734861,LO_R
720575940626979621,720575940599729862,698032,315792,179440,698144,315692,179400,109286176,139.0,0.995239973068237,0.000620858569163829,0.0040704268030822294,1.17393965410884e-05,3.79476159650949e-06,5.3152754844632e-05,LO_R
720575940626979621,720575940599729862,697352,316124,179520,697344,316200,179520,109286193,83.0,0.7672737240791321,0.22987881302833602,0.00207330216653645,7.5765469773614305e-06,9.51037236518459e-06,0.000757091445848346,LO_R
720575940633241937,720575940599729862,706428,314108,179760,706464,314260,179760,109289013,139.0,0.0029655951075255897,0.984869956970215,0.0033093104138970397,0.00562431989237666,2.0440720618353198e-05,0.00321040232665837,LO_R
720575940636790158,720575940599729862,702452,313828,178480,702368,313676,178520,109488757,132.0,0.0156068801879883,0.879568159580231,0.0487677715718746,0.0363416485488415,0.00024147430667653702,0.0194741189479828,LO_R
720575940636790158,720575940599729862,702092,313608,178880,701992,313560,178840,109488830,136.0,0.0380821600556374,0.48116150498390203,0.437961935997009,0.0202424377202988,0.000598129059653729,0.0219538230448961,LO_R
720575940636790158,720575940599729862,702080,314272,178200,701996,314196,178200,109488713,148.0,0.781093776226044,0.0460107028484345,0.169780567288399,0.0013624684652313599,7.55687797209248e-05,0.0016768864588812,LO_R
720575940626979621,720575940599729862,701948,311756,179400,701816,311644,179360,109488890,89.0,0.9637496471405029,0.0360715314745903,8.98088910616934e-05,1.7718019051926597e-08,1.36522388061167e-07,8.88681242940947e-05,LO_R
720575940626979621,720575940599729862,701952,311952,179560,701984,312116,179520,109488918,132.0,0.505781590938568,0.49213430285453796,0.00060868461150676,0.000354303221683949,5.69477015233133e-06,0.00111545319668949,LO_R
720575940626979621,720575940599729862,701256,311512,179600,701324,311528,179600,109488922,140.0,0.68659633398056,0.27737486362457303,0.0262026414275169,0.00158196815755218,0.00103039457462728,0.00721379881724715,LO_R
720575940626979621,720575940599729862,701840,311904,179680,701920,312016,179680,109488956,65.0,0.8271023631095891,0.14955119788646698,0.00199583312496543,5.8815010561375e-05,0.000811206409707665,0.0204804949462414,LO_R
720575940622283274,720575940599729862,703616,311560,178360,703700,311664,178320,109491115,75.0,0.9115424752235409,0.0038705857004970295,0.0814198181033134,0.000441555283032358,0.00161296618171036,0.0011127487523481302,LO_R
720575940621116807,720575940599729862,703200,313060,179120,703240,312976,179080,109491243,137.0,0.9955026507377621,0.0031620883382856802,0.00124864524696022,3.8041438529035104e-05,1.87611681212729e-06,4.66146375401877e-05,LO_R
720575940636790158,720575940599729862,703524,313872,179120,703644,313848,179160,109491249,137.0,0.232040539383888,0.7037938833236691,0.0623335652053356,0.0005879455711692571,3.6655979783972705e-05,0.0012073700781911599,LO_R
720575940626979621,720575940599729862,702536,311820,179400,702456,311956,179400,109491311,95.0,0.00942669901996851,0.9905526638031009,1.0520751381193399e-08,6.65572699176664e-08,7.077930241905509e-09,2.0579380361596102e-05,LO_R
720575940633241937,720575940599729862,704232,312356,178680,704176,312448,178640,109491180,139.0,0.00515083642676473,0.6384232640266421,0.322149395942688,0.0302738193422556,4.66725941805635e-05,0.0039559970609843705,LO_R
720575940606216480,720575940599729862,698924,313924,179160,699004,313856,179120,109491999,147.0,0.0126091539859772,0.7361068725585941,0.135153979063034,0.0425867028534412,0.00568283023312688,0.0678604394197464,LO_R
720575940633241937,720575940599729862,706560,313184,179600,706680,313160,179600,109494926,139.0,0.0433008745312691,0.546681523323059,0.35024276375770597,0.0163058377802372,0.0030119486618787,0.0404570177197456,LO_R
720575940622655702,720575940599729862,701436,321576,178480,701568,321536,178440,110185670,103.0,0.828619122505188,0.0257588941603899,0.143924206495285,0.000310080882627517,0.00014622557500843,0.0012414254015311599,LO_R
720575940622655702,720575940599729862,701140,320992,178160,701296,320964,178160,110185635,85.0,0.0574200823903084,0.691008627414703,0.207293659448624,0.0280538480728865,0.00112190656363964,0.0151017867028713,LO_R
720575940622655702,720575940599729862,701576,321236,179120,701500,321104,179120,110185745,130.0,0.0231129117310047,0.969634115695953,0.0040714894421398605,0.00220593088306487,2.66211809503147e-05,0.00094899523537606,LO_R
720575940622655702,720575940599729862,701488,321360,179120,701368,321292,179120,110185747,99.0,0.0110669704154134,0.9754034280776981,0.00497567187994719,0.0074505927041173,1.43804772960721e-05,0.00108895183075219,LO_R
720575940622773375,720575940599729862,702692,318060,178120,702704,317972,178120,110789254,138.0,0.00408485438674688,0.7855035662651059,0.0007137921056710179,0.195498734712601,8.459672244498509e-05,0.0141145186498761,LO_R
720575940626979621,720575940599729862,697544,317444,178440,697424,317516,178400,110789573,144.0,0.998076438903809,0.00175929930992425,8.75301120686345e-05,4.96272650707397e-06,8.80581637829891e-07,7.08140432834625e-05,LO_R
720575940609006857,720575940599729862,704948,318688,178200,704888,318764,178200,110789274,144.0,0.0059618977829814,0.964324533939362,0.00112518866080791,0.0154221141710877,4.75909255328588e-05,0.0131186647340655,LO_R
720575940609006857,720575940599729862,704840,318620,178320,704720,318664,178320,110789288,133.0,0.00575161073356867,0.91800856590271,0.000624531821813434,0.0176297463476658,0.000389692111639306,0.0575958676636219,LO_R
720575940622451466,720575940599729862,703036,317832,179600,703088,317940,179560,110789377,142.0,0.966017484664917,0.00988244730979204,0.024017347022891003,5.5311851610895206e-05,1.28443195990258e-06,2.6219873689115e-05,LO_R
720575940617387035,720575940599729862,698852,318136,178480,698864,318028,178480,110789595,78.0,0.0162347424775362,0.8260478973388671,0.066951297223568,0.0442459248006344,0.00367167755030096,0.0428484752774239,LO_R
720575940622276106,720575940599729862,703624,320088,178360,703552,320016,178360,110789304,112.0,0.0203590095043182,0.8739048838615421,0.0228280201554298,0.0184989422559738,0.00495792273432016,0.0594512484967709,LO_R
720575940637734768,720575940599729862,703916,319336,178680,703896,319208,178680,110789330,142.0,0.7970932722091679,0.0227948594838381,0.174655064940453,0.00145375297870487,0.000499885820318013,0.00350318243727088,LO_R
720575940626804825,720575940599729862,698324,318100,178560,698416,318116,178600,110789624,71.0,0.0021027063485235,0.9931681156158451,0.00036960223224014,0.00234046927653253,3.46310343957157e-06,0.00201568729244173,LO_R
720575940626804825,720575940599729862,698300,318184,178720,698392,318144,178800,110789642,77.0,0.0187852084636688,0.9576692581176759,0.004743839148432021,0.0175782702863216,4.6305129217216704e-05,0.00117717892862856,LO_R
720575940626979621,720575940599729862,698816,317756,179200,698752,317820,179240,110789692,141.0,0.741995453834534,0.211065113544464,0.0112822819501162,0.0110945040360093,0.00333171407692134,0.0212308652698994,LO_R
720575940626979621,720575940599729862,698204,317524,179440,698228,317632,179400,110789716,143.0,0.999872803688049,6.92828107276e-05,5.2690444135805605e-05,1.3194894954438001e-08,1.45343392432551e-07,5.07134063809644e-06,LO_R
720575940626979621,720575940599729862,698056,317556,179600,698080,317664,179560,110789729,139.0,0.999858140945435,0.00013139740622136699,7.83277755544987e-06,4.01814886918928e-10,5.6891924060664705e-08,2.4860191842890302e-06,LO_R
720575940617651156,720575940599704006,703276,316420,173080,703204,316576,173080,113117077,135.0,0.0401137694716454,0.0386486649513245,0.8855633735656742,0.0339975729584694,0.00016714794037398,0.00150942674372345,LO_R
720575940622773375,720575940599729862,701152,316944,173920,701116,317004,173960,113115087,148.0,0.11046660691499699,0.8715627789497379,0.0113503579050303,0.006347390823066229,7.119198471627901e-06,0.000265703507466242,LO_R
720575940626979621,720575940599704006,701288,317220,174320,701372,317180,174320,113115142,103.0,0.32092350721359303,0.674802541732788,0.0024953864049166398,0.00099613715428859,5.528017936740071e-06,0.000776893983129412,LO_R
720575940622773375,720575940599729862,701532,316548,173440,701660,316524,173440,113115020,74.0,0.0037966438103467204,0.988298416137695,0.000340375234372914,0.0072215315885841794,1.63937431807426e-06,0.00034131295979022996,LO_R
720575940626979621,720575940599704006,701536,317272,174560,701640,317280,174560,113115190,159.0,0.998829424381256,0.00104081339668483,0.00012248677376192098,1.0528109051222099e-08,1.04330226236016e-07,7.077253485476829e-06,LO_R
720575940626979621,720575940599704006,701708,317552,174560,701768,317448,174600,113115200,129.0,0.427821040153503,0.31707802414894104,0.212001517415047,0.00522716855630279,0.00805071741342545,0.0298215206712484,LO_R
720575940627342408,720575940599729862,703144,316920,173920,703088,317008,173920,113117201,113.0,0.060379933565855005,0.712408721446991,0.0136711494997144,0.21280962228775,1.4050008758204098e-05,0.000716504699084908,LO_R
720575940620578548,720575940599729862,696864,316152,174160,696960,316096,174160,113117923,126.0,0.515946805477142,0.09801996499299999,0.353574216365814,0.028572728857398002,0.000566198024898768,0.00332006881944835,LO_R
720575940637734768,720575940599729862,698484,317144,174200,698468,317024,174160,113117928,134.0,0.9660637974739079,0.000215133346500806,0.0336420089006424,6.9691137468908e-05,1.15322131932771e-06,8.22881884232629e-06,LO_R
720575940627342408,720575940599729862,703960,315744,174480,703884,315636,174520,113117344,68.0,0.0835484117269516,0.508237183094025,0.000820600194856525,0.000231715777772479,0.00479286536574364,0.4023692011833189,LO_R
720575940622276106,720575940599729862,704712,312884,174680,704708,313000,174680,113324263,138.0,0.0112071130424738,0.8409805893898009,0.00212395354174077,0.0103482529520988,0.00115937937516719,0.134180754423141,LO_R
720575940630084316,720575940599729862,705768,313340,174480,705720,313408,174520,113327972,88.0,0.0287772566080093,0.7331194877624508,0.108794264495373,0.0370554998517036,0.00336357089690864,0.0888900011777878,LO_R
720575940626979621,720575940599704006,701496,322200,173480,701360,322120,173480,114024872,147.0,0.994746744632721,0.0047754263505339605,0.000367973989341408,1.35319476157747e-06,6.34431614798814e-07,0.000107884858152829,LO_R
720575940619685717,720575940599704006,701164,322576,173520,701164,322696,173520,114024877,63.0,0.126674592494965,0.8551757335662841,0.0137650500983,0.0025539498310536103,2.6509314920986102e-05,0.0018040962750092199,LO_R
720575940621116807,720575940599704006,700656,320692,174360,700536,320676,174320,114025070,142.0,0.0740348547697067,0.630933344364166,0.10198613256216099,0.191138029098511,0.000289793679257855,0.00161781359929591,LO_R
720575940619685717,720575940599704006,701108,322400,173600,701048,322256,173640,114024914,62.0,0.35931536555290206,0.6222579479217529,0.0174366179853678,0.00011711938714142901,5.5709429034323e-06,0.00086740794358775,LO_R
720575940626979621,720575940599704006,700732,323368,174480,700664,323400,174480,114025095,140.0,0.976287961006165,0.0128657566383481,0.00397929828613997,0.0037468597292900103,8.2140599261038e-05,0.0030379421077668697,LO_R
720575940619685717,720575940599704006,701168,321460,173800,701084,321388,173720,114024962,105.0,0.0106244878843427,0.9822363853454591,0.00224158819764853,0.00167308677919209,0.000136786402435973,0.0030877620447427,LO_R
720575940619685717,720575940599704006,702304,323328,173800,702404,323236,173800,114027553,143.0,0.0155457248911262,0.973078012466431,0.0012499007862061301,0.00764245493337512,5.42925408808515e-05,0.00242963922210038,LO_R
720575940619734151,720575940599704006,703956,323096,173120,703884,323000,173080,114027407,145.0,0.00594045268371701,0.917985081672668,0.0316087827086449,0.0437884852290154,4.35269612353295e-06,0.00067284656688571,LO_R
720575940619734151,720575940599704006,705052,323452,173920,705128,323400,173960,114027622,67.0,0.0072969482280314,0.867433726787567,0.0371160283684731,0.0673428252339363,0.00022560065553989302,0.0205848962068558,LO_R
720575940617931604,720575940599704006,702420,322672,174000,702488,322764,174000,114027643,121.0,0.0307093039155006,0.963478326797485,0.000490258273202926,0.00516908289864659,2.4817841222102297e-06,0.00015041476581245701,LO_R
720575940617931604,720575940599704006,704728,322328,174200,704652,322240,174200,114027686,137.0,0.0222029145807028,0.973430335521698,0.000345141248544678,0.0012397583341226,1.79232119990047e-05,0.00276395841501653,LO_R
720575940619685717,720575940599704006,703260,321248,174360,703160,321144,174320,114027715,159.0,0.105490505695343,0.681037604808807,0.195900157094002,0.0105690211057663,0.000811640755273402,0.00619106134399772,LO_R
720575940608822281,720575940599729862,698600,322192,174000,698484,322184,174040,114028433,77.0,0.0305531527847052,0.962627112865448,0.000494346604682505,0.00601113401353359,1.25575365927944e-06,0.000312901102006435,LO_R
720575940621116807,720575940599729862,696560,320952,174280,696672,320964,174280,114028467,139.0,0.9998261332511899,8.62519736983813e-05,6.71412126393989e-05,1.76098801603075e-05,1.99267475409215e-07,2.7389471597416597e-06,LO_R
720575940608822281,720575940599729862,698708,322040,174320,698644,321972,174320,114028482,127.0,0.00170291413087398,0.9892365336418149,4.8518078983761404e-05,0.0018977839499712,1.35211291762971e-06,0.0071129547432065,LO_R
720575940627643005,720575940599704006,699764,324924,173080,699688,324992,173080,114455657,145.0,0.0727362409234047,0.13105794787406902,0.790355622768402,0.00157581409439445,0.000939639809075743,0.00333465449512005,LO_R
720575940619734151,720575940599704006,702368,323768,173200,702296,323832,173200,114457590,142.0,0.0863083600997925,0.0228579919785261,0.8806933760643009,0.007518819067627191,0.00051884597633034,0.0021026716567575897,LO_R
720575940627174415,720575940599704006,704352,325132,173240,704496,325112,173240,114457610,90.0,0.000916224089451134,0.995428204536438,4.59909642813727e-06,0.00122387625742704,2.9658731364179403e-06,0.0024240748025476898,LO_R
720575940619685717,720575940599704006,701376,324652,173920,701264,324688,173920,114455755,144.0,0.000855627993587405,0.92633181810379,0.0008213503751903769,0.0703943595290184,2.1446196569741e-06,0.0015948461368679998,LO_R
720575940593798028,720575940599704006,700204,325024,174000,700224,324980,173960,114455768,144.0,0.16593335568904902,0.735243380069733,0.0286035910248756,0.0654820129275322,0.000142441349453293,0.00459519634023309,LO_R
720575940629939516,720575940599704006,704988,324736,173520,704884,324764,173520,114457655,139.0,0.0151833752170205,0.7974041104316708,0.151599287986755,0.0293746311217546,0.000142079166835174,0.00629655923694372,LO_R
720575940629939516,720575940599704006,704880,324552,173440,704744,324480,173440,114457660,141.0,0.000207399571081623,0.824909329414368,0.00022453250130638502,0.17428644001483898,1.06974518132574e-07,0.000372188427718356,LO_R
720575940629939516,720575940599704006,703528,324544,173400,703644,324540,173440,114457661,145.0,0.0226585101336241,0.8984219431877141,0.0229618493467569,0.0365290902554989,0.0009537870646454391,0.0184748210012913,LO_R
720575940627174415,720575940599704006,704356,325056,173400,704416,324996,173440,114457663,114.0,0.00211378093808889,0.99335503578186,1.85274984687567e-05,0.000556895742192864,2.18936179408047e-06,0.00395356584340334,LO_R
720575940629939516,720575940599704006,705040,324436,173480,705004,324308,173480,114457673,130.0,0.00477929087355733,0.9531400799751278,0.00475047389045358,0.028853889554739,1.76009925780818e-05,0.008458727970719341,LO_R
720575940617931604,720575940599704006,702852,324220,173880,702700,324112,173800,114457717,121.0,0.0029899233486503397,0.882421255111694,0.0016804258339107,0.11193084716796901,1.09272641566349e-05,0.0009666333789937199,LO_R
720575940626979621,720575940599704006,701312,324672,174360,701180,324752,174320,114455817,144.0,0.9596459865570072,0.0202244240790606,0.00584169244393706,0.00994240865111351,0.0018680457724258301,0.0024774638004601,LO_R
720575940626979621,720575940599704006,700928,324696,174320,700992,324776,174320,114455819,96.0,0.9861052632331851,0.00810927152633667,0.00410225475206971,0.00075798766920343,0.000155994654051028,0.000769231410231441,LO_R
720575940626979621,720575940599704006,701596,324528,174360,701604,324456,174360,114455826,67.0,0.0785466879606247,0.9194873571395871,0.00045711896382272195,0.0005805718828924,1.30211674331804e-05,0.000915237178560346,LO_R
720575940395439725,720575940599704006,700888,324664,174480,700936,324756,174520,114455849,83.0,0.9104632735252379,0.011402883566916001,0.0555283240973949,0.0102539723739028,0.00314607913605869,0.00920538045465946,LO_R
720575940622666503,720575940599704006,701920,323968,174640,701932,324072,174680,114455863,142.0,0.9992734789848331,2.35456582231564e-06,0.000723107077647001,2.1270969341458102e-07,9.466619843578882e-08,7.860046480345769e-07,LO_R
720575940619685717,720575940599704006,702296,324120,173960,702400,324116,173960,114457735,147.0,0.0305361673235893,0.9566121101379391,0.00333007494919002,0.00666173128411174,5.559731289395129e-05,0.00280431751161814,LO_R
720575940619734151,720575940599704006,704852,324408,174320,704880,324532,174320,114457757,144.0,0.00210921699181199,0.9082766771316529,0.0010749846696853599,0.0883648246526718,1.09077711840655e-06,0.000173252657987177,LO_R
720575940619734151,720575940599704006,704952,324276,174480,705000,324436,174520,114457779,107.0,0.11848307400941802,0.647941887378693,0.21466475725173897,0.009820151142776009,0.000386323954444379,0.008703790605068209,LO_R
720575940635196528,720575940599704006,705828,324328,174720,705740,324264,174680,114457788,149.0,0.999852538108826,5.3574516641674604e-05,8.8384811533615e-05,7.56208692109794e-07,4.42615331053275e-08,4.64073218608974e-06,LO_R
720575940619685717,720575940599704006,700160,320352,173080,700180,320504,173120,114642623,124.0,0.0144183365628123,0.9552350044250492,0.0147792296484113,0.0108971055597067,7.83084178692661e-05,0.00459199538454413,LO_R
720575940612507890,720575940599704006,702008,318880,173320,702028,318740,173280,114642680,138.0,0.0164101794362068,0.896242380142212,0.03357058390975,0.0320577248930931,0.00121482252143323,0.020504355430603003,LO_R
720575940609006857,720575940599729862,699536,319392,174640,699628,319436,174680,114642907,145.0,0.0142431445419788,0.9093935489654541,0.03701251745224,0.0174219738692045,0.000355314172338694,0.0215734429657459,LO_R
720575940622773375,720575940599729862,699444,318480,173360,699396,318236,173400,114642711,82.0,0.0109287016093731,0.926972806453705,0.00202898564748466,0.0181941203773022,5.82637258048635e-05,0.0418171733617783,LO_R
720575940637734768,720575940599729862,700536,319328,173160,700680,319304,173160,114642644,141.0,0.982389688491821,0.00015880000137258302,0.0172880217432976,7.150015881052241e-05,9.66604420682415e-06,8.22214133222587e-05,LO_R
720575940609006857,720575940599729862,699940,319008,173520,699916,319196,173520,114642730,119.0,0.0402021892368794,0.7641894817352299,0.141835480928421,0.0381609387695789,0.000511383346747607,0.0151004567742348,LO_R
720575940609006857,720575940599729862,699768,318952,173600,699688,319048,173560,114642740,62.0,0.117340505123138,0.6978901028633121,0.0797564759850502,0.0726274326443672,0.0017467787256464401,0.0306387878954411,LO_R
720575940622773375,720575940599729862,699040,317764,173840,699096,317624,173840,114642780,130.0,1.8576514776214002e-05,0.99902331829071,2.62545540863357e-09,0.0008904625428840519,1.30895683181365e-09,6.76848940202035e-05,LO_R
720575940622773375,720575940599729862,699292,317804,173840,699352,317656,173800,114642788,150.0,0.0223950706422329,0.969099760055542,0.000389645167160779,0.00288769649341702,5.29367353010457e-05,0.005174807272851471,LO_R
720575940626979621,720575940599704006,701668,317656,174240,701696,317600,174200,114642845,140.0,0.9732114672660831,0.009186349809169771,0.0167513787746429,3.97751282434911e-05,0.000198773064767011,0.000612206931691617,LO_R
720575940645651252,720575940599704006,703052,317592,173200,703128,317540,173200,114644622,147.0,0.9722131490707401,0.0020781189668923603,0.0199281331151724,0.000342918472597376,0.0008911851909942929,0.0045464462600648394,LO_R
720575940617651156,720575940599704006,704468,318012,173440,704416,318096,173360,114644661,123.0,0.0145722571760416,0.422506898641586,0.52594929933548,0.0218391418457031,0.000632793409749866,0.0144996587187052,LO_R
720575940609006857,720575940599729862,697684,318992,173040,697708,319116,173080,114645172,132.0,0.0193320997059345,0.805943846702576,0.0964647382497788,0.009980877861380579,0.00254344707354903,0.06573497503995901,LO_R
720575940616274971,720575940599729862,697268,319188,173160,697280,319064,173200,114645193,135.0,0.0505910441279411,0.8162938952445981,0.0948147922754288,0.0203867610543966,0.00102929340209812,0.0168843511492014,LO_R
720575940620578548,720575940599729862,696712,318748,174320,696548,318712,174240,114645381,135.0,0.0937795117497444,0.12069109082222,0.765915930271149,0.0194483995437622,3.2615198506391603e-06,0.000161762742209248,LO_R
720575940620578548,720575940599729862,696408,318320,174280,696316,318280,174280,114645396,63.0,0.0317907147109509,0.7794902920722958,0.026323638856410998,0.158861473202705,6.21101135038771e-05,0.00347188883461058,LO_R
720575940617651156,720575940599704006,706884,319632,174440,706976,319732,174400,114648257,98.0,0.0296413134783506,0.1661267131567,0.7859042286872859,0.00546133099123836,0.0012285392731428099,0.0116378180682659,LO_R
720575940621994954,720575940599729862,695764,318048,174400,695760,318144,174400,114673569,86.0,0.9509248137474059,0.00294868322089314,0.0424553379416466,0.0006691555026918651,0.000397707539377734,0.0026042966637760396,LO_R
720575940627190556,720575940599459782,694904,311420,203560,695008,311432,203560,147590325,84.0,0.9989776611328129,0.000208128956728615,0.000710229214746505,6.898669380461801e-05,2.14419901567453e-06,3.28606984112412e-05,LOP_R
720575940621401889,720575940599459782,694760,310144,203760,694852,310184,203760,147590358,143.0,0.48330816626548795,0.004433478694409129,0.5106794834136961,0.000131476495880634,0.000555712729692459,0.000891664531081915,LOP_R
720575940599459782,720575940632889645,695340,311696,204520,695424,311760,204520,147590534,108.0,0.632976233959198,0.136755332350731,0.100981071591377,0.0434089824557304,0.0283173657953739,0.0575610026717186,LOP_R
720575940628307026,720575940599459782,696080,311968,204080,696024,311868,204040,147590428,141.0,0.515409052371979,0.0890138074755669,0.26010000705719,0.0256845057010651,0.0456048063933849,0.0641877502202988,LOP_R
720575940630337019,720575940599459782,693064,315788,203320,693128,315744,203360,147967054,115.0,0.004605834372341629,0.792974412441254,0.0103395003825426,0.19086939096450797,3.89019987778738e-05,0.00117187912110239,LOP_R
720575940632504874,720575940599459782,693328,315592,203360,693280,315688,203360,147988542,162.0,0.888787806034088,0.00425394251942635,0.00487791560590267,0.101735822856426,8.34798702271655e-05,0.000260987202636898,LOP_R
720575940626881673,720575940599459782,696852,312740,203880,696756,312736,203880,148167949,147.0,0.048064760863780996,0.38670361042022705,0.343585938215256,0.0228356588631868,0.0152830574661493,0.183526948094368,LOP_R
720575940639221949,720575940599459782,692544,314356,204360,692508,314420,204320,148175966,111.0,0.0311910547316074,0.0332440696656704,0.9139504432678219,0.00187495641876012,0.00264763995073736,0.0170919224619865,LOP_R
720575940599459782,720575940630337019,696256,312588,203440,696192,312504,203440,148197884,125.0,0.00999363418668509,0.931390225887299,0.013620869256556001,0.0243107527494431,0.000199458634597249,0.0204851236194372,LOP_R
720575940621724326,720575940599459782,693432,314260,203640,693420,314356,203600,148197968,148.0,0.0128278965130448,0.0012961468892172,0.985791444778442,1.5923609453238898e-06,2.5527368052280498e-05,5.737952596973629e-05,LOP_R
720575940607999755,720575940599459782,695664,313756,204120,695544,313688,204120,148198078,142.0,0.613097667694092,0.0778598412871361,0.273510664701462,0.0225766394287348,0.00655955821275711,0.00639561843127012,LOP_R
720575940627190556,720575940599459782,696136,312440,204200,696040,312504,204200,148198088,140.0,0.911738514900208,0.0036161043681204297,0.083712600171566,0.000209815363632515,4.14320420532022e-05,0.000681558332871646,LOP_R
720575940629382150,720575940599459782,695224,313232,204360,695172,313340,204320,148198105,144.0,0.7528786063194279,0.239305853843689,0.0016690919874236,0.000173139516846277,5.0389353418722796e-05,0.00592291634529829,LOP_R
720575940596125868,720575940622955561,701768,263456,204960,701732,263536,204920,148235581,144.0,0.0367817170917988,0.594974875450134,0.18868093192577398,0.00434015784412622,0.0119428122416139,0.16327948868274697,LO_R
720575940634215379,720575940599704006,713320,329204,182560,713264,329312,182520,155624516,124.0,0.928321182727814,0.00887087546288967,0.0585323795676231,7.3523202445358e-05,0.000666920677758753,0.00353523110970855,LOP_R
720575940622410736,720575940599704006,700088,328164,171160,700032,328264,171160,161092423,143.0,0.9995926022529599,5.83993414693396e-06,0.000401513127144426,4.1459280453182104e-09,4.4716966240976304e-10,2.97502484869483e-08,LO_R
720575940627174415,720575940599704006,699784,321624,169720,699908,321592,169720,161740714,132.0,0.00578199420124292,0.938791930675507,0.000451995845651254,0.0508674122393131,6.88517229718855e-06,0.004099690355360511,LO_R
720575940397514275,720575940599704006,698304,322400,171240,698328,322336,171240,161740991,136.0,0.0349518358707428,0.8215183019638058,0.0583895109593868,0.0489981360733509,0.000565686787012965,0.0355765447020531,LO_R
720575940619734151,720575940599704006,699160,321164,171400,699008,321224,171360,161741022,85.0,0.15525510907173198,0.0550090931355953,0.7852075695991519,0.000911563984118402,0.000505921663716435,0.00311076082289219,LO_R
720575940622366218,720575940599704006,701040,321480,170560,701092,321360,170560,161742751,136.0,0.0193454790860415,0.950406193733215,0.0117768114432693,0.00279722968116403,0.00107153633143753,0.0146027905866504,LO_R
720575940634630113,720575940599704006,697960,322376,170520,697964,322248,170520,161740871,142.0,0.915645837783814,0.000572239106986672,0.0834938436746597,7.0736394263804e-05,3.4897901059594e-05,0.000182533782208338,LO_R
720575940622366218,720575940599704006,700944,321480,170720,700920,321368,170720,161740890,138.0,0.0010203854180872401,0.970969557762146,3.27083507727366e-05,0.0211616083979607,8.87046644493239e-06,0.00680678430944681,LO_R
720575940619734151,720575940599704006,698368,320512,170960,698380,320644,170960,161740930,145.0,0.00609500613063574,0.751873135566711,0.239365816116333,0.0016787984641268901,2.56645671470324e-05,0.000961640558671206,LO_R
720575940627174415,720575940599704006,700416,322004,170960,700516,322040,170960,161740931,146.0,0.00100692827254534,0.994276225566864,6.5550506405998e-05,0.0038637074176222103,8.738887800063819e-07,0.00078675925033167,LO_R
720575940627643005,720575940599704006,696716,320936,170360,696812,320904,170400,161743310,149.0,0.00213710637763143,0.85321044921875,0.000381485966499895,0.13974168896675102,8.75488967722049e-06,0.00452056666836143,LO_R
720575940627643005,720575940599704006,697012,321216,170320,697136,321224,170320,161743311,140.0,0.0198273975402117,0.2102310359478,0.7503952980041501,0.00144948868546635,0.0010668059112504099,0.0170299764722586,LO_R
720575940627174415,720575940599704006,699464,324708,171200,699448,324884,171240,162156798,144.0,0.0494290925562382,0.903469800949097,0.031158460304141003,0.0149445254355669,4.31375956395641e-05,0.0009548427769914269,LO_R
720575940629939516,720575940599704006,699556,325248,171320,699524,325128,171320,162156837,143.0,0.00492366869002581,0.963714778423309,0.0035778437741100797,0.0267104860395193,3.85147768611205e-06,0.00106935517396778,LO_R
720575940627174415,720575940599704006,699460,324420,170360,699496,324508,170360,162156583,145.0,4.17787559854332e-05,0.99892646074295,2.40093864789515e-08,0.000938439392484725,1.72831782219163e-09,9.32020411710255e-05,LO_R
720575940627174415,720575940599704006,700468,324948,170520,700400,324828,170480,162156600,136.0,0.000307780632283539,0.990088522434235,2.73492378255469e-06,0.00915230810642242,1.59936899279955e-08,0.000448612379841507,LO_R
720575940627174415,720575940599704006,699932,324560,170440,699840,324612,170400,162156610,69.0,0.7126971483230591,0.20079161226749398,0.0481574833393097,0.0329500660300255,0.000426575570600107,0.00497707445174456,LO_R
720575940627174415,720575940599704006,699640,324936,170520,699516,324844,170480,162156642,141.0,0.00749295577406883,0.9793336987495419,0.00211802124977112,0.00665663555264473,5.85882517043501e-05,0.00434017507359386,LO_R
720575940629939516,720575940599704006,700392,326248,171160,700256,326272,171160,162156731,149.0,0.0138038070872426,0.153695344924927,0.825547695159912,0.00157805136404932,0.00031577254412695803,0.0050593614578247105,LO_R
720575940619734151,720575940599704006,699896,318736,170560,699984,318740,170520,162339665,89.0,0.22061213850975,0.22078461945056896,0.257082015275955,0.292081564664841,0.000517019594553858,0.00892266724258661,LO_R
720575940632804453,720575940599704006,703384,318120,169760,703240,318072,169720,162341648,131.0,0.00454911030828953,0.961129128932953,0.0123391766101122,0.016929404810071002,0.000170323983184062,0.00488282460719347,LO_R
720575940632804453,720575940599704006,703852,318092,171200,703752,317992,171200,162341879,90.0,0.0417062491178513,0.948845863342285,0.0014602318406105,0.000969085202086717,2.48207197728334e-05,0.0069937757216394,LO_R
720575940622366218,720575940599704006,702976,318228,170000,702856,318192,169960,162341693,58.0,0.00443889014422894,0.956336379051209,0.00342989224009216,0.0170873254537582,0.000186625446076505,0.0185209419578314,LO_R
720575940622366218,720575940599704006,702976,318420,170120,702800,318444,170080,162341728,157.0,0.00140227761585265,0.9920010566711429,7.66474840929732e-05,0.00174957036506385,1.3336024494492401e-05,0.00475712260231376,LO_R
720575940634630113,720575940599704006,698636,319064,170560,698588,319116,170600,162339691,131.0,0.960055649280548,0.00131868105381727,0.0338961258530617,0.0046574966982007,2.72978286375292e-05,4.47966413048562e-05,LO_R
720575940619734151,720575940599704006,699712,319216,170680,699784,319292,170640,162339692,74.0,0.17346179485321,0.45745685696601895,0.264129519462585,0.059462022036314004,0.000327238958561793,0.0451624616980553,LO_R
720575940619734151,720575940599704006,699536,319236,170640,699500,319352,170640,162339701,143.0,0.0208967961370945,0.395942717790604,0.46546393632888794,0.11519178748130803,8.24062863102881e-06,0.0024965899065136896,LO_R
720575940619734151,720575940599704006,699416,319272,170800,699432,319352,170840,162339729,134.0,0.0996795445680618,0.50204211473465,0.223717376589775,0.0166195295751095,0.0170372668653727,0.140904188156128,LO_R
720575940632804453,720575940599704006,704100,318328,170440,704028,318424,170400,162341774,77.0,0.000156969559611753,0.995390892028809,1.11800545710139e-06,0.00401493068784475,4.53746418216383e-09,0.00043605337850749503,LO_R
720575940619734151,720575940599704006,698816,318908,171040,698716,318824,171040,162339765,133.0,0.00525747984647751,0.0156402066349983,0.9743932485580441,0.00460732541978359,4.02291743739625e-06,9.771848999662329e-05,LO_R
720575940625964377,720575940599704006,701496,318916,171320,701472,319052,171320,162341914,97.0,0.9551185965538029,5.31702389707789e-05,0.0448169820010662,4.60856625750239e-07,3.6615840599552e-06,7.197455943241949e-06,LO_R
720575940619734151,720575940599704006,697224,319772,169880,697300,319864,169880,162342342,134.0,0.0342950001358986,0.276155114173889,0.67346179485321,0.0124808251857758,0.0002021891559707,0.0034051111433655,LO_R
720575940631688588,720575940599704006,719836,329028,183240,719952,329024,183240,165149796,97.0,0.8497078418731691,0.0038118469528853898,0.143629625439644,0.00168079358991236,0.000164809549460188,0.0010051496792584699,LOP_R
720575940616054943,720575940599704006,720264,329584,183280,720268,329664,183320,165149810,130.0,0.0998250842094421,0.00486627034842968,0.8943781852722171,0.00047139267553575304,6.0747825045837096e-05,0.00039830149034969503,LOP_R
720575940631688588,720575940599704006,719720,329176,183400,719752,329248,183400,165149817,71.0,0.219432473182678,0.0105134695768356,0.7501122951507572,0.0112805971875787,0.0017601231811568102,0.00690097315236926,LOP_R
720575940614564146,720575940599704006,720344,329600,184080,720424,329472,184040,165149910,142.0,0.0072734197601676,0.7880467772483829,0.0867107287049294,0.10988649725914,0.000233573591685854,0.00784908886998892,LOP_R
720575940634612194,720575940599704006,721168,330176,184680,721072,330088,184640,165149996,164.0,0.905007898807526,0.00525675434619188,0.0849614962935448,0.0045453221537172794,3.80356832465623e-05,0.00019047393288929,LOP_R
720575940616054943,720575940599704006,718344,327744,184200,718448,327676,184200,165166918,140.0,0.0659472122788429,0.0282933134585619,0.885514199733734,0.00332956505008042,0.00137417938094586,0.0155415469780564,LOP_R
720575940630493822,720575940599704006,712176,331568,184520,712192,331464,184520,166099906,143.0,0.0464188568294048,0.00443741073831916,0.937368869781494,0.00125405879225582,0.00161940022371709,0.00890136510133743,LOP_R
720575940613091290,720575940599704006,714036,326968,183960,713960,326816,183960,166348916,145.0,0.568193852901459,0.00436267163604498,0.42086726427078297,0.0063670021481812,2.8028742235619605e-05,0.000181138544576243,LOP_R
720575940627706398,720575940599704006,718384,327016,183360,718352,327104,183360,166349270,137.0,0.9466789960861209,0.00410590041428804,0.0315479263663292,0.0124541586264968,0.000796856766100973,0.004416160285472871,LOP_R
720575940627706398,720575940599704006,718144,327144,184240,718128,327228,184280,166349416,56.0,0.9928591251373291,0.00150818668771535,0.0048567261546850204,0.000183951182407327,0.000164004159159958,0.000428092462243512,LOP_R
720575940641295568,720575940599704006,717544,326072,184120,717564,326176,184080,166349396,141.0,0.0482933409512043,0.0149456299841404,0.934156358242035,0.0008129987982101741,0.00022134884784463798,0.0015703096287325,LOP_R
720575940631688588,720575940599704006,717452,326696,184200,717460,326564,184200,166349403,134.0,0.316936522722244,0.000513440929353237,0.68237179517746,8.844900003168729e-05,2.0473962649703e-05,6.93076508468948e-05,LOP_R
720575940599459782,720575940631241002,690152,317932,201440,690260,317848,201480,169773800,81.0,0.0407348349690437,0.8612729907035831,0.0531608015298843,0.0243880301713943,0.004901607055217029,0.0155416242778301,LOP_R
720575940605084774,720575940599459782,693384,317388,201200,693492,317432,201200,169792644,67.0,0.0377021357417107,0.8349133133888241,0.0393499061465263,0.0193144213408232,0.0038749985396862,0.0648451671004295,LOP_R
720575940627190556,720575940599459782,693344,318668,200280,693128,318572,200200,171135971,135.0,0.9950284361839291,0.0018333944026380801,0.0027664978988468604,0.00028857798315584703,2.81673260360549e-06,8.02549111540429e-05,LOP_R
720575940637872105,720575940599729862,722040,316832,188400,722008,316920,188440,173956057,145.0,0.0328246094286442,0.00125916860997677,0.9658133983612059,6.02778200118337e-05,1.1196137165825301e-05,3.1317351385951e-05,LOP_R
720575940626979621,720575940599459782,682380,314520,189640,682472,314536,189600,174131010,134.0,0.6274017095565799,0.372596502304077,3.8374697197696203e-08,1.06284915091237e-06,1.86637580390503e-10,6.980179136917289e-07,LO_R
720575940625702670,720575940599459782,683424,313316,188240,683336,313248,188240,174156271,170.0,0.9630889892578129,0.0117985149845481,0.0240098051726818,0.000970599357970059,1.7443668184569102e-05,0.00011461530084488899,LO_R
720575940626979621,720575940599459782,684272,314476,189640,684240,314356,189640,174156519,141.0,0.9654968976974491,0.0334771610796452,0.0008793601882644,1.25207170640351e-05,4.6388945520448e-06,0.000129342108266428,LO_R
720575940626979621,720575940599459782,684052,314360,189840,684016,314228,189800,174156534,141.0,0.00142662320286036,0.998553693294525,8.27746617915182e-08,2.8344347811071202e-06,4.41153202856981e-09,1.6754351236159e-05,LO_R
720575940599459782,720575940623133130,683756,313624,189120,683796,313716,189080,174156415,60.0,0.874010145664215,0.0978878512978554,0.0191115941852331,0.00159170280676335,0.000199545931536704,0.007199082057923079,LO_R
720575940623207608,720575940599459782,683856,313512,189200,683816,313416,189240,174156436,154.0,0.748013138771057,0.18678945302963298,0.04658923298120501,0.00307368021458387,0.000949099136050791,0.0145853934809566,LO_R
720575940647891844,720575940599729862,710576,323740,188680,710560,323864,188640,174812338,149.0,0.0826438963413239,0.0549705512821674,0.832400023937225,0.00192588102072477,0.00937594380229712,0.0186836179345846,LOP_R
720575940631688588,720575940599729862,714664,324188,189320,714644,324320,189320,174829498,154.0,0.0205663926899433,0.654105246067047,0.239703789353371,0.0336788818240166,0.00278807827271521,0.0491575784981251,LOP_R
720575940631688588,720575940599729862,714864,324268,189600,714760,324332,189560,174829550,131.0,0.120205663144588,0.0205602254718542,0.8461211919784549,0.00528116384521127,0.00230235257185996,0.0055294050835073,LOP_R
720575940471260625,720575940599704006,718472,324536,188400,718572,324552,188400,175215249,146.0,0.0598590113222599,0.9099804162979129,0.0113129438832402,0.0115141831338406,0.000298089493298903,0.00703537883237004,LOP_R
720575940637646170,720575940599704006,719504,326104,188960,719420,326016,188960,175215393,76.0,0.29244726896286,0.0487507283687592,0.6541391015052801,0.00119261769577861,0.00045809469884261505,0.00301218195818365,LOP_R
720575940622578183,720575940599729862,714296,324588,189040,714124,324620,189040,175232071,144.0,0.0196689795702696,0.845833778381348,0.10746418684721,0.0234356299042702,3.73873845092021e-05,0.0035600317642092705,LOP_R
720575940622578183,720575940599729862,714240,324512,189160,714080,324504,189120,175232090,136.0,0.0235256105661392,0.9058343768119809,0.0366945005953312,0.0296991653740406,9.967512596631421e-05,0.0041466956026852105,LOP_R
720575940630493822,720575940599704006,714756,325876,189840,714676,325848,189800,175232268,143.0,0.0354556739330292,0.00895759463310242,0.953980386257172,0.00122614356223494,3.83411461370997e-05,0.000341870734700933,LOP_R
720575940610619182,720575940599704006,717320,325888,188920,717248,325920,188880,175232809,130.0,0.49322110414505,0.00667331693693996,0.49804216623306297,0.00035908634890802205,0.000418921408709139,0.0012853859225288,LOP_R
720575940631688588,720575940599704006,716888,325920,189160,716904,325888,189080,175232850,155.0,0.0147415017709136,0.00274255592375994,0.981865108013153,0.000582181208301336,3.55687802766624e-06,6.50429210509174e-05,LOP_R
720575940637872105,720575940599729862,716848,321264,189320,716776,321256,189320,175412350,65.0,0.0126190250739455,0.00539168808609247,0.9811496734619141,0.000299755134619772,0.000205647476832382,0.000334176875185221,LOP_R
720575940626666877,720575940599704006,721328,330724,185560,721284,330832,185560,184342903,144.0,0.00906052440404892,0.9098225235939029,0.0443006120622158,0.0268836449831724,0.000204519979888573,0.009728123433887959,LOP_R
720575940630175488,720575940599704006,721640,331096,185880,721540,331048,185880,184343022,156.0,0.0213806610554457,0.323904782533646,0.602544724941254,0.0341435261070728,0.0009468127973377699,0.0170795321464539,LOP_R
720575940629399234,720575940599704006,719736,329100,185360,719840,329068,185320,184342820,133.0,0.28466644883155795,0.00122740725055337,0.7137411236763,9.32188122533262e-05,0.00017982728604693,9.19400408747606e-05,LOP_R
720575940637872105,720575940599704006,711380,328504,185400,711488,328496,185400,184343696,116.0,0.7833091616630551,0.0366898514330387,0.0949622914195061,0.0665006637573242,0.00380395189858973,0.0147342188283801,LOP_R
720575940637872105,720575940599704006,711120,328248,185600,711220,328192,185640,184343748,171.0,0.6013126373291021,0.19000658392906197,0.158668980002403,0.0438896603882313,0.000792303646449,0.00532982917502523,LOP_R
720575940622729087,720575940599704006,714800,328744,185760,714848,328844,185760,184358927,106.0,0.15766757726669298,0.061558336019516,0.7628290057182309,0.0124434381723404,0.00023355078883469102,0.00526804430410266,LOP_R
720575940599704006,720575940621317814,713768,330832,185760,713844,330960,185760,184358939,59.0,0.06044456362724299,0.685273587703705,0.207664653658867,0.011559035629033997,0.00130907783750445,0.0337490476667881,LOP_R
720575940636492151,720575940599704006,712472,329340,186520,712508,329368,186440,184359093,180.0,0.0680548772215843,0.138489782810211,0.7813428640365601,0.010324826464056998,0.000138286268338561,0.0016493480652570698,LOP_R
720575940627706398,720575940599704006,713868,328956,186320,713928,329060,186320,184359070,119.0,0.23991586267948103,0.3549090623855589,0.157923594117165,0.21408297121524802,0.0108615159988403,0.0223069787025452,LOP_R
720575940620611009,720575940599704006,720912,331304,185720,721056,331312,185720,185203622,130.0,0.0601091347634792,0.8876261115074159,0.0349490270018578,0.0104697486385703,0.000506412645336241,0.00633961614221334,LOP_R
720575940619057236,720575940599704006,711412,328160,185720,711272,328136,185720,185418363,100.0,0.9991853833198551,0.000180676128366031,0.000282049179077148,0.00034138927003368703,4.6811084075670795e-07,9.976527508115401e-06,LOP_R
720575940641349365,720575940599704006,713856,326912,185760,713820,327028,185760,185433769,111.0,0.175106748938561,0.0469795800745487,0.6583564281463621,0.0302318818867207,0.0191049836575985,0.0702203661203384,LOP_R
720575940630493822,720575940599704006,714068,326612,185320,713924,326576,185360,185433698,135.0,0.235780715942383,0.007092338986694809,0.751789093017578,0.00492873834446073,0.000106084473372903,0.0003030544903595,LOP_R
720575940630493822,720575940599704006,714000,326844,185280,713896,326824,185280,185433700,142.0,0.693654954433441,0.00122528942301869,0.30399903655052196,0.000782194372732192,0.00011470734170870902,0.000223809722228907,LOP_R
720575940630493822,720575940599704006,717944,326096,184840,717952,325980,184840,185433988,153.0,0.10280975699424699,0.00792474299669266,0.850358247756958,0.0382484160363674,0.00025314668891951404,0.00040561798959970496,LOP_R
720575940611723506,720575940599704006,717092,327280,185040,717172,327120,185000,185434019,142.0,0.6045850515365601,0.00209126668050885,0.39322844147682207,3.94001181120984e-05,1.87767236639047e-05,3.6994846595916904e-05,LOP_R
720575940629382150,720575940599459782,689028,317464,202000,689100,317396,202000,186436364,144.0,0.999860048294067,2.32031979976455e-05,0.00011300815094728001,7.665204861950771e-07,2.71826991138369e-07,2.79769369626592e-06,LOP_R
720575940629382150,720575940599459782,689032,317624,201920,689120,317732,201920,186436373,140.0,0.9994400143623349,1.50655750985607e-05,0.000536063977051526,5.3808303164260005e-06,2.2595000359615398e-07,3.24395273310074e-06,LOP_R
720575940629382150,720575940599459782,688912,316960,202640,689016,316960,202640,186436515,143.0,0.999992966651917,4.68395637653885e-06,2.08967094295076e-06,1.10688036514262e-08,2.60487764691675e-09,2.20833143771415e-07,LOP_R
720575940625233552,720575940599459782,687148,316044,203000,687232,316152,203000,186436594,135.0,0.0114460252225399,0.909955263137817,0.00405498128384352,0.0010492589790374,0.00219683395698667,0.0712976455688477,LOP_R
720575940631241002,720575940599459782,689148,317212,202400,689080,317116,202400,186436448,147.0,0.270673125982285,0.47955334186554,0.0722353458404541,0.11572412401437801,0.005017271265387539,0.0567967183887959,LOP_R
720575940619306456,720575940599459782,687724,315928,203280,687608,315944,203240,186436640,168.0,0.5101441740989691,0.0100537203252316,0.478550314903259,0.000287969218334183,0.00011271025141468301,0.000851096527185291,LOP_R
720575940629382150,720575940599459782,686420,317124,203280,686340,317092,203240,186448454,143.0,0.9661399722099301,0.0294774156063795,0.0036110756918788,0.000197567875147797,6.58776625641622e-05,0.000508048746269196,LOP_R
720575940629382150,720575940599459782,686568,317012,203280,686540,316872,203280,186448459,140.0,0.9629451632499699,0.036135159432887996,0.000840129097923636,4.61784838989843e-06,7.464930149581049e-07,7.415594882331791e-05,LOP_R
720575940623549365,720575940599459782,693368,317744,202240,693256,317688,202240,186449188,168.0,0.441101282835007,0.0267998725175858,0.46511146426200894,0.0253980867564678,0.0034729684703052,0.0381163135170937,LOP_R
720575940623549365,720575940599459782,694144,317608,202360,694164,317504,202360,186449196,137.0,0.0794456079602242,0.0875466093420982,0.6465687751770021,0.0540244542062283,0.0130239315330982,0.119390606880188,LOP_R
720575940627190556,720575940599459782,696676,313520,202040,696572,313424,202040,186620330,78.0,0.999160289764404,0.00010598560766084101,0.000522526388522238,0.00012574477295856898,8.060557775024789e-06,7.74060317780823e-05,LOP_R
720575940629382150,720575940599459782,692428,314380,203120,692316,314356,203120,186628657,151.0,0.99999988079071,3.75040123401504e-08,6.23255260734368e-08,1.7231011062435199e-09,3.908966900167951e-12,7.94811785831406e-11,LOP_R
720575940619282590,720575940599459782,683216,310028,193240,683168,310096,193240,194687331,153.0,0.23599450290203103,0.431297272443771,0.151771277189255,0.08455790579319,0.00667625712230802,0.0897028371691704,LO_R
720575940624063669,720575940599459782,683388,310172,193960,683420,310304,193960,194687488,143.0,0.00995586346834898,0.98895275592804,0.00011523334978846799,0.00023676975979469703,1.83983843271562e-06,0.000737369991838932,LO_R
720575940619282590,720575940599459782,683848,310160,193400,683784,310212,193360,194687361,147.0,0.0327500104904175,0.866347432136536,0.0233204867690802,0.0721543654799461,0.000527563854120672,0.0049001774750649894,LO_R
720575940615078654,720575940599459782,683768,311536,193600,683784,311432,193600,194687416,143.0,0.00152892339974642,0.9827910661697391,9.0728746727109e-05,0.008078422397375109,1.14611802928266e-05,0.00749944569543004,LO_R
720575940615078654,720575940599459782,687720,310656,193520,687696,310480,193520,194703988,143.0,0.02135887183249,0.9779652953147892,0.00029366064700298,1.75025320459099e-06,9.460308802999859e-08,0.000380295590730384,LO_R
720575940599459782,720575940630337019,688488,310408,193640,688580,310520,193640,194704053,128.0,0.00346947414800525,0.9584963917732242,0.00482897320762277,0.0247585903853178,0.000335813441779464,0.0081107085570693,LO_R
720575940615078654,720575940599459782,687664,310584,193680,687600,310444,193680,194704054,71.0,0.00494417129084468,0.9866719841957091,0.00115983444266021,0.000286875263554975,1.0535715773585302e-05,0.00692660920321941,LO_R
720575940615078654,720575940599459782,685900,311208,193560,685864,311084,193520,194717875,148.0,0.0310413409024477,0.891360521316528,0.0503138974308968,0.0101345265284181,0.000860455562360585,0.0162892267107964,LO_R
720575940615078654,720575940599459782,683960,311652,193800,684024,311564,193800,194717911,146.0,0.00216950243338943,0.993755340576172,4.65665580122732e-05,0.00121020758524537,6.23213418293744e-06,0.00281214062124491,LO_R
720575940619282590,720575940599459782,686180,309616,193960,686312,309620,193920,194717927,139.0,0.0965113416314125,0.457017034292221,0.397715598344803,0.0323826037347317,0.0017615375109016897,0.0146118821576238,LO_R
720575940619282590,720575940599459782,686092,309452,194000,686168,309360,194000,194717931,146.0,0.21002367138862602,0.14779061079025302,0.613844335079193,0.0187062304466963,0.000653492112178355,0.00898168329149485,LO_R
720575940628007015,720575940599459782,684128,310028,194360,684120,310108,194280,194717962,68.0,0.000872383068781346,0.998692333698273,3.91383025544201e-07,2.0095301806577498e-05,1.1062786597904101e-07,0.000414694775827229,LO_R
720575940624063669,720575940599459782,684192,310056,194400,684204,310100,194360,194717975,145.0,0.0013707582838833302,0.9984702467918399,6.19567259718679e-08,3.82514781449572e-06,1.74120806661904e-08,0.000155149507918395,LO_R
720575940619282590,720575940599459782,686464,309636,194680,686608,309632,194680,194718026,148.0,0.0052093737758696105,0.7509315013885501,0.00146407505962998,0.238730892539024,6.73839676892385e-05,0.00359670375473797,LO_R
720575940582360570,720575940599459782,685504,304920,194840,685616,304840,194800,195069264,155.0,0.8539156913757321,0.138861060142517,0.00412913598120213,0.000145888290717267,0.00046611335710622403,0.00248222472146153,LO_R
720575940606796489,720575940599459782,685372,304480,194840,685488,304520,194840,195069271,136.0,0.008660236373543741,0.988382279872894,0.000186691628186964,0.0013101543299853802,1.4884743904985999e-05,0.00144583254586905,LO_R
720575940630241239,720575940599459782,677416,312076,193440,677324,312020,193440,195416083,145.0,0.00957418326288462,0.948183298110962,0.00381408631801605,0.0356090702116489,4.1867191612254794e-05,0.00277759321033955,LO_R
720575940624063669,720575940599459782,681064,307760,193600,681068,307656,193600,196120056,141.0,0.454969704151154,0.5083458423614501,0.0113585405051708,0.0124739836901426,0.00111330195795745,0.0117386179044843,LO_R
720575940624063669,720575940599459782,681784,307448,193720,681800,307360,193720,196120068,160.0,0.0011324149090796698,0.9969307780265809,5.024680262977199e-07,8.734055154491221e-05,4.96824384299543e-07,0.0018485031323507398,LO_R
720575940614590429,720575940599459782,687512,307352,194760,687668,307400,194720,196135844,133.0,0.00550395390018821,0.988286554813385,0.000326024630339816,0.0030551638919860103,2.67007762886351e-05,0.0028016327414661603,LO_R
720575940623363050,720575940599459782,688648,308800,194800,688556,308840,194800,196135855,54.0,0.00578706711530685,0.988819658756256,0.0022877010051161,0.00234887306578457,1.79285234480631e-05,0.000738733622711152,LO_R
720575940616515014,720575940599459782,686928,308680,193680,686976,308616,193680,196151114,90.0,0.692701160907745,0.24483531713485698,0.0514425039291382,0.00229523028247058,0.000245610543061048,0.00848021730780602,LO_R
720575940619282590,720575940599459782,680428,307872,193320,680400,307992,193320,196151698,139.0,0.0582256689667702,0.425924301147461,0.487056314945221,0.0220228526741266,0.000349306181306019,0.00642161536961794,LO_R
720575940622736169,720575940599459782,684572,306000,193800,684484,306044,193800,196151134,143.0,0.0208607744425535,0.846709132194519,0.0620925053954124,0.0526816695928574,0.00127198849804699,0.0163840018212795,LO_R
720575940628029306,720575940599459782,685704,305312,194160,685796,305448,194160,196151189,147.0,0.0053323889151215605,0.966673851013184,0.00134789128787816,0.0190127566456795,0.00018886687757913002,0.00744430907070637,LO_R
720575940622366218,720575940599704006,703568,317232,171920,703552,317324,171920,228919825,85.0,0.0059855580329895,0.967392861843109,0.00526158465072513,0.0128264622762799,9.043332829605791e-05,0.00844308268278837,LO_R
720575940632804453,720575940599704006,704556,317492,172080,704536,317376,172080,228919848,144.0,0.00043806541361846,0.9991101622581479,2.8162398848507998e-06,0.00034511907142587,1.71108034408007e-08,0.000103914484498091,LO_R
720575940617651156,720575940599704006,703992,316840,172960,703868,316836,172960,228920072,147.0,0.0282735247164965,0.231279149651527,0.49809062480926497,0.24111019074916798,0.000105100101791322,0.0011413987958803801,LO_R
720575940621114650,720575940599704006,702744,316688,172960,702816,316784,172960,228920083,80.0,0.00534999277442694,0.9683558344841,0.00190454022958875,0.0143052916973829,0.00034070864785462596,0.009743678383529191,LO_R
720575940637734768,720575940599704006,703240,316528,172520,703332,316464,172480,228919927,109.0,0.981607973575592,0.000235865212744102,0.0172289405018091,0.000766807410400361,2.27894070121692e-05,0.000137591312523,LO_R
720575940617651156,720575940599704006,704272,316412,172760,704284,316416,172680,228919973,174.0,0.0136450016871095,0.934151530265808,0.0209524761885405,0.0129298465326428,0.0011898219818249301,0.0171312559396029,LO_R
720575940637734768,720575940599704006,703312,316616,172640,703448,316616,172680,228919990,134.0,0.9679807424545291,0.000599501538090408,0.0213093813508749,0.00966665614396334,8.080248517217109e-05,0.000362919003237039,LO_R
720575940617651156,720575940599704006,704572,314688,172840,704700,314740,172800,228920028,140.0,0.224186927080154,0.12823462486267098,0.61760538816452,0.0224749706685543,0.000851353455800563,0.00664677610620856,LO_R
720575940621092372,720575940599704006,698936,327560,171800,699048,327548,171800,229169692,147.0,0.00432885158807039,0.988406598567963,0.000282816821709275,0.00358510785736144,1.58031962200766e-05,0.00338084646500647,LO_R
720575940621092372,720575940599704006,701224,327408,172320,701192,327176,172280,229169782,142.0,0.0377153716981411,0.40166234970092796,0.524660766124725,0.00388114945963025,0.00197447021491826,0.0301059186458588,LO_R
720575940627643005,720575940599704006,698320,322448,171480,698240,322352,171480,229847687,149.0,0.00282879429869354,0.992322027683258,0.000372358743334189,0.0038429319392889703,6.21428796421242e-07,0.0006333232158795,LO_R
720575940637734768,720575940599704006,701020,322456,171720,700868,322364,171720,229847747,144.0,0.990227699279785,1.20925242299563e-05,0.00975997000932694,1.19872908044272e-07,9.70159730329101e-10,3.62604843928693e-08,LO_R
720575940619734151,720575940599704006,700976,322224,171840,700884,322292,171760,229847755,140.0,0.007297486998140809,0.9821937084198001,0.00265424279496074,0.007508702110499141,9.47091905345587e-07,0.000344924774253741,LO_R
720575940621116807,720575940599704006,700240,322788,172080,700272,322888,172040,229847800,139.0,0.999593079090118,0.00017119204858318,0.00021250224381219598,2.16429413057995e-07,1.5710318166384198e-06,2.1492280211532502e-05,LO_R
720575940622366218,720575940599704006,700992,323548,172240,701056,323448,172200,229847819,73.0,0.00565931387245655,0.9651508927345279,9.7525175078772e-05,0.00458475667983294,0.000607801950536668,0.0238996371626854,LO_R
720575940622666503,720575940599704006,699572,322480,172480,699568,322336,172480,229847865,133.0,0.9987164735794071,1.19712422019802e-06,0.00128186435904354,9.65515237205672e-11,4.43208691969232e-10,5.06691321788821e-07,LO_R
720575940619734151,720575940599704006,701068,322092,172600,701188,322008,172600,229847900,73.0,0.0100452983751893,0.793288946151733,0.0993706211447716,0.0762972757220268,0.000861506559886038,0.0201363246887922,LO_R
720575940619734151,720575940599704006,701268,322208,172640,701264,322168,172720,229847921,162.0,0.0192190688103437,0.0552808754146099,0.9118891954422,0.0129468394443393,4.2401603423059e-05,0.000621679064352065,LO_R
720575940617931604,720575940599704006,701976,321312,172160,701888,321264,172120,229849817,84.0,0.144380107522011,0.7704417705535892,0.0567347779870033,0.0217981226742268,0.000163313889061101,0.00648189475759864,LO_R
720575940619734151,720575940599704006,702256,322664,172880,702232,322536,172880,229849972,144.0,0.0270752049982548,0.24667389690876,0.665856122970581,0.0597297661006451,3.48439207300544e-05,0.0006301340763457121,LO_R
720575940619734151,720575940599704006,702376,322704,173000,702488,322632,172960,229849984,138.0,0.00588621478527784,0.7406374216079709,0.0465191341936588,0.20544062554836298,1.5112911569303799e-05,0.00150156230665743,LO_R
720575940617931604,720575940599704006,702248,321168,172280,702280,321072,172280,229849829,142.0,0.000522383896168321,0.9853587150573729,2.6940131647279503e-05,0.0121476715430617,2.68740535602774e-07,0.00194397778250277,LO_R
720575940614923133,720575940599704006,703688,323364,172520,703712,323492,172520,229849916,143.0,0.968891143798828,0.000221607566345483,0.0308481771498919,4.96752682010992e-06,9.823291293287179e-06,2.43012909777462e-05,LO_R
720575940621116807,720575940599729862,697464,321820,172160,697392,321836,172200,229850423,140.0,0.9997324347496029,0.000265933544142172,1.64676680469711e-06,3.69036108338605e-08,4.73276279278068e-12,7.98816834901572e-09,LO_R
720575940619734151,720575940599704006,698908,321048,172600,698792,321044,172600,229850500,55.0,0.0334877111017704,0.8005679249763492,0.149085968732834,0.0120900711044669,0.000153134795255028,0.00461510289460421,LO_R
720575940621092372,720575940599704006,699196,325372,171440,699320,325372,171440,230281159,173.0,0.00646487483754754,0.9782770276069641,0.00221638730727136,0.0115387048572302,9.609801054466521e-06,0.00149341288488358,LO_R
720575940618531611,720575940599704006,700288,326540,172280,700424,326536,172280,230281367,142.0,0.020149102434516,0.0649118423461914,0.913911998271942,0.000593114993534982,6.926199603185519e-06,0.000427061750087887,LO_R
720575940621092372,720575940599704006,698764,325012,172720,698888,325040,172760,230281441,139.0,0.13260748982429502,0.8596559762954709,0.007472239434719091,4.91018654429354e-05,1.9697429252119e-06,0.00021324362023733602,LO_R
720575940629939516,720575940599704006,700268,326052,171600,700252,326156,171560,230281215,144.0,0.0235032271593809,0.0162069573998451,0.9567537307739259,0.00048469405737705496,0.000387342413887382,0.00266402610577643,LO_R
720575940621116807,720575940599704006,699568,324092,171960,699580,324172,171920,230281313,145.0,0.99999725818634,2.23524261855346e-06,4.29804316581794e-07,3.2163574026355896e-09,2.80171358335579e-10,1.3508324236966002e-08,LO_R
720575940618531611,720575940599704006,700064,326616,172040,700152,326612,172000,230281332,151.0,0.0180934201925993,0.7129632830619809,0.20600962638855,0.0204026643186808,0.0020278156735003,0.0405032299458981,LO_R
720575940627174415,720575940599704006,702296,324068,171880,702200,323992,171880,230283148,144.0,0.00925207044929266,0.953736901283264,0.0136021478101611,0.0197262149304152,3.00101146422094e-05,0.0036526643671095397,LO_R
720575940627174415,720575940599704006,701696,323944,172000,701804,323892,172000,230283163,102.0,0.029354328289627998,0.965751349925995,7.906677637947719e-05,6.487736391136421e-05,1.79509315785253e-05,0.00473239831626415,LO_R
720575940627174415,720575940599704006,701840,323984,172080,701996,324000,172080,230283184,81.0,0.0048386296257376706,0.9918888211250309,0.000351654394762591,0.000402251607738435,1.3355398550629599e-05,0.00250532967038453,LO_R
720575940604725488,720575940599704006,704060,324256,172840,704008,324176,172880,230283399,57.0,0.0245273262262344,0.707908809185028,0.235679432749748,0.0266814269125462,0.00015528350195381799,0.00504773017019033,LO_R
720575940629939516,720575940599704006,704332,324640,172920,704196,324596,172920,230283410,91.0,0.00314593850634992,0.9954432249069209,0.000139602852868848,0.0012354674981907,2.58015120380151e-08,3.56881027983036e-05,LO_R
720575940604725488,720575940599704006,703948,324336,172640,703936,324436,172600,230283323,147.0,0.00045299142948351795,0.9659076929092411,0.000115450529847294,0.0320732891559601,6.477842475760549e-07,0.00144993886351585,LO_R
720575940628307026,720575940599704006,699892,318288,171440,699960,318340,171440,230474820,138.0,0.996238470077515,0.00025674430071376297,0.00187758530955762,0.0016118036583066,2.28715293815185e-06,1.3027761269768199e-05,LO_R
720575940619734151,720575940599704006,700600,318880,171560,700744,318884,171560,230474842,145.0,0.510169088840485,0.0063339159823954105,0.454695850610733,0.0287740640342236,4.03180865760078e-06,2.30918576562544e-05,LO_R
720575940619734151,720575940599704006,698744,319808,171640,698780,319720,171640,230474870,138.0,0.033508550375700004,0.5357379913330079,0.34996086359024,0.0373791344463825,0.0035513737238943603,0.0398620553314686,LO_R
720575940645651252,720575940599704006,699388,319280,172520,699340,319192,172600,230475067,179.0,0.00125300453510135,0.975445985794067,7.52500563976355e-05,0.0214552637189627,5.9872290876228405e-06,0.0017645254265517,LO_R
720575940622366218,720575940599704006,703556,317208,171640,703572,317352,171640,230476747,138.0,0.00303135788999498,0.986270248889923,0.000767800374887884,0.00497389724478126,1.96782220882596e-05,0.00493705132976174,LO_R
720575940632804453,720575940599704006,703336,317692,171520,703456,317688,171560,230476756,99.0,0.00296985032036901,0.9692006707191471,0.00186400348320603,0.0228142812848091,1.64846042025602e-05,0.00313467928208411,LO_R
720575940621116807,720575940599704006,702872,317184,171720,702888,317276,171720,230476774,135.0,0.9999328851699829,8.45189151732484e-06,5.85710404266138e-05,1.7625723103265e-07,7.430893123050451e-10,6.344455982798541e-08,LO_R
720575940630342907,720575940599704006,703756,317504,171760,703712,317504,171800,230476782,160.0,0.0605690181255341,0.8898455500602719,0.0256362464278936,0.00550779700279236,0.0018141856417059898,0.0166272576898336,LO_R
720575940631003254,720575940599704006,703064,319784,172200,703000,319680,172200,230476847,143.0,0.007356510497629641,0.8793106675148009,0.0733615085482597,0.0301381535828114,0.000269562151515856,0.00956358760595322,LO_R
720575940612507890,720575940599704006,700888,317776,172000,700988,317912,172000,230474968,148.0,0.168410986661911,0.30351454019546503,0.512473225593567,0.00751532427966595,0.00107129057869315,0.00701463269069791,LO_R
720575940619734151,720575940599704006,700120,319052,172160,700040,318928,172160,230474983,173.0,0.0126920724287629,0.441926777362824,0.518618643283844,0.0255237240344286,8.93880587682361e-06,0.00122984114568681,LO_R
720575940632804453,720575940599704006,704488,317976,172960,704440,318112,172960,230476962,138.0,0.244923159480095,0.462870836257935,0.26773416996002203,0.0240469370037317,4.022150824312121e-05,0.000384632294299081,LO_R
720575940622410736,720575940599729862,697576,319392,171960,697588,319300,172000,230477572,129.0,0.9067922234535221,0.00101091642864048,0.0917978286743164,0.00010842276969924599,3.25980690831784e-05,0.000257954467087984,LO_R
720575940637734768,720575940599729862,697608,319060,172920,697584,319160,172840,230477773,146.0,0.0156848542392254,0.544020712375641,0.280800461769104,0.11209724098444,0.00335670984350145,0.0440400689840317,LO_R
720575940609006857,720575940599729862,697008,319000,172920,696904,319064,172920,230477779,88.0,0.0020201872102916197,0.9573065042495731,0.000798929773736745,0.0243516303598881,7.651044143131e-06,0.015514999628067001,LO_R
720575940628791812,720575940599729862,698632,317840,172360,698600,317796,172440,230477702,56.0,0.907138764858246,0.0194519646465778,0.0729915499687195,7.80961199779995e-05,2.1215037122601603e-05,0.000318377045914531,LO_R
720575940627768453,720575940599729862,702308,315704,179840,702216,315708,179840,231753821,138.0,0.10963050276041002,0.081794410943985,0.794926106929779,0.00529978238046169,0.000819915730971843,0.00752926664426923,LO_R
720575940627768453,720575940599729862,702528,315408,179840,702472,315260,179840,231756330,144.0,0.113592430949211,0.0392939522862434,0.8452566266059879,0.00126434280537069,5.21437686984427e-05,0.0005404982366599139,LO_R
720575940627768453,720575940599729862,702868,315248,179880,702804,315124,179880,231756341,144.0,0.0949084237217903,0.693639755249023,0.144764721393585,0.051123283803463,0.000450759427621961,0.0151131292805076,LO_R
720575940636790158,720575940599729862,703452,314296,180080,703560,314336,180080,231756372,93.0,0.129237294197083,0.43611299991607705,0.41263288259506203,0.0138629693537951,0.000484935590066016,0.0076689119450748,LO_R
720575940627768453,720575940599729862,704216,315228,180280,704192,315072,180280,231756394,143.0,0.0390443913638592,0.7232924103736881,0.14810854196548498,0.0800049006938934,0.00048713193973526397,0.00906257331371307,LO_R
720575940627768453,720575940599729862,704160,315328,180400,704044,315236,180400,231756428,74.0,0.0316316001117229,0.7477905750274659,0.133374437689781,0.0690410509705544,0.00121419364586473,0.0169480796903372,LO_R
720575940630439106,720575940599729862,696996,315600,179920,696976,315512,179920,231757002,134.0,0.9917351007461551,0.00123988860286772,0.00700061302632093,3.96886207454372e-06,1.46983438753523e-07,2.0177449187031e-05,LO_R
720575940626979621,720575940599729862,698024,316884,179920,697940,316712,179880,231757006,101.0,0.655221700668335,0.344755738973618,8.412433203375259e-07,3.6112274415245296e-07,4.61909843707531e-09,2.13519306271337e-05,LO_R
720575940623587939,720575940599729862,701104,312296,179840,701044,312456,179840,231958486,116.0,0.316347986459732,0.632241487503052,0.0495722368359566,0.00139001361094415,8.63062541611725e-06,0.000439623283455148,LO_R
720575940626979621,720575940599729862,702968,311012,179920,702868,310960,179920,231960463,140.0,0.743559181690216,0.253813803195953,0.00207619043067098,1.29459731397219e-05,5.79461948291282e-06,0.000532072444912046,LO_R
720575940626979621,720575940599729862,702608,311260,180080,702512,311368,180080,231960519,113.0,0.0806278735399246,0.8701426982879642,0.000298431987175718,0.00031778373522684,0.0009754935163073241,0.0476377718150616,LO_R
720575940626979621,720575940599729862,703132,312064,180400,703304,312132,180440,231960566,75.0,0.323227196931839,0.667690277099609,0.00217042374424636,0.000157699061674066,0.000597137899603695,0.00615726551041007,LO_R
720575940639382717,720575940599729862,703520,313228,180840,703352,313112,180760,231960619,140.0,0.0143010457977653,0.956964790821075,0.0186343304812908,0.00464504864066839,9.12335162865929e-05,0.00536358775570989,LO_R
720575940621904041,720575940599729862,706096,310824,180040,705968,310920,180080,231963987,146.0,0.0362247489392757,0.774274110794067,0.133229658007622,0.0450486913323402,0.000441819982370362,0.0107809472829103,LO_R
720575940626979621,720575940599729862,699416,317492,179840,699340,317572,179840,233204685,142.0,0.255857914686203,0.6569567918777471,0.0531914532184601,0.00148718373384327,0.00160402525216341,0.0309026278555393,LO_R
720575940627342408,720575940599729862,704152,315480,174800,704076,315456,174800,238313512,74.0,0.25153368711471596,0.13820874691009502,0.571957349777222,0.007688061799854041,0.0018299596849829,0.028782170265913,LO_R
720575940622773375,720575940599729862,700768,317128,174760,700860,317168,174760,238311088,137.0,0.000899331527762115,0.992404282093048,3.10555151372682e-05,0.00515282852575183,5.134405910212079e-06,0.00150739157106727,LO_R
720575940621116807,720575940599729862,702400,315776,174800,702360,315880,174760,238311099,142.0,0.999256432056427,4.77951907669194e-05,0.000689916370902211,4.83030225950643e-06,2.7072703190356098e-08,9.43020381782844e-07,LO_R
720575940622773375,720575940599729862,700948,316688,174760,701104,316688,174760,238311104,65.0,0.000792268197983503,0.997811853885651,3.92414585803635e-05,0.00123933411668986,3.71349614169958e-07,0.00011693224223563402,LO_R
720575940630439106,720575940599729862,700088,316008,175880,700036,316008,175800,238311291,177.0,0.999954104423523,2.52268449685289e-07,4.55969602626283e-05,6.10855144245193e-09,1.41789670282666e-11,8.693497033362969e-10,LO_R
720575940627342408,720575940599729862,704268,315372,175000,704192,315380,175000,238313534,122.0,0.0030154490377754,0.8437500596046451,0.0014510303735733,0.127181887626648,3.1657375075155896e-05,0.0245699174702167,LO_R
720575940627342408,720575940599729862,704320,315224,175000,704288,315112,175000,238313557,144.0,0.00172078213654459,0.738716721534729,0.000314312143018469,0.24831219017505604,2.31267972594651e-06,0.0109336962923408,LO_R
720575940614665726,720575940599729862,699588,314848,175160,699692,314796,175120,238311173,145.0,0.00818878505378962,0.898351430892944,0.0131344702094793,0.0749425143003464,0.000108513762825169,0.00527425948530436,LO_R
720575940627768453,720575940599729862,701160,314644,176200,701236,314748,176200,238311352,147.0,0.0670510083436966,0.33339589834213296,0.542231321334839,0.0128797758370638,0.00424095569178462,0.0402010716497898,LO_R
720575940636790158,720575940599729862,701556,315324,176200,701640,315392,176200,238311355,147.0,0.0204421393573284,0.909040629863739,0.00447138911113143,0.0659343078732491,4.13573161495151e-06,0.000107370928162709,LO_R
720575940614665726,720575940599729862,699480,314864,175360,699608,314864,175360,238311197,145.0,0.0413204059004784,0.7587866783142091,0.0733018442988396,0.11638712137937499,0.000292358396109194,0.009911611676216129,LO_R
720575940622283018,720575940599729862,704880,315628,175760,704840,315724,175720,238313717,145.0,0.018438708037138003,0.7887451648712159,0.129032284021378,0.0024618087336421,0.0023136546369642,0.0590083226561546,LO_R
720575940617830749,720575940599729862,702248,316984,176360,702276,316888,176360,238311390,57.0,0.00690132426097989,0.984660089015961,0.00140080996789038,0.0022364896722137898,5.09449782839511e-05,0.00475022057071328,LO_R
720575940627768453,720575940599729862,702244,315056,176400,702160,314960,176400,238311393,163.0,0.0795980617403984,0.458430707454681,0.36133819818496704,0.0945793017745018,0.00109663733746856,0.00495707290247083,LO_R
720575940622276106,720575940599729862,702976,316316,175360,702848,316304,175280,238313644,134.0,0.0684274882078171,0.23029112815856898,0.42025139927864097,0.00817059632390738,0.0135855237022042,0.259273827075958,LO_R
720575940620578548,720575940599729862,697268,316632,175240,697340,316572,175240,238314272,94.0,0.427773237228394,0.0298396907746792,0.5196402668952941,0.0209722314029932,0.000418273382820189,0.00135628553107381,LO_R
720575940637967728,720575940599729862,704380,315280,176040,704444,315404,176040,238313772,140.0,0.18917329609394098,0.591463387012482,0.19104082882404302,0.0233960635960102,0.000878584105521441,0.00404789531603456,LO_R
720575940628376679,720575940599729862,698376,316556,176120,698480,316508,176120,238314586,141.0,0.008267819881439209,0.885654330253601,0.0141308540478349,0.0779915228486061,0.000116925875772722,0.013838579878211,LO_R
720575940627768453,720575940599729862,700352,313524,175240,700476,313612,175240,238523426,82.0,0.0231903046369553,0.0642634630203247,0.88395357131958,0.000522629183251411,0.00248320354148746,0.0255867596715689,LO_R
720575940605980262,720575940599729862,702220,312916,175520,702220,312948,175440,238523473,168.0,0.000796399835962802,0.826446354389191,0.00016149936709553,0.170536071062088,1.94437734535313e-06,0.00205769180320203,LO_R
720575940627768453,720575940599729862,701564,313536,175800,701604,313480,175720,238523521,92.0,0.11948864161968199,0.151984632015228,0.715801477432251,0.0117435026913881,5.28047094121575e-05,0.000928952591493726,LO_R
720575940634615959,720575940599729862,705656,312984,175160,705552,313052,175160,238525941,137.0,0.000394988543121144,0.9848485589027409,7.937575719552109e-05,0.0137834530323744,9.85866108749178e-07,0.000892737123649567,LO_R
720575940629123914,720575940599729862,701764,314208,175840,701892,314156,175840,238523547,144.0,0.976435124874115,0.000191548082511872,0.0232154689729214,0.000105692335637286,9.2676291387761e-06,4.2881460103672e-05,LO_R
720575940629123914,720575940599729862,701864,311456,176000,701992,311432,176000,238523575,141.0,0.999795258045197,6.86821203998989e-06,0.000163819218869321,3.33402858814225e-05,5.74074050518902e-08,6.90916920120799e-07,LO_R
720575940634615959,720575940599729862,705152,312984,174920,705100,313080,174880,238525878,162.0,0.0235392395406961,0.7949901223182679,0.0561660751700401,0.0878858789801598,0.000640462967567146,0.0367782413959503,LO_R
720575940634615959,720575940599729862,705436,312984,175520,705424,313080,175520,238525999,140.0,0.0716986134648323,0.839851319789887,0.0181571263819933,0.0652975589036942,0.000126922881463543,0.00486848270520568,LO_R
720575940622276106,720575940599729862,704244,312208,175760,704180,312240,175720,238526007,145.0,0.009094026871025559,0.9215601086616519,0.0402738600969315,0.0208437908440828,0.000717461225576699,0.00751070491969585,LO_R
720575940634615959,720575940599729862,704408,312572,175800,704288,312584,175760,238526021,133.0,0.00040796474786475295,0.9833479523658749,5.1901282859034796e-05,0.0149117335677147,3.3395326681784397e-07,0.0012801121920347199,LO_R
720575940614827229,720575940599729862,703388,313560,176200,703336,313648,176200,238526065,145.0,0.9556534290313721,0.00038968402077443903,0.0436611548066139,1.4767684660910199e-05,2.19433932215907e-05,0.00025901032495312404,LO_R
720575940626979621,720575940599704006,699620,323464,175160,699696,323364,175160,239223432,140.0,0.995492696762085,0.00414549559354782,0.000335145770804957,2.5752915462362597e-06,3.0446344112533605e-07,2.37494314205833e-05,LO_R
720575940619685717,720575940599704006,702448,321240,174840,702452,321108,174840,239223391,168.0,0.0051338728517293895,0.9762286543846129,0.006285645999014379,0.0118533698841929,2.03261811293487e-06,0.000496461289003491,LO_R
720575940619685717,720575940599704006,702344,323768,174920,702248,323804,174920,239223403,137.0,0.00114412268158048,0.974962413311005,0.0009533247211948039,0.0210078451782465,2.76522791864409e-06,0.0019294932717457398,LO_R
720575940608822281,720575940599729862,700972,323332,175520,701104,323288,175560,239223471,151.0,0.00420807488262653,0.936130702495575,0.00036962641752325,0.0568746812641621,6.50498441245873e-06,0.0024104497861117103,LO_R
720575940619685717,720575940599704006,704292,322636,175280,704312,322760,175280,239225355,130.0,0.000579605344682932,0.995833516120911,1.8265427570440803e-05,0.00224683177657425,5.44683302905469e-07,0.0013211326440796302,LO_R
720575940619685717,720575940599704006,703288,323504,175080,703420,323500,175080,239225305,146.0,0.0012290268205106302,0.92867374420166,0.000449517072411254,0.0666022226214409,6.04919023317052e-06,0.0030393013730645197,LO_R
720575940599704006,720575940635196528,705344,323952,175160,705464,323912,175120,239225314,145.0,0.000589567527640611,0.823018372058868,3.45991611538921e-05,0.176037013530731,8.288002959488949e-07,0.000319624115945771,LO_R
720575940608822281,720575940599729862,699928,322664,176400,699836,322680,176400,239223529,100.0,0.0114458501338959,0.9840524196624759,0.00133331143297255,0.00287820934318006,1.9459275790723e-06,0.000288235314656049,LO_R
720575940616274971,720575940599729862,702736,321312,176160,702616,321260,176120,239225450,128.0,0.00607509259134531,0.990271508693695,0.00163213978521526,0.0011115454835817198,6.6479396991781e-06,0.000903049949556589,LO_R
720575940629123914,720575940599729862,697756,321136,176240,697776,321048,176240,239226161,137.0,0.962815284729004,0.00023033427714835898,0.0369236171245575,8.753929250815421e-06,3.5082450722256895e-06,1.85215558303753e-05,LO_R
720575940608822281,720575940599729862,697724,322552,175200,697700,322440,175200,239225995,144.0,0.0713732317090035,0.920789122581482,0.0010068770498037301,0.00338266254402697,1.2396923011692698e-05,0.00343574350699782,LO_R
720575940608822281,720575940599729862,698228,322356,175360,698288,322264,175360,239226014,146.0,0.00513451918959618,0.894289374351501,0.00530654191970825,0.0949665606021881,2.51692108577117e-06,0.000300381128909066,LO_R
720575940620578548,720575940599729862,698624,320968,176240,698680,321080,176240,239226151,166.0,0.29590037465095503,0.0801306888461113,0.5506752133369449,0.0698189735412598,0.000674491922836751,0.00280025135725737,LO_R
720575940622366218,720575940599704006,708564,321832,174880,708452,321804,174960,239229153,96.0,0.00486838957294822,0.775650262832642,0.000117323033919092,0.0155857400968671,0.000421949836891145,0.20335638523101798,LO_R
720575940620578548,720575940599729862,700064,320488,175800,699920,320416,175800,239837563,144.0,0.0035223737359046897,0.8499938249588009,0.0346310473978519,0.11022792011499401,1.0507474144105801e-05,0.0016141935484483801,LO_R
720575940637734768,720575940599729862,699560,319416,174720,699652,319432,174760,239837409,131.0,0.030543914064765,0.7999392747879029,0.0879169628024101,0.0225828476250172,0.0019065430387854602,0.0571104846894741,LO_R
720575940626979621,720575940599704006,702308,318352,175920,702292,318252,175880,239837576,62.0,0.17012579739093803,0.78338485956192,0.00517851952463388,0.00640066107735038,0.00074349157512188,0.0341667458415031,LO_R
720575940622655702,720575940599729862,699572,319992,175920,699596,320144,175920,239837583,131.0,0.00252743763849139,0.970204770565033,0.000899455975741148,0.0252973102033138,1.08268577605486e-05,0.0010601435787975801,LO_R
720575940616133493,720575940599704006,700568,319264,175120,700408,319324,175080,239837454,148.0,0.0199154801666737,0.550298869609833,0.381436914205551,0.047397855669260004,2.5181449018418802e-05,0.0009257078054361051,LO_R
720575940620578548,720575940599729862,700160,320464,175960,700124,320376,175960,239837585,60.0,0.0269723888486624,0.472870320081711,0.432354122400284,0.0253978855907917,0.00186767254490405,0.0405375845730305,LO_R
720575940626979621,720575940599704006,701468,317844,176080,701348,317808,176000,239837605,157.0,0.983432710170746,0.00878439843654633,0.00750133628025651,1.5436777175637e-05,4.70193845103495e-06,0.00026133417850360296,LO_R
720575940622773375,720575940599704006,700936,317676,176040,700920,317756,176040,239837614,125.0,0.00118813710287213,0.824590265750885,0.000126681494293734,0.17076767981052401,4.401084424898729e-06,0.0033227561507374,LO_R
720575940622773375,720575940599729862,701832,320000,176240,701872,320112,176200,239837650,138.0,0.000776920700445771,0.99346137046814,0.000271368451649323,0.004631140269339079,5.031424166190851e-07,0.000858735351357609,LO_R
720575940622282506,720575940599704006,702404,318200,175800,702500,318152,175720,239837533,107.0,0.18415674567222604,0.780629217624664,0.00543702952563763,0.00955486856400967,0.0018819908145815102,0.0183401387184858,LO_R
720575940622655702,720575940599729862,699632,318632,175720,699676,318532,175720,239837534,68.0,0.00806879717856646,0.980219185352325,0.0035054169129580303,0.006806470453739171,0.000328531954437494,0.0010715153766796,LO_R
720575940626979621,720575940599704006,702044,318736,175720,702000,318840,175720,239837536,120.0,0.629351079463959,0.37028878927230796,0.00027490602224133903,1.25116275739856e-06,1.56282709440347e-07,8.3749764598906e-05,LO_R
720575940620578548,720575940599729862,700580,320432,176200,700620,320308,176200,239837659,136.0,0.0904926061630249,0.510422348976135,0.27852219343185397,0.07804370671510699,0.00333025120198727,0.0391889400780201,LO_R
720575940620578548,720575940599729862,696484,319880,174840,696452,319792,174760,239840052,162.0,0.0076500871218740905,0.9422020912170409,0.0032005722168833,0.0373850204050541,9.663742093835029e-05,0.0094655929133296,LO_R
720575940612131058,720575940599704006,705388,319260,175560,705312,319328,175520,239839424,146.0,0.0618725754320622,0.421884745359421,0.5067458152770999,0.00340131740085781,5.2154078730382e-05,0.0060434308834374,LO_R
720575940612131058,720575940599704006,705536,319320,175520,705512,319448,175520,239839425,142.0,0.14307864010334,0.54971981048584,0.219422861933708,0.010783364996314002,0.00257068010978401,0.0744246318936348,LO_R
720575940622773375,720575940599729862,704300,319760,176240,704392,319904,176240,239839569,76.0,0.00439700996503234,0.9831545352935791,0.0004192050837446,0.0031783154699951397,1.6301755749736902e-05,0.008834609761834141,LO_R
720575940622773375,720575940599729862,704560,319392,176440,704624,319280,176360,239839585,144.0,0.00100560195278376,0.996775329113007,7.34346758690663e-05,0.00172570196446031,2.8755951575476496e-07,0.00041965639684349304,LO_R
720575940622773375,720575940599729862,704620,319780,176320,704720,319724,176320,239839594,145.0,0.000351548282196745,0.9753848314285279,1.28636820591055e-05,0.0229567531496286,3.35024139985762e-07,0.00129369890782982,LO_R
720575940622773375,720575940599704006,703816,319008,176320,703800,318912,176360,239839597,142.0,0.0200501848012209,0.9634000062942509,0.00411764858290553,0.0108630135655403,0.000106890242022928,0.0014622590970248,LO_R
720575940620578548,720575940599729862,698732,320148,175160,698844,320036,175160,239840106,139.0,0.00188525451812893,0.9699421525001529,0.000375243282178417,0.0245630331337452,1.1863183317473199e-05,0.00322235259227455,LO_R
720575940622666503,720575940599704006,705032,320240,175720,705172,320132,175760,239839483,141.0,0.999887347221375,5.64229774013825e-11,0.00011266591900493998,3.39441711229901e-14,4.351024020379311e-15,3.1524394504328305e-14,LO_R
720575940626979621,720575940599704006,702848,319536,175880,702904,319408,175880,239839501,96.0,0.303833335638046,0.59891551733017,0.0729086175560951,0.0109167909249663,0.00286751356907189,0.0105583174154162,LO_R
720575940622773375,720575940599729862,704160,319612,176040,704192,319532,176000,239839528,151.0,0.0204081106930971,0.9725676774978641,0.00244425958953798,0.002746561774984,3.4573116863612106e-05,0.00179888040293008,LO_R
720575940617651156,720575940599704006,706728,319564,175240,706616,319632,175280,239842951,146.0,0.0360919758677483,0.31861811876296997,0.39957720041275,0.24371030926704398,8.56339029269293e-05,0.00191673520021141,LO_R
720575940635858544,720575940599729862,696072,319440,176160,696168,319352,176160,239840372,152.0,0.0035206675529479998,0.8842828869819641,0.0016682988498359901,0.10964348167181,4.15709200751735e-06,0.0008806631085462869,LO_R
720575940627887888,720575940599704006,706552,319872,175960,706560,319776,175960,239843037,60.0,0.9247226715087891,0.00408993707969785,0.0685136392712593,0.00015954475384205601,0.000548358308151364,0.00196592858992517,LO_R
720575940612131058,720575940599704006,706012,319568,176200,706044,319680,176160,239843058,145.0,0.0018725489499047399,0.994121611118317,0.000523102702572942,0.0017329944530502,1.20709751172399e-06,0.0017485513817519,LO_R
720575940622933453,720575940599729862,695000,320152,175000,695072,320028,174960,239866997,154.0,0.00801459513604641,0.961930274963379,0.00984688103199005,0.0161182042211294,0.000135929745738395,0.00395419262349606,LO_R
720575940599459782,720575940629382150,696540,312988,203560,696580,313112,203600,148167877,125.0,0.0140367699787021,0.8999764919281009,0.0447605885565281,0.0218369532376528,0.000610301271080971,0.0187788084149361,LOP_R
720575940599459782,720575940629382150,690984,312248,205160,690872,312248,205160,30733297,145.0,0.0119183585047722,0.866463661193848,0.0325256697833538,0.0394101813435555,0.00139920238871127,0.0482829250395298,LOP_R
720575940599459782,720575940629382150,689324,318592,201720,689436,318604,201680,187834347,142.0,0.161914005875587,0.259324103593826,0.37331661581993103,0.00936751812696457,0.0367117933928967,0.159365981817245,LOP_R
720575940599459782,720575940612247026,694984,311012,204280,694908,311076,204320,147590471,142.0,0.0665344372391701,0.4394217133522029,0.375227957963943,0.0546869896352291,0.00491627026349306,0.059212714433669995,LOP_R
720575940599459782,720575940612247026,691708,312692,204120,691652,312588,204120,148175915,88.0,0.0456428043544292,0.67168003320694,0.0622780732810497,0.0195747371762991,0.009796186350286009,0.191028118133545,LOP_R
720575940599459782,720575940609518859,679516,310936,189840,679408,310968,189840,173565624,146.0,0.0115419803187251,0.9580655097961429,0.0063397311605513105,0.0034798544365912698,0.000334821117576212,0.020238010212779,LO_R
720575940599459782,720575940619306456,687196,316608,203400,687256,316520,203480,147975343,71.0,0.0353306867182255,0.0352818667888641,0.0288122203201056,0.0965669527649879,0.0710815042257309,0.7329267263412479,LOP_R
720575940599459782,720575940626979621,682136,308568,192240,682108,308660,192280,56472485,146.0,0.0615401864051819,0.8034672737121579,0.0358403772115707,0.081541433930397,0.00259515177458525,0.015015552751719998,LO_R
720575940599459782,720575940626979621,685356,307464,192680,685432,307528,192640,57937491,142.0,0.0146341035142541,0.837754905223846,0.0203497819602489,0.12139857560396199,0.00012405714369379,0.00573859037831426,LO_R
720575940599459782,720575940634612194,691832,312460,204720,691880,312360,204720,148175991,156.0,0.38332214951515203,0.28729388117790194,0.0732979327440262,0.104308843612671,0.0568220131099224,0.0949552655220032,LOP_R
720575940599459782,720575940616998843,693272,317096,201760,693232,317136,201720,186449099,81.0,0.0260690245777369,0.8623011708259579,0.0796072855591774,0.0060994760133326106,0.00156569096725434,0.0243573784828186,LOP_R
720575940599459782,720575940619612142,692856,317372,202440,692848,317488,202440,186428990,147.0,0.00511344103142619,0.8893709182739259,0.00481905974447727,0.0983988121151924,2.02171358978376e-05,0.0022775863762944898,LOP_R
720575940599459782,720575940633773919,687452,310668,190160,687448,310736,190120,61779818,55.0,0.818281054496765,0.17975687980651897,0.00138504186179489,1.17644697184005e-06,5.65311574973748e-06,0.000570222095120698,LO_R
720575940599459782,720575940605084774,680152,313248,190320,680076,313332,190320,62407432,132.0,0.0119250547140837,0.9495820403099059,0.00379416788928211,0.0013397301081568,0.000565931957680732,0.0327930562198162,LO_R
720575940599459782,720575940612247026,694352,309952,205560,694380,309896,205520,30100318,144.0,0.0470139048993588,0.7455552816390991,0.0961177721619606,0.10844162851571999,0.000639335194136947,0.00223208032548428,LOP_R
720575940599459782,720575940609879417,691036,312416,205040,690964,312480,205000,30733289,147.0,0.0051759639754891396,0.9397427439689641,0.00772459292784333,0.0420005694031715,7.19122472219169e-05,0.00528419809415937,LOP_R
720575940599459782,720575940622314339,691012,312288,205040,690896,312276,205040,30733291,145.0,0.00103927543386817,0.952311933040619,0.000411310233175755,0.0451036505401135,5.19956711286795e-06,0.00112871266901493,LOP_R
720575940599459782,720575940634612194,692796,314456,203400,692656,314536,203440,148175698,153.0,0.11105015873909001,0.575147569179535,0.252959907054901,0.0515089109539986,0.00116439221892506,0.00816906336694956,LOP_R
720575940599459782,720575940613582233,680200,313340,190080,680136,313444,190080,62407403,117.0,0.0285418648272753,0.932710289955139,0.0124782277271152,0.0016765984473750002,0.00135905912611634,0.023234011605382004,LO_R
720575940599459782,720575940628307026,693148,314216,203760,693192,314136,203760,148175800,139.0,0.0013247797032818198,0.9677799344062809,0.000805598800070584,0.0222303997725248,9.02762349141995e-06,0.00785020086914301,LOP_R
720575940599459782,720575940628307026,693164,314344,203920,693296,314376,203920,148175840,145.0,0.000375146977603436,0.978030979633331,6.640725769102571e-05,0.0202314108610153,1.59521482601122e-06,0.00129438622388989,LOP_R
720575940599459782,720575940612247026,691996,312708,204280,692120,312740,204320,148175944,142.0,0.0456195585429668,0.00760768400505185,0.0251799896359444,0.0379688553512096,0.0732226595282555,0.810401260852814,LOP_R
720575940599459782,720575940631341788,692900,317700,200680,692940,317688,200600,169773634,164.0,0.0048795947805047,0.9319080710411071,0.0125783365219831,0.0385881662368774,4.0977742173709e-05,0.0120048625394702,LOP_R
720575940599459782,720575940623207608,684032,313512,189200,683936,313464,189240,174156447,99.0,0.779206395149231,0.21770304441452,0.00147754943463951,3.09637507598381e-05,1.39268595376052e-05,0.00156812695786357,LO_R
720575940599459782,720575940626560220,680144,311124,192160,680128,311040,192120,56504167,129.0,0.0144295459613204,0.956014096736908,0.00596079416573048,0.00357614061795175,0.00022448693925980497,0.0197949446737766,LO_R
720575940599459782,720575940607951823,680104,311160,192120,680016,311096,192120,56504168,144.0,0.017361743375659,0.901154279708862,0.0226968321949244,0.0131055656820536,0.0012597268214449302,0.0444219596683979,LO_R
720575940599459782,720575940636271758,680000,311296,192200,679880,311184,192240,56504188,149.0,0.0171967856585979,0.89836460351944,0.0388659797608852,0.0259071458131075,0.00113787455484271,0.018527640029788,LO_R
720575940599459782,720575940631792524,680104,311124,192240,680008,311044,192240,56504173,84.0,0.0214659199118614,0.915349185466766,0.011203920468687999,0.00528987962752581,0.0018350639147684,0.0448560938239098,LO_R
720575940599459782,720575940633773919,682136,308984,191600,682048,308968,191600,56472348,145.0,0.00601647375151515,0.9300608038902279,0.00334438122808933,0.0437626615166664,9.45011561270803e-05,0.0167212206870317,LO_R
720575940599459782,720575940573668622,682180,309088,191680,682084,309136,191640,56472365,145.0,0.00206237332895398,0.8213078379631039,0.00371218728832901,0.170902222394943,1.0582648428680802e-05,0.00200489466078579,LO_R
720575940599459782,720575940633773919,682132,308504,192200,682104,308616,192240,56472473,143.0,0.0270129851996899,0.857589244842529,0.0374600477516651,0.0723148733377457,0.00047719574649818204,0.005145542323589329,LO_R
720575940599459782,720575940631341788,696160,313728,201440,696228,313640,201480,169990310,141.0,0.0211009997874498,0.669057250022888,0.115590691566467,0.185685649514198,0.00080768798943609,0.0077577251940965705,LOP_R
720575940599459782,720575940610732386,687888,310744,193240,687896,310608,193200,56489704,64.0,0.0545489750802517,0.927869260311127,0.007020705845206979,0.000448631762992591,0.000907041772734374,0.00920546520501375,LO_R
720575940599459782,720575940631341788,689736,318408,201680,689756,318456,201720,187834355,94.0,0.0153578948229551,0.9134991765022281,0.0476608239114285,0.0173074398189783,0.000423598190536723,0.0057510924525559,LOP_R
720575940599459782,720575940621116807,679964,311372,192200,679828,311324,192200,56504174,149.0,0.0236074551939964,0.847956001758575,0.06705242395401,0.0198284815996885,0.0047847842797637,0.0367707796394825,LO_R
720575940599459782,720575940624645127,685268,307512,192640,685316,307560,192560,57937466,140.0,0.046491838991642,0.7770837545394901,0.0707949101924896,0.091425932943821,0.00111494888551533,0.0130886547267437,LO_R
720575940599459782,720575940573859111,685340,307328,192640,685472,307296,192640,57937490,121.0,0.0584363304078579,0.6200289726257321,0.157070815563202,0.129374384880066,0.0030497405678033803,0.0320397540926933,LO_R
720575940599459782,720575940626119964,685416,307468,192880,685496,307540,192880,57937571,137.0,0.0146238999441266,0.9260941743850709,0.0027663703076541398,0.0469582676887512,0.00018028738850262,0.00937711913138628,LO_R
720575940599459782,720575940573872167,685336,307536,192800,685368,307624,192800,57937534,93.0,0.00652481336146593,0.973109066486359,0.00401949370279908,0.0110749108716846,3.13755008392036e-05,0.005240290891379121,LO_R
720575940599459782,720575940621116807,688468,310340,193600,688580,310396,193560,194704041,135.0,0.00349347549490631,0.930689096450806,0.0042123752646148205,0.0534092113375664,0.000103230311651714,0.008092690259218221,LO_R
720575940599459782,720575940634612194,686376,317052,202680,686288,316960,202720,186448369,133.0,0.0522802174091339,0.0181394033133984,0.0616632029414177,0.0447078831493855,0.0457373633980751,0.7774718999862671,LOP_R
720575940599459782,720575940634612194,689800,318568,201400,689824,318664,201440,171142864,146.0,0.00578237092122436,0.908142268657684,0.0243979524821043,0.0224958974868059,0.000455439963843674,0.0387261211872101,LOP_R
720575940599459782,720575940623207608,680152,313280,190040,680040,313352,190000,62407384,92.0,0.0162811353802681,0.9360885620117191,0.0111496802419424,0.00580875342711806,0.000647203938569874,0.0300246011465788,LO_R
720575940599459782,720575940623207608,680108,313240,190240,679988,313236,190240,62407430,140.0,0.0175810903310776,0.835786938667297,0.00694200629368424,0.0027448679320514198,0.00223919446580112,0.134705901145935,LO_R
720575940599459782,720575940607945679,680124,313292,190240,679992,313420,190200,62407422,142.0,0.0220994800329208,0.915635168552399,0.00574872642755508,0.0018446362810209398,0.000802519207354635,0.0538696050643921,LO_R
720575940599459782,720575940636271758,682704,314208,190360,682620,314300,190360,62407461,109.0,0.0278687495738268,0.9548490643501278,0.000651682494208217,0.000600058701820672,0.000325442961184308,0.0157050564885139,LO_R
720575940599459782,720575940610732386,682104,309004,191560,681968,309028,191520,61765344,149.0,0.010194405913353,0.9396714568138119,0.00642430363222957,0.0155498925596476,0.0006688173743896191,0.0274910293519497,LO_R
720575940599459782,720575940634612194,694936,310932,204240,694868,310976,204200,147590470,135.0,0.0630817413330078,0.26923710107803306,0.590841174125671,0.0295969415456057,0.00334146013483405,0.0439015403389931,LOP_R
720575940599459782,720575940612360755,687496,309304,190440,687424,309224,190440,61779891,97.0,0.131578713655472,0.8668087720870971,3.2653748348821e-05,2.3403265004162697e-05,1.0592883882054598e-05,0.00154574518091977,LO_R
720575940599459782,720575940601170237,685896,313688,190560,685916,313784,190520,62436544,128.0,0.103279411792755,0.0985970944166184,0.7302891612052921,0.0116861080750823,0.00459152553230524,0.0515567287802696,LO_R
720575940599459782,720575940505269102,686716,312152,190600,686680,312216,190600,62436553,109.0,0.0507909469306469,0.34416663646698,0.24959585070610002,0.0282369405031204,0.05329462513327599,0.273915022611618,LO_R
720575940599459782,720575940630154660,679556,310812,189880,679488,310728,189880,61793449,115.0,0.0135152377188206,0.945013165473938,0.007477940525859591,0.007550752721726891,0.000124720085295849,0.026318185031414,LO_R
720575940599459782,720575940630154660,679600,310984,189880,679496,311092,189880,61793457,142.0,0.016343979164958,0.922779142856598,0.0291227139532566,0.010337395593524,0.000571492360904813,0.0208452362567186,LO_R
720575940599459782,720575940607944143,679552,310872,189880,679484,310824,189920,61793465,91.0,0.0101034678518772,0.966554224491119,0.00645902613177896,0.0030893308576196397,7.4753857916221e-05,0.0137191293761134,LO_R
720575940599459782,720575940622734204,692812,314488,203440,692752,314640,203440,148175684,144.0,0.668013095855713,0.0771069303154945,0.22728499770164498,0.00828341208398342,0.00439399806782603,0.0149175878614187,LOP_R
720575940599459782,720575940622734204,692940,317680,200680,693004,317580,200640,169773643,147.0,0.00282673561014235,0.9631050229072571,0.00316045572981238,0.0264138001948595,2.3921369574964002e-05,0.00447022588923574,LOP_R
720575940599459782,720575940625691024,695760,313720,201480,695692,313652,201440,169990305,88.0,0.0431791357696056,0.590639293193817,0.21353957056999198,0.00872145220637322,0.0150718474760652,0.128848701715469,LOP_R
720575940599459782,720575940634612194,691880,312528,204440,691832,312388,204400,148175979,140.0,0.0326391197741032,0.0254917405545712,0.105860404670239,0.0770799815654755,0.0190147366374731,0.7399140000343319,LOP_R
720575940599459782,720575940621116807,682152,308908,191520,682040,308848,191520,61765343,148.0,0.0136097120121121,0.787297606468201,0.0200064685195684,0.00267252884805202,0.00497332587838173,0.17144039273262,LO_R
720575940599459782,720575940634612194,692440,313568,204040,692532,313552,204080,148175904,85.0,0.00404511764645577,0.984086811542511,0.000143023396958597,0.00474387034773827,4.705337050836529e-05,0.00693403789773583,LOP_R
720575940599459782,720575940634612194,696600,312920,203600,696712,312980,203600,148167874,145.0,0.00571805890649557,0.953921020030975,0.00760815385729075,0.0267642214894295,8.21909488877282e-05,0.00590633088722825,LOP_R
720575940599459782,720575940634612194,689432,317852,201640,689432,317724,201640,186436293,145.0,0.015806769952178,0.837386846542358,0.0605337172746658,0.0102999797090888,0.0021166922524571397,0.0738560333848,LOP_R
720575940599459782,720575940624943504,695128,311688,204280,695048,311688,204280,147590442,139.0,0.0129672149196267,0.88203638792038,0.0588136650621891,0.0318330675363541,0.00018572949920781,0.0141639057546854,LOP_R
720575940599459782,720575940624943504,692728,313784,203880,692836,313776,203880,148175826,133.0,0.000909311405848712,0.987776637077332,5.782385051134039e-05,0.0037714897189289297,1.89234833669616e-05,0.00746588315814734,LOP_R
720575940599459782,720575940624943504,691004,312224,205240,690888,312228,205240,30733321,70.0,0.0134246088564396,0.10516934096813198,0.0373335257172585,0.33530980348587,0.0491788014769554,0.459583967924118,LOP_R
720575940599459782,720575940628307026,687304,317864,201480,687392,317824,201480,169781168,129.0,0.0121660158038139,0.890319466590881,0.0315518341958523,0.042721439152956,0.000571620941627771,0.0226695351302624,LOP_R
720575940599459782,720575940634612194,692836,317388,202400,692828,317512,202360,186428983,149.0,0.00457983650267124,0.9393527507781979,0.00359704555012286,0.0483843386173248,2.63110887317453e-05,0.00405974546447396,LOP_R
720575940599459782,720575940634612194,696460,312944,203720,696432,313028,203760,148198006,144.0,0.0360194891691208,0.790823936462402,0.0871695503592491,0.0307095684111118,0.00242714933119714,0.0528503656387329,LOP_R
720575940599459782,720575940634612194,695108,311372,204440,695040,311436,204440,147590496,55.0,0.0745901241898537,0.611827492713928,0.213783398270607,0.0313698500394821,0.0019466723315417801,0.0664824768900871,LOP_R
720575940599459782,720575940634612194,686128,317840,201640,686028,317872,201680,186448107,141.0,0.0329923294484615,0.08802180737257,0.532335460186005,0.007450466975569729,0.147073283791542,0.19212661683559398,LOP_R
720575940599459782,720575940613498902,696412,313944,201600,696480,314004,201560,169962692,138.0,0.6802931427955631,0.16985996067523998,0.0283950045704842,0.0422750599682331,0.0132728600874543,0.0659040436148644,LOP_R
720575940599459782,720575940628307026,687128,316624,203400,687156,316656,203440,147975332,61.0,0.24517539143562303,0.150800123810768,0.0511467605829239,0.136230498552322,0.0830028355121613,0.33364441990852395,LOP_R
720575940599459782,720575940628307026,695384,311200,203960,695444,311152,203920,147590392,69.0,0.0578241944313049,0.846668541431427,0.0610089562833309,0.010631357319653,0.000526453426573426,0.0233405586332083,LOP_R
720575940599459782,720575940628307026,692368,313532,203960,692436,313436,203960,148175824,138.0,0.00203261873684824,0.972510695457459,0.0008301195339299741,0.0225449725985527,9.94750553218182e-06,0.00207155453972518,LOP_R
720575940599459782,720575940628307026,690136,317980,201360,690216,317880,201360,169773777,147.0,0.0785624757409096,0.665234982967377,0.16960942745208699,0.0242817047983408,0.007621470838785171,0.0546898730099201,LOP_R
720575940599459782,720575940449076617,695024,311448,203560,695124,311440,203520,147590317,135.0,0.733298480510712,0.0483055897057056,0.0308332368731499,0.0467364937067032,0.0159238874912262,0.124902255833149,LOP_R
720575940599459782,720575940449075593,695136,311480,203560,695288,311472,203560,147590327,150.0,0.0970496535301209,0.49661523103714006,0.126548185944557,0.16906641423702198,0.00877260789275169,0.101947851479054,LOP_R
720575940599459782,720575940610016377,695232,311556,203600,695368,311576,203560,147590330,136.0,0.0187253598123789,0.915128529071808,0.0402862168848515,0.0158466175198555,0.000320746068609878,0.00969259068369865,LOP_R
720575940599459782,720575940636130990,695156,311456,203600,695232,311328,203600,147590323,72.0,0.0497805811464787,0.859431087970734,0.0403024815022945,0.0106967659667134,0.0022805635817349,0.037508487701416,LOP_R
720575940599459782,720575940631341788,695160,311336,204000,695064,311368,203960,147590398,130.0,0.00415021181106567,0.938457071781158,0.0111298114061356,0.0169911552220583,0.000113154943392146,0.0291586332023144,LOP_R
720575940599459782,720575940643457572,695260,311568,203680,695400,311600,203720,147590354,61.0,0.00787269603461027,0.876316666603088,0.0217033103108406,0.0837078914046288,0.000145162310218439,0.010254162363708,LOP_R
720575940599459782,720575940449093513,695260,311204,204000,695212,311140,203960,147590391,155.0,0.0096364701166749,0.9162542223930359,0.0319622494280338,0.0163116734474897,0.000107358740933705,0.0257279239594936,LOP_R
720575940599459782,720575940610116757,695384,311144,204000,695368,311048,203960,147590397,152.0,0.0160367283970118,0.936601459980011,0.0272161867469549,0.00566617399454117,0.000251873163506389,0.0142274973914027,LOP_R
720575940599459782,720575940622734204,696048,311928,204040,696120,311896,204000,147590410,77.0,0.439185619354248,0.186598584055901,0.28343245387077304,0.0256838537752628,0.0225789956748486,0.0425204560160637,LOP_R
720575940599459782,720575940624943504,695284,311164,204000,695248,311048,204000,147590396,151.0,0.0169815812259913,0.836668968200684,0.0990447849035263,0.0236142817884684,0.000170386716490611,0.0235199965536594,LOP_R
720575940599459782,720575940612247026,696012,311904,204080,696088,311832,204080,147590445,80.0,0.31225797533989,0.10116192698478699,0.491871744394302,0.0163958929479122,0.0235882140696049,0.05472424626350401,LOP_R
720575940599459782,720575940621061545,695168,311784,204320,695072,311796,204280,147590443,141.0,0.0429701209068298,0.442934632301331,0.477771461009979,0.00720874173566699,0.00112222868483514,0.0279927793890238,LOP_R
720575940599459782,720575940610021753,695128,311212,204240,695044,311212,204240,147590421,141.0,0.0265018753707409,0.6434289813041689,0.295332878828049,0.0204174965620041,0.000108978492789902,0.0142097687348723,LOP_R
720575940599459782,720575940621920982,695236,311152,204040,695120,311060,204040,147590419,140.0,0.0143566178157926,0.749456882476807,0.18335673213005102,0.0355056561529636,9.2898822913412e-05,0.0172311719506979,LOP_R
720575940599459782,720575940593060725,695176,311156,204160,695072,311084,204160,147590455,73.0,0.017931155860424,0.477753698825836,0.41825020313262895,0.0205024089664221,0.000245084782363847,0.0653173625469208,LOP_R
720575940599459782,720575940612247026,695188,311336,204120,695028,311340,204120,147590456,68.0,0.00290792994201183,0.8819728493690491,0.0234127417206764,0.0842495039105415,5.42350562682259e-06,0.007451542653143409,LOP_R
720575940599459782,720575940449104777,695132,311144,204200,694976,311156,204160,147590465,142.0,0.0427028238773346,0.207521036267281,0.7111968994140629,0.00956037547439337,0.000497620087116957,0.0285212676972151,LOP_R
720575940599459782,720575940449104777,695112,311332,204320,695008,311316,204360,147590480,143.0,0.0380712375044823,0.8052547574043271,0.110779851675034,0.0254615917801857,0.000259086053119972,0.0201734006404877,LOP_R
720575940599459782,720575940610021753,694924,310976,204320,694844,310992,204320,147590487,131.0,0.158071652054787,0.348487734794617,0.412988156080246,0.039183896034956,0.0112293297424912,0.0300392303615808,LOP_R
720575940599459782,720575940643457572,695160,311808,204200,695120,311880,204200,147590474,133.0,0.0280313845723867,0.561709105968475,0.353002518415451,0.0164263006299734,0.000930048699956387,0.0399006679654121,LOP_R
720575940599459782,720575940628307026,696008,311940,204080,696056,311968,204120,147590462,78.0,0.187633216381073,0.13696259260177598,0.46675652265548706,0.0162011049687862,0.0473914965987206,0.14505514502525302,LOP_R
720575940599459782,720575940624943504,695272,311664,204520,695248,311772,204560,147590547,111.0,0.6747708320617679,0.077347420156002,0.134049251675606,0.0589956380426884,0.00941676925867796,0.045420091599226,LOP_R
720575940599459782,720575940493082741,687176,316660,203400,687244,316744,203360,147975316,51.0,0.0192893724888563,0.014813388697803001,0.0148845762014389,0.324020355939865,0.0429869368672371,0.5840054154396059,LOP_R
720575940599459782,720575940612247026,696592,312928,203520,696680,313000,203520,148167845,137.0,0.00288732280023396,0.980508029460907,0.0041074366308748705,0.0035763536579906897,0.00012947074719704698,0.00879135448485613,LOP_R
720575940599459782,720575940584520686,696616,312840,203520,696728,312832,203520,148167844,155.0,0.0021264061797410198,0.9828596711158749,0.0017854314064607,0.0066280858591198895,2.7384458007873002e-05,0.0065730637870729,LOP_R
720575940599459782,720575940523875874,696524,312640,203560,696616,312564,203560,148167857,72.0,0.00210882048122585,0.951805770397186,0.0035617193207144703,0.0381528586149216,1.68870938068721e-05,0.0043539619073271795,LOP_R
720575940599459782,720575940610018937,696536,312896,203760,696624,312936,203760,148167919,93.0,0.0443615913391113,0.561688005924225,0.315496772527695,0.00860494188964367,0.004450862295925621,0.0653978511691093,LOP_R
720575940599459782,720575940627348617,692424,313552,203960,692568,313520,203960,148175835,145.0,0.00187457981519401,0.983853101730347,0.000366797961760312,0.0114930542185903,1.16567262011813e-05,0.00240083876997232,LOP_R
720575940599459782,720575940621724326,692692,313716,203840,692740,313664,203840,148175816,163.0,0.00111631862819195,0.98962676525116,0.00015157432062551398,0.00352891208603978,0.00010630305041559,0.005470160394907,LOP_R
720575940599459782,720575940588417750,692312,313512,203880,692344,313424,203840,148175814,139.0,0.0022909562103450303,0.97591632604599,0.00213388330303133,0.0169386547058821,1.4106089111010099e-05,0.00270599429495633,LOP_R
720575940599459782,720575940593268341,692648,313688,203840,692676,313572,203880,148175815,170.0,0.000987762468867004,0.9892232418060299,0.000126550236018375,0.0009566411026753491,0.00018865370657295,0.008517094887793059,LOP_R
720575940599459782,720575940588418262,692324,313500,203960,692320,313380,203960,148175850,138.0,0.00150316196959466,0.9696142673492428,0.000758237845730037,0.0255459193140268,1.0091448530147301e-05,0.00256833387538791,LOP_R
720575940599459782,720575940588416726,692340,313548,204000,692368,313480,204040,148175887,145.0,0.00337522849440575,0.979231715202332,0.00110010651405901,0.0107635948807001,2.05662108783144e-05,0.00550874602049589,LOP_R
720575940599459782,720575940621724326,693120,314204,203920,693232,314160,203960,148175856,140.0,0.00100581010337919,0.98115485906601,6.702850077999761e-05,0.0121940514072776,2.93824882646732e-06,0.00557535979896784,LOP_R
720575940599459782,720575940622734204,692728,313664,203920,692732,313624,203960,148175852,140.0,0.00059241708368063,0.9951757192611691,1.15383782031131e-05,0.00196905015036464,9.441233487450521e-06,0.00224173278547823,LOP_R
720575940599459782,720575940591271845,693080,314320,204040,693180,314384,204080,148175894,88.0,0.00513414805755019,0.924429714679718,0.00600439729169011,0.0422551967203617,0.000149249943206087,0.0220272857695818,LOP_R
720575940599459782,720575940580009496,692764,314928,204040,692640,314940,204040,148175897,51.0,0.00961342826485634,0.62802916765213,0.11496094614267402,0.0262067150324583,0.00601306464523077,0.215176627039909,LOP_R
720575940599459782,720575940622734204,692864,314952,204000,692944,315040,204040,148175898,154.0,0.0116480244323611,0.28211236000060996,0.562901377677918,0.0138930203393102,0.0190856158733368,0.11035960167646401,LOP_R
720575940599459782,720575940588419030,691776,312592,204240,691740,312456,204240,148175929,98.0,0.051082618534565,0.0728408321738243,0.23011741042137102,0.0291925705969334,0.0160529594868422,0.600713610649109,LOP_R
720575940599459782,720575940588418006,691992,312616,204280,692016,312516,204280,148175942,141.0,0.0318963974714279,0.0187085475772619,0.0841018557548523,0.14020814001560197,0.0252052117139101,0.699879825115204,LOP_R
720575940599459782,720575940588419542,691956,312496,204400,691972,312380,204400,148175969,144.0,0.045700978487730005,0.0156948361545801,0.0611769147217274,0.179256230592728,0.0283094272017479,0.6698616147041321,LOP_R
720575940599459782,720575940621920982,693088,314344,204000,693096,314464,204040,148175896,141.0,0.00329581089317799,0.9623824954032901,0.00199686596170068,0.024631891399622,8.33980448078364e-05,0.007609449326992041,LOP_R
720575940599459782,720575940610116757,691056,312308,204840,690920,312284,204800,148176064,149.0,0.0100307185202837,0.7422969937324521,0.0628180503845215,0.12088858336210301,0.000629407819360495,0.0633362382650375,LOP_R
720575940599459782,720575940448500208,691092,312240,204840,691084,312116,204880,148176072,136.0,0.0023265897762030398,0.8761988878250121,0.00661723269149661,0.106559909880161,1.36303342515021e-05,0.0082837687805295,LOP_R
720575940599459782,720575940628307026,691032,312352,204960,690896,312336,204920,148176075,143.0,0.0056605632416904,0.9180989861488341,0.0141042517498136,0.0544333681464195,6.91824170644395e-05,0.00763358501717448,LOP_R
720575940599459782,720575940624943504,696400,312608,203560,696408,312472,203560,148197903,144.0,0.0043136994354426896,0.903263688087463,0.00926021672785282,0.0806615203619003,3.8053902244428207e-05,0.00246288347989321,LOP_R
720575940599459782,720575940616998843,696376,312600,203680,696400,312504,203680,148197972,137.0,0.0104544879868627,0.901170551776886,0.0217953957617283,0.0391313433647156,0.000361337210051715,0.0270868446677923,LOP_R
720575940599459782,720575940621061545,696384,312616,203680,696416,312556,203720,148197995,135.0,0.0116726718842983,0.913148164749146,0.0219089314341545,0.0259217265993357,0.00052962580230087,0.0268189068883657,LOP_R
720575940599459782,720575940622005962,693056,317860,200600,693100,317796,200560,169773623,93.0,0.0189207326620817,0.9061520099639889,0.030128289014101,0.0239595081657171,0.00022506044479087003,0.0206143911927938,LOP_R
720575940599459782,720575940619306456,692912,317680,200680,692828,317580,200680,169773644,133.0,0.00225549982860684,0.9602097272872929,0.0030614754650741803,0.0309121962636709,1.19283495223499e-05,0.0035492267925292297,LOP_R
720575940599459782,720575940622314339,690112,317928,201000,690160,317820,201000,169773701,146.0,0.268161833286285,0.345193445682526,0.321264624595642,0.00510624004527926,0.0129644591361284,0.0473093762993813,LOP_R
720575940599459782,720575940622314339,692840,317976,201120,692756,318024,201120,169773713,68.0,0.0342120677232742,0.774982035160065,0.10519099980592699,0.00648068124428391,0.00503727048635483,0.0740969255566597,LOP_R
720575940599459782,720575940622005706,693004,317644,200720,693064,317512,200720,169773661,137.0,0.0165908876806498,0.9106063842773441,0.0383713021874428,0.0167965441942215,0.00119073234964162,0.0164441242814064,LOP_R
720575940599459782,720575940451098428,693020,317592,200760,693196,317552,200720,169773662,100.0,0.0553920455276966,0.7292114496231079,0.10743676871061301,0.00908529292792082,0.013026193715631998,0.0858482792973518,LOP_R
720575940599459782,720575940457916281,689960,317856,201040,690008,317732,201000,169773699,141.0,0.109629489481449,0.353240936994553,0.49168935418128995,0.00416765594854951,0.008110063150525091,0.0331624783575535,LOP_R
720575940599459782,720575940457916281,690088,317952,201480,690120,317868,201480,169773786,115.0,0.0320445597171783,0.7396281957626339,0.147654384374619,0.0170312244445086,0.005094537511467929,0.0585471279919148,LOP_R
720575940599459782,720575940631341788,690148,318024,201440,690248,318020,201400,169773788,150.0,0.0666443184018135,0.7996872663497929,0.0944669619202614,0.0216705538332462,0.00158041168469936,0.0159505903720856,LOP_R
720575940599459782,720575940621914314,689920,317860,201000,689856,317752,201000,169781037,142.0,0.0465932786464691,0.722441375255585,0.187631115317345,0.0114454794675112,0.00430118246003985,0.0275875478982925,LOP_R
720575940599459782,720575940629382150,687400,317888,201280,687364,317744,201240,169781084,144.0,0.00151728978380561,0.9838814735412601,0.000151496395119466,0.0105418246239424,7.72840485296911e-06,0.0039001926779747,LOP_R
720575940599459782,720575940612247026,689864,317856,201080,689828,317732,201080,169781063,144.0,0.0831492841243744,0.515657246112824,0.348195731639862,0.0069367820397019395,0.0109503967687488,0.0351105816662312,LOP_R
720575940599459782,720575940621910474,687448,317920,201280,687488,317828,201320,169781097,147.0,0.00443938886746764,0.985861301422119,0.000100250326795504,0.00157149194274098,2.26527608901961e-05,0.00800491124391556,LOP_R
720575940599459782,720575940634857583,696164,313904,201160,696280,313844,201160,169990268,140.0,0.0362672172486782,0.7167235016822819,0.18551592528820002,0.0150100933387876,0.0050047361291945,0.0414785109460354,LOP_R
720575940599459782,720575940625691024,696180,313840,201280,696240,313724,201280,169990284,142.0,0.0127091314643621,0.8864986896514889,0.0674353539943695,0.0167233776301146,0.000285428803181276,0.016347948461771,LOP_R
720575940599459782,720575940612247026,696184,313812,201360,696280,313748,201360,169990300,118.0,0.0177647545933723,0.8420597910881039,0.0324971862137318,0.0771036744117737,0.0004891565185971559,0.0300855096429586,LOP_R
720575940599459782,720575940609993337,695804,313868,201360,695760,313780,201320,169990296,74.0,0.0554677993059158,0.31653112173080394,0.370240867137909,0.022531945258378996,0.0225125085562468,0.21271571516990698,LOP_R
720575940599459782,720575940610012793,695892,313688,201440,695872,313536,201480,169990309,77.0,0.0386375039815903,0.239071428775787,0.626019477844238,0.0286587662994862,0.0140139730647206,0.0535988435149193,LOP_R
720575940599459782,720575940609993337,695668,313632,201520,695580,313544,201520,169990320,71.0,0.0369661152362823,0.53102844953537,0.263606935739517,0.00731361843645573,0.0379324667155743,0.123152412474155,LOP_R
720575940599459782,720575940643457572,695892,313780,201360,695848,313648,201360,169990293,150.0,0.0564318038523197,0.25296732783317605,0.608092784881592,0.0272309705615044,0.0123613746836782,0.0429157502949238,LOP_R
720575940599459782,720575940622005962,693092,318136,201000,693048,318236,201000,171136124,114.0,0.0827191919088364,0.24321649968624104,0.427976131439209,0.00974784232676029,0.0138030434027314,0.22253724932670602,LOP_R
720575940599459782,720575940621915338,689920,318448,201560,690012,318504,201560,171136257,149.0,0.0150482635945082,0.936422884464264,0.0365981943905354,0.00145629828330129,0.00017107384337578001,0.0103032160550356,LOP_R
720575940599459782,720575940629668713,687404,318608,201240,687432,318700,201240,171142818,153.0,0.0267817694693804,0.745240867137909,0.18150378763675698,0.0148079851642251,0.0030785733833909,0.028587032109499002,LOP_R
720575940599459782,720575940634857583,687288,318624,201240,687304,318748,201240,171142819,82.0,0.0183759164065123,0.8612156510353092,0.0614276379346848,0.0030683993827551603,0.00505973631516099,0.0508526600897312,LOP_R
720575940599459782,720575940623207608,689816,318544,201320,689876,318608,201320,171142839,149.0,0.0069781020283699,0.9085756540298459,0.0363754518330097,0.00323618296533823,0.00066618068376556,0.0441684424877167,LOP_R
720575940599459782,720575940522055686,689668,318576,201280,689652,318664,201240,171142817,149.0,0.00344456941820681,0.949619233608246,0.0137311397120357,0.0013618430821225,0.000172166153788567,0.0316710919141769,LOP_R
720575940599459782,720575940621910474,689748,318584,201320,689788,318676,201320,171142829,140.0,0.0024702779483050104,0.970106303691864,0.00841548573225737,0.00602858979254961,5.60079424758442e-05,0.0129233626648784,LOP_R
720575940599459782,720575940614089188,689624,318560,201400,689572,318640,201400,171142841,144.0,0.00421449728310108,0.971026182174683,0.0102859456092119,0.0026032947935164,0.000224038580199704,0.0116460816934705,LOP_R
720575940599459782,720575940407793264,687092,318496,201480,687100,318588,201480,171142878,67.0,0.009440643712878229,0.8797432780265809,0.0602159909904003,0.0190810896456242,0.000831326993647963,0.0306876972317696,LOP_R
720575940599459782,720575940614089188,687000,318492,201440,686892,318616,201440,171142879,142.0,0.00317224115133286,0.9607440829277042,0.0119395144283772,0.019224364310503003,0.00010009716061176701,0.00481979921460152,LOP_R
720575940599459782,720575940622008010,689708,318540,201440,689708,318704,201480,171142886,145.0,0.00373216462321579,0.964559137821198,0.0120854759588838,0.00203444412909448,0.00012488037464208898,0.0174637865275145,LOP_R
720575940599459782,720575940612247026,689872,318480,201600,689928,318588,201600,171142898,134.0,0.0210344325751066,0.8788433670997621,0.0759353041648865,0.0119435293599963,0.000667234184220433,0.0115761756896973,LOP_R
720575940599459782,720575940631792524,679836,311064,189840,679872,311208,189840,173538557,140.0,0.0307805668562651,0.7195194363594059,0.0639550238847733,0.0148833096027374,0.00675057573243976,0.164111152291298,LO_R
720575940599459782,720575940607943631,679720,311060,189800,679704,311184,189800,173565613,140.0,0.00984699930995703,0.966428518295288,0.00489569222554565,0.00631496589630842,7.93610161053948e-05,0.0124344555661082,LO_R
720575940599459782,720575940607943631,679544,311016,189800,679468,311108,189800,173565619,140.0,0.0134084634482861,0.9190256595611569,0.0268027614802122,0.00710293557494879,0.00038482921081595096,0.0332753658294678,LO_R
720575940599459782,720575940599638726,684060,313448,189200,683960,313344,189200,174156434,51.0,0.478522390127182,0.517454028129578,0.00140656088478863,0.000360631354851648,2.53477155638393e-05,0.0022310595959425,LO_R
720575940599459782,720575940624943504,693080,314304,204000,693216,314276,204040,148175892,146.0,0.0042237676680088,0.9489794373512271,0.00300584500655532,0.0263599157333374,0.000177445428562351,0.0172535832971334,LOP_R
720575940599459782,720575940624943504,692988,318128,201080,692928,318224,201080,171136145,146.0,0.0431526489555836,0.64401251077652,0.19949094951152802,0.0126290330663323,0.0108201038092375,0.0898946970701218,LOP_R
720575940599459782,720575940624943504,689748,318484,201560,689768,318632,201560,171142899,151.0,0.0195158440619707,0.8743494153022769,0.0708139762282372,0.00762619590386748,0.0005827969871461389,0.0271118134260178,LOP_R
720575940599459782,720575940624943504,687400,317936,201400,687480,317900,201440,169781142,141.0,0.00771141378208995,0.923404693603516,0.0105368262156844,0.0474124290049076,0.00017406765255145701,0.010760591365396999,LOP_R
720575940599459782,720575940634612194,691496,312420,204360,691520,312320,204320,148175951,133.0,0.0269685313105583,0.00720212841406465,0.0182517003268003,0.0147742088884115,0.011449103243648999,0.9213543534278871,LOP_R
720575940599459782,720575940628307026,695312,311724,204520,695372,311816,204560,147590535,102.0,0.531636595726013,0.14187029004097,0.233222022652626,0.0461097806692123,0.0141615085303783,0.0329997204244137,LOP_R
720575940599459782,720575940631341788,693184,317172,201840,693144,317236,201840,186428857,137.0,0.03353426232934,0.5139698982238771,0.160088270902634,0.0154105490073562,0.0178057011216879,0.259191364049911,LOP_R
720575940599459782,720575940591271589,693184,316968,201800,693068,316904,201760,186428847,142.0,0.113571748137474,0.43207129836082503,0.402115643024445,0.00539941806346178,0.00336400046944618,0.0434778705239296,LOP_R
720575940599459782,720575940451141180,693224,317212,201920,693192,317320,201920,186428878,140.0,0.10039861500263199,0.277445018291473,0.27630504965782204,0.00648955674842,0.0404052622616291,0.29895648360252397,LOP_R
720575940599459782,720575940636130990,692704,317344,202440,692624,317404,202440,186428989,144.0,0.004775471519678829,0.947695136070251,0.010302472859621,0.0279290266335011,7.0583111664746e-05,0.009227246977388859,LOP_R
720575940599459782,720575940627949834,693024,317288,202560,693056,317368,202560,186429011,67.0,0.14966858923435197,0.604325175285339,0.0811616256833077,0.0110047552734613,0.0158177744597197,0.138022094964981,LOP_R
720575940599459782,720575940451144508,692920,317364,202440,692980,317472,202440,186428988,150.0,0.00309457490220666,0.955449223518372,0.0008313318248838191,0.0391941517591476,1.04553519122419e-05,0.0014203656464815099,LOP_R
720575940599459782,720575940451156284,692768,317372,202440,692700,317468,202480,186428991,144.0,0.00457808095961809,0.919536530971527,0.00920067634433508,0.0642331168055534,2.2314070520224e-05,0.00242919381707907,LOP_R
720575940599459782,720575940607999755,692824,317344,202520,692780,317444,202520,186429002,144.0,0.0135337831452489,0.911590993404388,0.0293769687414169,0.0151884453371167,0.0007896515890024599,0.0295200869441032,LOP_R
720575940599459782,720575940621912522,686384,317052,202640,686312,317028,202600,186448364,162.0,0.28528705239296,0.121548570692539,0.368961781263351,0.0798519626259804,0.0389982350170612,0.10535238683223701,LOP_R
720575940599459782,720575940599461318,686256,317048,202760,686208,317008,202800,186448382,138.0,0.0270773246884346,0.392045885324478,0.290650904178619,0.0653178244829178,0.0113131515681744,0.213594883680344,LOP_R
720575940599459782,720575940451141180,693288,316960,201760,693220,316980,201720,186449090,157.0,0.0179250165820122,0.9119327664375309,0.0508744493126869,0.0042267432436347,0.00042487934115342796,0.014616159722209,LOP_R
720575940599459782,720575940607999755,693280,316928,201760,693212,316840,201760,186449088,129.0,0.0307341255247593,0.896641075611115,0.0569061189889908,0.00264221057295799,0.000464509794255719,0.0126118902117014,LOP_R
720575940599459782,720575940622008010,693360,317124,201840,693440,317280,201840,186449137,57.0,0.0551940016448498,0.793411493301392,0.0966599211096764,0.00386096397414804,0.00512525392696261,0.0457483567297459,LOP_R
720575940599459782,720575940610147193,696576,313512,202360,696636,313568,202400,186620433,151.0,0.0427770614624023,0.28831484913826,0.0383548587560654,0.16492982208728799,0.0785028710961342,0.387120515108109,LOP_R
720575940599459782,720575940614089188,689584,318480,201640,689520,318576,201640,187834339,127.0,0.0348392762243748,0.31033512949943504,0.602713763713837,0.0340171754360199,0.00256160413846374,0.0155330738052726,LOP_R
720575940599459782,720575940621724326,689856,318444,201640,689944,318512,201640,187834341,89.0,0.0417359657585621,0.661470592021942,0.279754489660263,0.0102215269580483,0.00034893912379629905,0.0064685107208788395,LOP_R
720575940599459782,720575940621915082,689776,318296,201720,689828,318344,201760,187834361,65.0,0.00534251891076565,0.9119512438774109,0.0139230182394385,0.0646618753671646,8.71607553563081e-05,0.00403411034494638,LOP_R
720575940599459782,720575940613498902,686344,317096,202720,686240,317096,202720,186448370,140.0,0.0539296269416809,0.213590025901794,0.335212975740433,0.0819186270236969,0.0167780797928572,0.298570662736893,LOP_R
720575940599459782,720575940633773919,688080,310568,193360,688040,310436,193360,194703978,74.0,0.0653616786003113,0.8424380421638492,0.07038963586092,0.0050022639334201795,0.000580173975322396,0.0162282530218363,LO_R
720575940599459782,720575940454816864,688516,310192,193600,688640,310200,193560,194704040,142.0,0.0173126012086868,0.881238758563995,0.0326054804027081,0.0439532175660133,0.000685577397234738,0.0242043975740671,LO_R
720575940599459782,720575940592927093,688628,310120,193680,688740,310112,193640,194704052,114.0,0.0141532430425286,0.907865405082703,0.0205015819519758,0.0150003721937537,0.0011059814132750002,0.0413734540343285,LO_R
720575940599459782,720575940633773919,688456,310280,193600,688456,310216,193520,194704029,172.0,0.00476592965424061,0.960172891616821,0.0032503483816981303,0.0261932127177715,4.137377982260661e-05,0.005576308816671371,LO_R
720575940599459782,720575940628007015,683780,310168,193360,683684,310256,193360,194687362,96.0,0.0943315327167511,0.448577046394348,0.0460625886917114,0.401644110679626,0.00233653164468706,0.007048229221254591,LO_R
720575940599459782,720575940622875402,683464,311056,194080,683496,311164,194040,194687513,54.0,0.8865070343017579,0.0269010700285435,0.0650943219661713,0.00429550232365727,0.00228867353871465,0.0149133745580912,LO_R
720575940599459782,720575940621940682,683364,310984,194080,683268,310976,194080,194687526,75.0,0.9690548777580258,0.00314577086828649,0.0257183685898781,0.000338425335939974,0.000516565341968089,0.00122589815873653,LO_R
720575940599459782,720575940623363050,686976,308544,193600,686928,308472,193600,196151105,140.0,0.516932487487793,0.272251218557358,0.0720335245132446,0.0180845893919468,0.0228589754551649,0.0978392139077187,LO_R
720575940599459782,720575940634612194,693288,317168,201840,693260,317296,201840,186449130,146.0,0.0716507211327553,0.5856306552886961,0.267587184906006,0.00315927504561841,0.0109095852822065,0.0610625632107258,LOP_R
720575940599459782,720575940634612194,693052,317740,200640,693112,317600,200640,169773633,149.0,0.00646817032247782,0.947767555713654,0.0065864403732121,0.0270909331738949,0.00017902042600326202,0.0119079668074846,LOP_R
720575940599459782,720575940634612194,693076,317908,200560,693104,317972,200520,169773618,161.0,0.0293533504009247,0.770918786525726,0.139278247952461,0.0350756831467152,0.000748297839891166,0.0246256496757269,LOP_R
720575940599459782,720575940634612194,691744,312656,204160,691832,312572,204160,148175877,69.0,0.0491134710609913,0.28501829504966697,0.0936565026640892,0.0218483805656433,0.0308080893009901,0.519555270671845,LOP_R
720575940599459782,720575940628307026,680204,313280,190240,680180,313436,190200,62407416,71.0,0.0265244916081429,0.8894254565238949,0.00801096111536026,0.000706299382727593,0.0022585352417081603,0.0730743855237961,LO_R
720575940599459782,720575940634612194,692892,317632,200720,692824,317480,200720,169773660,125.0,0.00417307252064347,0.95192289352417,0.00984296761453152,0.0297682136297226,3.6521581932902295e-05,0.00425633694976568,LOP_R
720575940599459782,720575940628307026,691872,312512,204760,691948,312456,204760,148175992,59.0,0.421710848808289,0.275236904621124,0.0486645475029945,0.14854741096496601,0.0245798844844103,0.0812604650855064,LOP_R
720575940599459782,720575940628307026,679548,310872,189880,679376,310840,189840,173565630,144.0,0.0141280246898532,0.9473012089729309,0.0115355607122183,0.00484253279864788,0.000165315796039067,0.0220273453742266,LO_R
720575940599459782,720575940628307026,695104,311296,204520,694988,311288,204480,147590513,63.0,0.049137968569994,0.483943790197372,0.270405501127243,0.0133684249594808,0.0037706601433455896,0.179373651742935,LOP_R
720575940599459782,720575940628307026,690108,317908,201120,690152,317816,201120,169773717,117.0,0.144685715436935,0.253192245960236,0.469813853502274,0.00529585499316454,0.0430220291018486,0.0839902684092522,LOP_R
720575940599459782,720575940628307026,692920,318052,201120,692848,318104,201120,171136143,133.0,0.0360449887812138,0.6250038743019101,0.185039788484573,0.00569318328052759,0.009702258743345741,0.138515934348106,LOP_R
720575940599459782,720575940634612194,693012,318112,201120,692980,318240,201120,171136169,138.0,0.0598632544279099,0.498569190502167,0.23021386563777899,0.0137204630300403,0.0138946520164609,0.183738529682159,LOP_R
720575940599459782,720575940624943504,696120,313796,201360,696168,313664,201360,169990295,145.0,0.0122400904074311,0.7544049024581909,0.0325612090528011,0.183986157178879,0.000562921457458288,0.0162447951734066,LOP_R
720575940599459782,720575940625691024,695824,313872,201280,695764,313784,201240,169990285,144.0,0.0709064453840256,0.238974153995514,0.41874751448631303,0.038528535515069996,0.0158939715474844,0.21694940328598,LOP_R
720575940599459782,720575940634612194,695232,311272,204040,695112,311212,204000,147590408,138.0,0.00996577367186546,0.8269283175468449,0.0948819220066071,0.0260669011622667,0.00013498503540176898,0.0420221239328384,LOP_R
720575940599459782,720575940634612194,693052,314232,204040,693136,314184,204040,148175891,76.0,0.00517784338444471,0.932506680488586,0.00261192838661373,0.0429806597530842,4.71742350782733e-05,0.0166757684201002,LOP_R
720575940599459782,720575940628307026,696616,312844,203640,696752,312840,203600,148167872,124.0,0.00527100451290607,0.960346698760986,0.0104863233864307,0.0188503284007311,0.000158730952534825,0.0048869149759411794,LOP_R
720575940599459782,720575940622734204,695084,311732,204200,694956,311752,204240,147590473,146.0,0.0103559037670493,0.88272750377655,0.0296980161219835,0.0736532807350159,0.000104191589343827,0.00346111692488194,LOP_R
720575940599459782,720575940622734204,693172,314240,203880,693268,314204,203880,148175828,148.0,0.000354497780790552,0.97907155752182,1.30252728922642e-05,0.0168338213115931,9.220930792253059e-07,0.0037260958924889604,LOP_R
720575940599459782,720575940622734204,693184,317200,201800,693172,317240,201760,186449118,137.0,0.027749078348279,0.777210891246796,0.11952004581689801,0.0162612553685904,0.00311905145645142,0.0561396926641464,LOP_R
720575940599459782,720575940622734204,695156,311328,204200,695068,311348,204240,147590466,103.0,0.00306806829757988,0.9296786785125729,0.0194558799266815,0.0285023301839828,1.12612560769776e-05,0.0192836616188288,LOP_R
720575940599459782,720575940626979621,680000,311344,192280,680100,311436,192360,56504208,66.0,0.0219678338617086,0.8260668516159059,0.0652485936880112,0.0085472920909524,0.0029622605070471803,0.0752071589231491,LO_R
720575940599459782,720575940629382150,691120,312200,205040,691092,312108,205040,30074820,55.0,0.0026155838277190898,0.9790721535682679,0.00189996464177966,0.0146735860034823,5.39895518159028e-06,0.00173332635313272,LOP_R
720575940599459782,720575940629382150,693016,314164,203840,692972,314064,203800,148175799,133.0,0.000146769816637971,0.98714953660965,1.68955682511296e-06,0.0116236517205834,3.57990757038351e-08,0.00107840914279222,LOP_R
720575940599459782,720575940629382150,687068,318468,201440,687100,318380,201520,171142897,147.0,0.00509739061817527,0.909643709659576,0.0367095656692982,0.0282628536224365,0.000386118801543489,0.0199003219604492,LOP_R
720575940599459782,720575940634612194,687128,316428,202960,687060,316348,202920,186436580,152.0,0.0121438708156347,0.9089924097061161,0.0514737777411938,0.0184140130877495,0.000166256737429649,0.008809680119156841,LOP_R
720575940599459782,720575940634612194,692372,317648,200640,692448,317576,200600,169773632,100.0,0.5148161053657531,0.32080283761024503,0.110572621226311,0.00789770949631929,0.00849765352904797,0.0374131202697754,LOP_R
720575940599459782,720575940623879146,682176,309044,191520,682080,309116,191480,61765338,146.0,0.00620974041521549,0.942556858062744,0.00178620812948793,0.008709655143320559,0.000515589024871588,0.0402219779789448,LO_R
720575940599459782,720575940634612194,693096,314152,203840,693116,314036,203840,148175782,154.0,0.00019573037570808102,0.9809567928314209,2.41497536990209e-06,0.0171161536127329,8.42664036326823e-08,0.00172880536410958,LOP_R
720575940599459782,720575940634612194,689668,318424,201640,689676,318560,201640,187834338,159.0,0.0991826206445694,0.459525525569916,0.410495579242706,0.0169110950082541,0.0015589565737173,0.0123261949047446,LOP_R
720575940599459782,720575940641069440,696000,313720,201400,696020,313556,201400,169990304,103.0,0.0163829606026411,0.827062487602234,0.0611352808773518,0.0458667241036892,0.0019214947242289801,0.0476310029625893,LOP_R
720575940599459782,720575940621116807,685276,307536,192680,685336,307628,192680,57937503,146.0,0.0279812980443239,0.8802398443222049,0.0324820205569267,0.050238948315382004,0.000561207183636725,0.00849668215960264,LO_R
720575940599459782,720575940621116807,688656,310252,193760,688776,310312,193760,194704065,140.0,0.007554567884653809,0.933584749698639,0.00904135499149561,0.0053999153897166296,0.000995019567199051,0.0434243977069855,LO_R
720575940599459782,720575940624943504,691072,312272,204880,690976,312188,204840,148176073,143.0,0.00313712586648762,0.911384284496307,0.0083120372146368,0.0624329335987568,3.81324389309157e-05,0.0146954581141472,LOP_R
720575940599459782,720575940628307026,695036,311040,204240,694968,311136,204240,147590478,139.0,0.0358216464519501,0.6839636564254761,0.157768473029137,0.030399814248084998,0.0043454235419631,0.0877009555697441,LOP_R
720575940599704006,720575940627190556,717980,325640,188000,717956,325756,187960,68220003,151.0,0.0508411675691605,0.787699937820435,0.0817329287528992,0.0725619569420815,0.000367685570381582,0.00679629296064377,LOP_R
720575940599704006,720575940637702222,714788,329208,185960,714728,329344,186000,184358991,107.0,0.0178181137889624,0.9051696062088009,0.0275645144283772,0.00846811942756176,0.0010778249707073,0.0399017781019211,LOP_R
720575940599704006,720575940608909358,702784,316496,169600,702840,316576,169640,4325700,67.0,0.0474463328719139,0.11443274468183501,0.794586598873138,0.035303995013237,0.000484742253320292,0.00774555373936892,LO_R
720575940599704006,720575940621114650,717920,325712,188080,717888,325824,188080,68220031,73.0,0.0899519771337509,0.739767670631409,0.139171466231346,0.0147038837894797,0.00116548442747444,0.0152395777404308,LOP_R
720575940599704006,720575940621114650,717588,325996,188120,717672,326028,188120,68220046,132.0,0.000150688065332361,0.9943739175796509,2.2147046365717003e-06,0.00468234624713659,2.86088891243708e-07,0.000790499441791326,LOP_R
720575940599704006,720575940614964882,713640,329288,188120,713736,329228,188120,67091722,146.0,0.0651434659957886,0.37178230285644503,0.5517039895057679,0.0037946053780615295,0.0010265979217365401,0.00654907245188952,LOP_R
720575940599704006,720575940628743496,711472,330304,187200,711460,330424,187160,67076409,158.0,0.0070561389438808,0.8652026653289799,0.0326205417513847,0.0798989161849022,0.000128419924294576,0.0150933442637324,LOP_R
720575940599704006,720575940627190556,717596,326040,188240,717632,326104,188280,175232613,134.0,0.000197669563931413,0.997821927070618,1.9221981801820203e-06,0.000923640851397067,2.32367710850667e-07,0.0010546499397605699,LOP_R
720575940599704006,720575940627706398,712848,330432,184080,712772,330340,184080,165150528,140.0,0.014519470743834998,0.9458156228065491,0.0190946329385042,0.0179178547114134,4.65197626908775e-05,0.00260592391714454,LOP_R
720575940599704006,720575940636739173,713692,330232,185640,713692,330188,185560,184358866,161.0,0.17513781785965,0.357784152030945,0.445103347301483,0.018170865252613997,0.000165644742082804,0.00363820139318705,LOP_R
720575940599704006,720575940629618947,711440,330332,187240,711312,330432,187200,67076425,131.0,0.0052577117457985895,0.8601182699203491,0.0427753813564777,0.0822884291410446,6.12852600170299e-05,0.0094989025965333,LOP_R
720575940599704006,720575940622773375,702376,318136,175760,702440,318064,175760,239837547,115.0,0.0326025187969208,0.955242693424225,0.000321932922815904,0.00912418216466904,0.000111943081719801,0.00259682908654213,LO_R
720575940599704006,720575940627190556,712880,329712,184680,712852,329620,184680,165150646,122.0,0.0430470816791058,0.41269969940185597,0.49261066317558294,0.0178573559969664,0.0029973266646266,0.0307879541069269,LOP_R
720575940599704006,720575940627190556,714900,329072,185760,714872,329180,185720,184358928,148.0,0.00334854214452207,0.853540420532227,0.0075449300929904,0.13096445798873899,1.6782410966698097e-05,0.00458483723923564,LOP_R
720575940599704006,720575940634630113,698060,321312,170640,698024,321440,170640,161740885,153.0,0.00464984215795994,0.9666984677314759,0.00020867088460363402,0.00817090272903442,0.000125518330605701,0.0201465897262096,LO_R
720575940599704006,720575940627377427,712792,330600,184160,712680,330580,184200,165150504,118.0,0.0014287158846855198,0.943737506866455,0.00203411304391921,0.0523009151220322,9.907529374686421e-07,0.000497731263749301,LOP_R
720575940599704006,720575940636739173,713596,330112,185680,713560,330092,185640,184358899,54.0,0.07463089376688001,0.252591013908386,0.640679657459259,0.0179683212190866,0.00175074581056833,0.0123793082311749,LOP_R
720575940599704006,720575940618388164,719492,324092,187680,719392,324020,187640,67765458,172.0,0.0156251229345799,0.9087816476821899,0.0294851139187813,0.0344268120825291,0.000343432067893445,0.011337966658174999,LOP_R
720575940599704006,720575940635333728,719412,324116,187720,719344,323976,187680,67765470,128.0,0.0539179034531117,0.8023369908332829,0.122881956398487,0.0116675226017833,0.000684016617015004,0.00851156748831272,LOP_R
720575940599704006,720575940617231873,719468,324192,187680,719416,324124,187600,67765450,138.0,0.0646256431937218,0.5300158858299261,0.36759337782859797,0.0146174132823944,0.00277735199779272,0.0203703083097935,LOP_R
720575940599704006,720575940618463172,719704,324224,187880,719764,324232,187880,67765504,147.0,0.00343137397430837,0.9430624842643741,0.0016524363309145,0.0304113011807203,9.25621352507733e-05,0.021349836140871003,LOP_R
720575940599704006,720575940608170251,719776,324244,188080,719880,324204,188040,67765561,145.0,0.00293302815407515,0.939370512962341,0.00102240091655403,0.0151085155084729,0.000517717155162245,0.0410477332770824,LOP_R
720575940599704006,720575940617772667,719748,323292,188160,719896,323228,188120,67765576,98.0,0.0812416225671768,0.442069947719574,0.289332509040833,0.0993518978357315,0.0405213199555874,0.0474827103316784,LOP_R
720575940599704006,720575940471251665,719748,324396,188000,719828,324472,188000,68201870,142.0,0.00421306025236845,0.958421349525452,0.000206517550395802,0.0138870589435101,0.000155220346641727,0.0231167115271091,LOP_R
720575940599704006,720575940471247825,718104,325636,188000,718176,325736,187960,68201875,137.0,0.038384061306715,0.9068752527236942,0.0280480943620205,0.0188011173158884,0.00022395513951778398,0.007667484227567909,LOP_R
720575940599704006,720575940627706398,718580,324872,188120,718484,324796,188080,68201897,140.0,0.0153343882411718,0.8900936245918271,0.0490614399313927,0.0226762127131224,0.000508237048052251,0.0223260894417763,LOP_R
720575940599704006,720575940640027965,719760,324552,188120,719876,324616,188160,68201908,71.0,0.032359205186367,0.7143529653549191,0.0693934857845306,0.0185107532888651,0.0222234558314085,0.143160164356232,LOP_R
720575940599704006,720575940582792557,711472,330208,187160,711392,330124,187080,67076378,135.0,0.0202181451022625,0.736184537410736,0.18910539150238,0.0252070277929306,0.00111859384924173,0.0281662885099649,LOP_R
720575940599704006,720575940628171141,711460,330340,187280,711424,330488,187280,67076439,143.0,0.0204527340829372,0.668730616569519,0.24455651640892004,0.0266886614263058,0.00109969149343669,0.0384717248380184,LOP_R
720575940599704006,720575940636739173,716536,327444,186760,716572,327560,186720,68219715,144.0,0.102835208177567,0.36726588010788,0.24965907633304604,0.0245015770196915,0.0111375311389565,0.244600668549538,LOP_R
720575940599704006,720575940641295568,717528,326712,186920,717636,326656,186960,68219755,101.0,0.0316564999520779,0.656167566776276,0.27000352740287803,0.0248335786163807,0.00211774976924062,0.0152210872620344,LOP_R
720575940599704006,720575940602002906,717388,326764,186880,717396,326712,186800,68219736,88.0,0.0482308901846409,0.38096392154693604,0.508946776390076,0.0201847683638334,0.0015251396689564,0.04014852643013,LOP_R
720575940599704006,720575940579212210,716504,327428,186800,716488,327528,186800,68219740,141.0,0.0920655950903893,0.448388159275055,0.226885467767715,0.0204623658210039,0.0102487364783883,0.20194967091083502,LOP_R
720575940599704006,720575940579212722,716624,327400,186840,716696,327460,186840,68219748,140.0,0.13889819383621202,0.54886531829834,0.254308432340622,0.0145355304703116,0.00245672790333629,0.0409357398748398,LOP_R
720575940599704006,720575940437863522,717160,327096,187080,717164,327184,187040,68219787,133.0,0.0560907237231731,0.640528380870819,0.26633024215698203,0.00638407282531261,0.000702212855685502,0.0299644228070974,LOP_R
720575940599704006,720575940636739173,717088,327128,187120,717080,327256,187120,68219795,126.0,0.0316962748765945,0.771079242229462,0.16589440405368802,0.0110311405733228,0.000544279522728175,0.0197547022253275,LOP_R
720575940599704006,720575940631688588,717032,327096,187080,716908,327152,187040,68219785,129.0,0.147757202386856,0.32992589473724393,0.48403435945510903,0.0162653345614672,0.000784025760367513,0.0212332047522068,LOP_R
720575940599704006,720575940640027965,717200,327112,187080,717272,327228,187080,68219789,58.0,0.0766835659742355,0.46573147177696206,0.36545687913894703,0.006877097301185129,0.00279889465309679,0.0824520140886307,LOP_R
720575940599704006,720575940640027965,717096,327168,187280,717124,327284,187280,68219814,141.0,0.0221954509615898,0.818551421165466,0.0956297591328621,0.00450798310339451,0.0014128158800303901,0.0577024817466736,LOP_R
720575940599704006,720575940635333728,717020,327120,187280,716976,327208,187320,68219841,138.0,0.00706239603459835,0.8785418272018429,0.0544501096010208,0.00738159334287047,0.000193870015209541,0.052370198071002995,LOP_R
720575940599704006,720575940635333728,717020,327088,187440,717064,327220,187440,68219854,144.0,0.00786357372999191,0.9059251546859741,0.0544672571122646,0.0272234287112951,0.000102986872661859,0.00441751396283507,LOP_R
720575940599704006,720575940628219665,716924,327100,187480,716884,327216,187440,68219886,140.0,0.040769137442112004,0.720259189605713,0.135902509093285,0.00837777275592089,0.005554025992751121,0.0891373455524445,LOP_R
720575940599704006,720575940437863266,717472,326984,187440,717500,326908,187480,68219884,149.0,0.12237177044153201,0.30268147587776195,0.534549117088318,0.0142714958637953,0.00211473507806659,0.0240113995969295,LOP_R
720575940599704006,720575940631688588,717020,326868,187480,717080,326808,187440,68219883,141.0,0.0180697254836559,0.7291105389595028,0.193284213542938,0.0164901129901409,0.00190652755554765,0.0411388911306858,LOP_R
720575940599704006,720575940437876322,716992,326848,187520,717024,326736,187520,68219895,145.0,0.0332459025084972,0.5622668862342829,0.329593598842621,0.00758418766781688,0.00609095487743616,0.0612184442579746,LOP_R
720575940599704006,720575940437876834,716984,327076,187520,717008,327192,187480,68219898,130.0,0.0548359118402004,0.705862700939178,0.20691289007663702,0.00591589557006955,0.00205761939287186,0.0244150534272194,LOP_R
720575940599704006,720575940602003418,717040,326868,187560,717140,326808,187560,68219912,111.0,0.0229385234415531,0.588299632072449,0.22949080169200897,0.00873072817921639,0.0093789491802454,0.141161441802979,LOP_R
720575940599704006,720575940630493822,716984,326856,187600,716996,326752,187600,68219937,61.0,0.0697226598858833,0.258947759866714,0.5543751716613771,0.00576593121513724,0.0110935606062412,0.10009490698576,LOP_R
720575940599704006,720575940624379317,717512,327020,187440,717616,326984,187480,68219896,159.0,0.0819781869649887,0.662509024143219,0.204467713832855,0.007940413430333141,0.0058972751721739795,0.0372073277831078,LOP_R
720575940599704006,720575940626748648,717468,326980,187480,717472,327000,187520,68219914,70.0,0.132554605603218,0.404850661754608,0.41222688555717496,0.0247813854366541,0.0022869899403303896,0.0232993960380554,LOP_R
720575940599704006,720575940602002906,717348,325960,188000,717388,325964,187920,68219997,129.0,0.000877088808920234,0.988944590091705,2.15181589737767e-05,0.00354550871998072,7.04737840351299e-06,0.0066042086109519,LOP_R
720575940599704006,720575940602005466,717312,326000,188000,717352,326080,187960,68220006,146.0,0.00232509453780949,0.9720814228057858,0.000231173224165104,0.0180847179144621,1.69318518601358e-05,0.00726062571629882,LOP_R
720575940599704006,720575940471238865,718040,325716,188080,718032,325840,188080,68220032,90.0,0.267996937036514,0.472784072160721,0.172949865460396,0.0700737088918686,0.00211224425584078,0.0140830799937248,LOP_R
720575940599704006,720575940627681850,717528,326048,188120,717592,326152,188160,68220019,144.0,0.000347359920851886,0.9894278645515441,6.00719158683205e-06,0.008975042961537841,1.3092331982988998e-06,0.00124230165965855,LOP_R
720575940599704006,720575940601184507,717360,326080,188080,717352,326176,188080,68220047,119.0,0.00315570714883506,0.944257915019989,0.000574125675484538,0.0426771007478237,3.39933758368716e-05,0.00930118560791016,LOP_R
720575940599704006,720575940626748648,717444,326092,188120,717456,326168,188080,68220035,149.0,0.000350963877281174,0.962205350399017,3.3360140605509497e-06,0.0358358733355999,5.451619244922771e-07,0.0016038604080677,LOP_R
720575940599704006,720575940619113265,718048,325652,187960,718076,325792,187960,68220004,141.0,0.0239332467317581,0.868140935897827,0.0561823472380638,0.0461699329316616,0.000184778036782518,0.00538884941488504,LOP_R
720575940599704006,720575940624771255,711460,330224,187160,711376,330272,187080,67076380,146.0,0.014310734346508999,0.8476403951644901,0.0751723349094391,0.0316336154937744,0.000400426331907511,0.0308424718677998,LOP_R
720575940599704006,720575940629500663,714948,329360,186640,714952,329480,186640,67091317,126.0,0.45103684067726096,0.10059458762407301,0.30718073248863204,0.0174531042575836,0.00567398685961962,0.11806073039770099,LOP_R
720575940599704006,720575940635333728,714880,329360,186640,714800,329456,186640,67091316,60.0,0.330926924943924,0.0809547081589699,0.335977166891098,0.0328627564013004,0.00509765045717359,0.21418079733848602,LOP_R
720575940599704006,720575940627681850,714904,329384,186560,714912,329528,186520,67091285,144.0,0.41997519135475203,0.0575517378747463,0.21943008899688698,0.0230483990162611,0.00933623127639294,0.27065834403037997,LOP_R
720575940599704006,720575940631688588,714980,329364,186600,715040,329448,186600,67091306,143.0,0.435075730085373,0.0436613224446774,0.123262666165829,0.009924359619617459,0.0324440896511078,0.35563176870346097,LOP_R
720575940599704006,720575940627706398,714436,329784,187120,714364,329908,187120,67091435,144.0,0.005444956477731471,0.9127169251441959,0.00848389696329832,0.0582961551845074,5.3572512115351896e-05,0.0150046078488231,LOP_R
720575940599704006,720575940582793069,711524,330256,187120,711508,330324,187080,67091441,128.0,0.0146264480426908,0.7508305311203,0.163034111261368,0.0469996742904186,0.000477700581541285,0.024031538516282997,LOP_R
720575940599704006,720575940441630290,714504,329768,187120,714504,329956,187120,67091450,145.0,0.0062071424908936,0.924979746341705,0.0104576097801328,0.0378070659935474,0.000115772512799595,0.0204326827079058,LOP_R
720575940599704006,720575940616576473,711512,330168,187120,711564,330136,187040,67091419,153.0,0.015832245349884,0.749341249465942,0.15401071310043302,0.0533489137887955,0.0006600302294828,0.0268068052828312,LOP_R
720575940599704006,720575940617797259,714432,329776,187120,714400,329844,187040,67091416,139.0,0.00989239104092121,0.884747922420502,0.0265820939093828,0.0468912199139595,0.000205944990739226,0.0316804312169552,LOP_R
720575940599704006,720575940627706398,714324,329784,187240,714216,329808,187240,67091471,141.0,0.0019302316941320898,0.946222841739655,0.000976631534285843,0.0469983480870724,1.3096614566166e-05,0.0038588200695812702,LOP_R
720575940599704006,720575940441632082,714480,329788,187200,714464,329952,187200,67091472,66.0,0.0032469455618411303,0.954082906246185,0.00297441170550883,0.0214653667062521,3.7222791434032795e-05,0.0181931462138891,LOP_R
720575940599704006,720575940619321508,711516,330348,187240,711564,330520,187200,67091476,146.0,0.0165465325117111,0.779067516326904,0.133772552013397,0.0453696697950363,0.000442154705524445,0.0248015336692333,LOP_R
720575940599704006,720575940627190556,711568,330336,187240,711648,330420,187240,67091474,54.0,0.0189109314233065,0.794655621051788,0.138544097542763,0.0211932808160782,0.0005036731017753481,0.0261923484504223,LOP_R
720575940599704006,720575940641295568,713496,329484,188000,713532,329608,188000,67091687,149.0,0.0381067954003811,0.425386697053909,0.5184326171875,0.0126495761796832,0.000284164736513048,0.00514018535614014,LOP_R
720575940599704006,720575940579218098,713540,329432,188000,713612,329512,188000,67091666,143.0,0.04409259557724,0.324632793664932,0.6120263338088989,0.0127896210178733,0.000235458457609639,0.00622320640832186,LOP_R
720575940599704006,720575940621434333,713584,329404,187920,713676,329420,187880,67091665,142.0,0.127218455076218,0.136199876666069,0.688734114170074,0.00643863203004003,0.006369169335812329,0.0350397601723671,LOP_R
720575940599704006,720575940635333728,713660,329328,188120,713760,329356,188120,67091713,142.0,0.112409397959709,0.130354762077332,0.7447207570075992,0.00165930122602731,0.0024862890131771604,0.00836956407874823,LOP_R
720575940599704006,720575940644682400,713488,329488,188120,713536,329624,188120,67091714,154.0,0.0443927757441998,0.263647139072418,0.6743156313896179,0.0131954569369555,0.000334653013851494,0.00411429069936276,LOP_R
720575940599704006,720575940614979491,713432,329536,188160,713384,329676,188120,67091723,134.0,0.037584587931632996,0.34038680791854903,0.6019854545593261,0.00736556062474847,0.00056284962920472,0.0121147455647588,LOP_R
720575940599704006,720575940441617234,714992,329172,186880,715096,329220,186840,67092020,68.0,0.0302421431988478,0.9034258723258969,0.0429009161889553,0.00953883957117796,0.0017830407014116601,0.0121092209592462,LOP_R
720575940599704006,720575940579216818,714372,329840,187280,714296,329936,187240,67091486,135.0,0.00134380278177559,0.93452388048172,0.00120921095367521,0.0569122694432735,1.35606633193675e-05,0.0059972559101879605,LOP_R
720575940599704006,720575940614979491,714388,329696,187320,714308,329648,187320,67091496,146.0,0.00316706416197121,0.966906905174255,0.00313126249238849,0.0232017450034618,8.37304924061755e-06,0.00358460796996951,LOP_R
720575940599704006,720575940441597778,714488,329628,187520,714440,329544,187560,67091528,142.0,0.0152796125039458,0.852426290512085,0.0791278183460236,0.0264043919742107,0.0005148792988620701,0.026246951892972003,LOP_R
720575940599704006,720575940614979491,711744,330220,187440,711832,330292,187400,67091535,105.0,0.10328982770443,0.49204862117767295,0.270208209753036,0.0592294372618198,0.0110808862373233,0.0641430467367172,LOP_R
720575940599704006,720575940631688588,711508,330364,187280,711548,330488,187280,67091488,142.0,0.0187984313815832,0.7673642039299008,0.13371764123439803,0.0381626635789871,0.0011352333240211,0.0408218912780285,LOP_R
720575940599704006,720575940640418189,714424,329668,187400,714340,329596,187440,67091530,165.0,0.00364976609125733,0.86636620759964,0.0116822710260749,0.115295179188252,8.69009454618208e-06,0.00299783842638135,LOP_R
720575940599704006,720575940579216818,714448,329740,187560,714392,329744,187600,67091567,139.0,0.0247122943401337,0.625006437301636,0.279041200876236,0.0332911051809788,0.000864261761307716,0.0370846018195152,LOP_R
720575940599704006,720575940632504874,719752,324160,188000,719824,324096,188000,67765538,149.0,0.00283319759182632,0.9541765451431271,0.000876727513968945,0.00652843760326505,0.000179027745616622,0.0354060307145119,LOP_R
720575940599704006,720575940627706398,715408,329044,186040,715476,329144,186040,184359574,143.0,0.0101474365219474,0.910664141178131,0.032233864068985,0.0315814614295959,0.000576643797103316,0.0147964665666223,LOP_R
720575940599704006,720575940627706398,713136,330592,184560,713220,330664,184600,165166444,143.0,0.00369095709174871,0.974373757839203,0.00114058016333729,0.0200759526342154,1.16353407975112e-06,0.000717632938176394,LOP_R
720575940599704006,720575940628219665,717040,327104,187120,717008,327228,187040,68219788,130.0,0.10711815208196601,0.24411740899085999,0.627853751182556,0.008475422859191891,0.000384693441446871,0.0120505290105939,LOP_R
720575940599704006,720575940627706398,713028,330784,184040,713112,330820,184000,165166272,139.0,0.0127871101722121,0.920848429203033,0.0421050041913986,0.0237646028399467,3.6290202842792505e-06,0.0004912706790491941,LOP_R
720575940599704006,720575940627706398,713304,329752,184800,713404,329732,184800,165166536,148.0,0.00660970760509372,0.967085421085358,0.006237475667148829,0.0133605757728219,4.69878177682404e-05,0.00665977271273732,LOP_R
720575940599704006,720575940629500663,716032,326352,188400,715952,326404,188440,175232694,144.0,0.0028073575813323303,0.906259000301361,0.00836925208568573,0.0762777701020241,2.44170423684409e-05,0.00626218598335981,LOP_R
720575940599704006,720575940626001703,719772,324192,188160,719832,324124,188160,67765578,70.0,0.0064641586504876605,0.8616260886192321,0.0269246213138103,0.0127209899947047,0.00140317552722991,0.09086094051599498,LOP_R
720575940599704006,720575940627706398,717516,326820,186960,717672,326812,186960,68219763,71.0,0.0419384129345417,0.693074643611908,0.21023441851139102,0.019256416708231004,0.00787686556577683,0.0276192873716354,LOP_R
720575940599704006,720575940627706398,719004,328336,183720,718888,328404,183720,165166828,145.0,0.00910256151109934,0.653217017650604,0.232402309775352,0.0887110084295273,0.000227167125558481,0.0163400135934353,LOP_R
720575940599704006,720575940633656147,711504,330136,187160,711512,330024,187120,67091436,135.0,0.0152130909264088,0.7702122330665592,0.14013549685478197,0.0448673367500305,0.0005724992370232941,0.028999412432312997,LOP_R
720575940599704006,720575940395387245,701340,322976,173240,701288,323088,173160,114024815,147.0,0.00565656507387757,0.895598471164703,0.00661079259589314,0.0897394716739655,9.94737365545007e-06,0.00238475622609258,LO_R
720575940599704006,720575940587568679,701468,322896,173320,701552,322980,173360,114024844,137.0,0.00228502228856087,0.9125878810882572,0.00036717447801493103,0.0836296752095223,6.960736754990649e-06,0.0011232367251068401,LO_R
720575940599704006,720575940637734768,701392,322988,173280,701396,323152,173280,114024832,146.0,0.0028842389583587603,0.8751624226570129,0.0016960344510152901,0.11961958557367301,3.22980895361979e-06,0.000634407042525709,LO_R
720575940599704006,720575940587579687,702856,322048,174640,702776,322120,174640,114027757,77.0,0.0167616028338671,0.7975873947143559,0.00584357744082809,0.0354940146207809,0.0034504949580878,0.140862837433815,LO_R
720575940599704006,720575940622366218,701400,324664,174320,701400,324792,174280,114455809,165.0,0.366380959749222,0.621523916721344,0.00138199876528233,0.00996160972863436,0.00023782244534231698,0.000513700419105589,LO_R
720575940599704006,720575940629939516,704388,325048,173280,704440,324932,173280,114457623,136.0,0.00367345521226525,0.988175868988037,8.53260862641037e-05,0.00257562706246972,1.46750680869445e-05,0.0054749879054725205,LO_R
720575940599704006,720575940621116807,701240,321648,171680,701380,321680,171680,229847732,146.0,0.00680223293602467,0.9606831073760991,0.00699096731841564,0.0233472939580679,7.229222683236e-05,0.00210414477623999,LO_R
720575940599704006,720575940636739173,716460,325856,188400,716476,325752,188400,175232667,145.0,0.0262088812887669,0.911178708076477,0.0415867082774639,0.0100267939269543,0.00062910933047533,0.0103698121383786,LOP_R
720575940599704006,720575940634612194,717796,325884,188360,717900,325920,188400,175232687,118.0,0.020624628290534002,0.972176969051361,0.0005229460657574241,0.00122596940491349,4.81698189105373e-05,0.005401302129030229,LOP_R
720575940599704006,720575940641295568,717848,326876,185360,717784,326984,185360,185434091,63.0,0.00858425442129374,0.925396084785461,0.0123806223273277,0.0502090789377689,3.0567935027647804e-05,0.0033993860706687,LOP_R
720575940599704006,720575940616576473,712924,330580,184000,712968,330532,183920,165150491,160.0,9.08996880752966e-05,0.998449325561523,1.36551298055565e-05,0.00141993199940771,3.0373596970889598e-09,2.62438552454114e-05,LOP_R
720575940599704006,720575940616576473,712844,329672,184800,712816,329548,184800,165150667,149.0,0.018570315092802,0.766445517539978,0.119439706206322,0.0527984239161015,0.0013037993339821698,0.0414422489702702,LOP_R
720575940599704006,720575940627190556,719752,324308,188040,719872,324332,188000,68201880,143.0,0.0009144763462245461,0.9562682509422299,0.00010397689766250601,0.0249192230403423,2.78996212728089e-05,0.0177661161869764,LOP_R
720575940599704006,720575940627190556,717024,327148,187200,717016,327248,187240,68219798,145.0,0.0489040426909924,0.520179510116577,0.382511109113693,0.0187960658222437,0.000757953093852848,0.0288512893021107,LOP_R
720575940599704006,720575940627190556,717040,326944,187520,717164,326904,187480,68219867,147.0,0.0294057223945856,0.601482152938843,0.32355913519859303,0.021376496180892,0.000822178728412837,0.0233542658388615,LOP_R
720575940599704006,720575940616576473,718608,325328,188520,718664,325292,188480,175215285,138.0,0.0794879943132401,0.8467846512794491,0.0325413160026073,0.005521739833056929,0.0018481686711311301,0.0338161587715149,LOP_R
720575940599704006,720575940631688588,715016,329332,186120,714984,329456,186120,184359019,60.0,0.009266086854040621,0.920334696769714,0.0138198127970099,0.0347197279334068,0.000988191226497293,0.0208714809268713,LOP_R
720575940599704006,720575940600058649,697976,322396,170440,698064,322312,170400,161740857,140.0,0.923222541809082,0.0011121716815978302,0.0748685076832771,0.000117129733553156,0.000128810410387814,0.0005508771864697339,LO_R
720575940599704006,720575940616274971,698044,321360,170720,697920,321460,170680,161740896,149.0,0.000500710506457835,0.995531260967255,2.42329110733408e-06,0.00229608593508601,8.89753096089407e-07,0.00166873924899846,LO_R
720575940599704006,720575940392237465,698160,321280,170640,698188,321388,170600,161740884,153.0,0.00261379848234355,0.984082639217377,6.37237462797202e-05,0.00356271071359515,2.8388971259119e-05,0.009648679755628109,LO_R
720575940599704006,720575940392237465,698488,321392,170680,698496,321448,170640,161740891,129.0,0.0223837997764349,0.874181747436523,0.00252667511813343,0.009654463268816471,0.000735572655685246,0.0905176401138306,LO_R
720575940599704006,720575940637734768,698140,321428,170720,698120,321592,170760,161740892,154.0,0.000760454509872943,0.9885665774345401,1.13694286483224e-05,0.00882502365857363,6.96703068570059e-07,0.00183594645932317,LO_R
720575940599704006,720575940614092138,698072,321192,170640,698076,321248,170560,161740876,84.0,0.0111299231648445,0.9411445856094359,0.0007909631822258231,0.00262892502360046,0.000877070822753012,0.0434284880757332,LO_R
720575940599704006,720575940620550004,698640,321444,170840,698660,321576,170840,161740916,140.0,0.00811277702450752,0.9468900561332699,0.000697912299074233,0.00626923283562064,0.000107061598100699,0.0379230044782162,LO_R
720575940599704006,720575940634630113,697872,321272,171240,697808,321224,171280,161743425,128.0,0.000506061420310289,0.9297267198562621,2.6225192414131e-05,0.0664535760879517,9.0165912070006e-07,0.00328650861047208,LO_R
720575940599704006,720575940392250521,698004,321180,171200,698016,321056,171200,161743433,97.0,0.00269639026373625,0.9773072004318241,3.70215202565305e-05,0.0092415027320385,3.46767592418473e-05,0.0106832217425108,LO_R
720575940599704006,720575940616274971,697920,321216,171160,697876,321112,171200,161743424,156.0,0.0018456646939739602,0.9554878473281859,8.98078869795427e-05,0.0341198220849037,1.1402208656363699e-05,0.00844545662403107,LO_R
720575940599704006,720575940437780578,719960,328280,183920,720024,328256,183880,165149885,104.0,0.0174728315323591,0.89587128162384,0.0498714707791805,0.00574265420436859,0.000947375723626465,0.0300944056361914,LOP_R
720575940599704006,720575940437789026,719944,328360,184040,720032,328384,184040,165149892,146.0,0.0903011783957481,0.773116528987885,0.118486240506172,0.00425573717802763,0.000310599367367104,0.0135297551751137,LOP_R
720575940599704006,720575940437795682,719968,328232,184000,720044,328136,184000,165149900,143.0,0.0127658536657691,0.89021623134613,0.0681036189198494,0.0240511428564787,4.6891102101653794e-05,0.00481624389067292,LOP_R
720575940599704006,720575940437797730,719960,328296,184040,720076,328272,184040,165149901,148.0,0.0774087980389595,0.7865376472473141,0.122382491827011,0.00761853670701385,0.00015408442413900001,0.00589851150289178,LOP_R
720575940599704006,720575940619441828,719808,328140,184040,719840,328016,184040,165149906,148.0,0.19586318731307997,0.0977904871106148,0.701337814331055,0.00106650404632092,0.000346261629601941,0.00359574100002646,LOP_R
720575940599704006,720575940437788770,720260,329224,184080,720228,329328,184080,165149908,143.0,0.0216795708984137,0.820253133773804,0.14186197519302401,0.0093257874250412,2.57936480920762e-05,0.006853702943772079,LOP_R
720575940599704006,720575940595737292,719976,328256,184120,720056,328156,184080,165149917,138.0,0.0670553892850876,0.48172363638877896,0.408118844032288,0.0378472730517387,0.000258042273344472,0.00499677518382669,LOP_R
720575940599704006,720575940437795682,719976,328400,184080,720048,328492,184120,165149924,143.0,0.211708307266235,0.5072972178459171,0.258424878120422,0.00347255426459014,0.000536823528818786,0.0185601767152548,LOP_R
720575940599704006,720575940618717892,719920,328356,184160,720004,328400,184160,165149931,128.0,0.10415858030319199,0.6981360912323001,0.18732757866382602,0.00601279595866799,0.000168810336617753,0.00419617118313909,LOP_R
720575940599704006,720575940437803362,720060,329168,184160,720044,329292,184160,165149935,139.0,0.00496199727058411,0.974757373332977,0.007623062934726479,0.009720827452838421,2.35783536481904e-05,0.0029131157789379397,LOP_R
720575940599704006,720575940629399234,719796,328840,184360,719720,328784,184360,165149966,85.0,0.0631687343120575,0.40668034553527793,0.5044773221015929,0.0136719150468707,0.00172626506537199,0.0102754971012473,LOP_R
720575940599704006,720575940437795682,720032,328624,184200,720004,328548,184240,165149942,136.0,0.10119556635618199,0.283540427684784,0.503001034259796,0.0297890957444906,0.00567296473309398,0.0768009200692177,LOP_R
720575940599704006,720575940437802850,720124,329192,184200,720192,329260,184200,165149944,73.0,0.00477638049051166,0.9592455625534059,0.0071570286527276,0.0213027782738209,5.08134544361383e-05,0.00746741332113743,LOP_R
720575940599704006,720575940618717380,719900,328272,184160,719904,328224,184240,165149950,78.0,0.0328773744404316,0.785929381847382,0.13325932621955902,0.0448066666722298,5.7704884966369705e-05,0.0030695830937475,LOP_R
720575940599704006,720575940595740876,719856,328700,184280,719948,328760,184360,165149965,170.0,0.12443485856056201,0.19428762793541,0.6611607670784,0.0102155357599258,0.0013460653135553,0.008555072359740729,LOP_R
720575940599704006,720575940631688588,712840,330540,184040,712820,330404,184000,165150502,133.0,0.0188060868531466,0.9414299726486209,0.0277389381080866,0.0112205063924193,8.333509867952671e-06,0.00079613842535764,LOP_R
720575940599704006,720575940641349365,712720,330700,184160,712608,330688,184160,165150516,145.0,0.00166785740293562,0.984149515628815,0.0009909133659675722,0.0110486140474677,9.75173747974623e-07,0.0021421348210424198,LOP_R
720575940599704006,720575940440800581,712840,330640,183960,712836,330616,183920,165150492,170.0,0.012264795601367999,0.980882346630096,0.00371320499107242,0.0030610507819801604,2.7753441145250695e-07,7.834935968276109e-05,LOP_R
720575940599704006,720575940589844536,712924,330552,184040,712960,330400,184000,165150514,58.0,0.0015932202804833698,0.994950175285339,0.000529448268935084,0.00274478970095515,3.36299592618161e-07,0.000182018178747967,LOP_R
720575940599704006,720575940619321508,712728,330788,184160,712620,330800,184120,165150550,139.0,0.00145160965621471,0.99075573682785,0.00094384205294773,0.00479205558076501,1.5039382788018e-06,0.00205520796589553,LOP_R
720575940599704006,720575940627190556,712824,330508,184080,712732,330440,184080,165150542,143.0,0.00145506218541414,0.978032946586609,0.0012390806805342401,0.0187931898981333,1.0290821137459699e-06,0.000478686823043972,LOP_R
720575940599704006,720575940627377427,712776,329736,184720,712684,329680,184720,165150669,137.0,0.0295933987945318,0.38611713051796004,0.5154817104339601,0.0100273117423058,0.00329820648767054,0.0554822199046612,LOP_R
720575940599704006,720575940640027965,713016,330560,184000,713072,330496,183960,165166256,141.0,0.00824724789708853,0.970457434654236,0.00799777265638113,0.0110515933483839,2.0172195945633602e-05,0.00222577271051705,LOP_R
720575940599704006,720575940589845304,713456,330392,184120,713600,330392,184160,165166322,132.0,0.12061071395874001,0.099123977124691,0.637626349925995,0.016859358176589,0.0044098854996264,0.12136973440647099,LOP_R
720575940599704006,720575940617432379,712992,330752,184520,713008,330856,184520,165166445,138.0,0.0172404088079929,0.973321676254272,0.0026485961861908397,0.0061338203959167,5.18587921760627e-06,0.000650232366751879,LOP_R
720575940599704006,720575940623405865,713196,329800,184680,713328,329760,184640,165166471,139.0,0.0208822023123503,0.771268546581268,0.0746471360325813,0.0627118200063705,0.000935037562157959,0.06955536454916,LOP_R
720575940599704006,720575940630493822,713136,329736,184600,713196,329620,184560,165166452,137.0,0.0630792006850243,0.5689740777015689,0.252277463674545,0.0197683852165937,0.00558782462030649,0.09031308442354198,LOP_R
720575940599704006,720575940617890777,713156,329760,184600,713240,329700,184600,165166454,144.0,0.07600237429142,0.33240061998367304,0.428110152482986,0.018274687230587,0.00742001738399267,0.13779202103614802,LOP_R
720575940599704006,720575940614966435,713196,330592,184440,713272,330648,184400,165166400,142.0,0.007532883901149029,0.9607042074203491,0.0102800810709596,0.00880485121160746,3.92876645491924e-05,0.012638664804398998,LOP_R
720575940599704006,720575940616576473,713012,330744,184480,713072,330804,184440,165166415,147.0,0.00703142257407308,0.9774022698402409,0.0009644195088185369,0.013617854565381999,5.34406126462272e-06,0.000978663796558976,LOP_R
720575940599704006,720575940639113331,713136,329776,184600,713244,329788,184560,165166456,147.0,0.0576798915863037,0.6193838119506839,0.18286556005477897,0.0189414713531733,0.00382539560087025,0.11730388551950502,LOP_R
720575940599704006,720575940640027965,713180,330548,184560,713312,330564,184520,165166443,145.0,0.0038577315863221897,0.957134366035461,0.00129315443336964,0.0357008799910545,2.72416809821152e-06,0.00201107445172966,LOP_R
720575940599704006,720575940589846840,713136,330532,184640,713268,330528,184640,165166480,139.0,0.0741851180791855,0.909802079200745,0.00844977982342243,0.006320052314549679,5.01787217217498e-05,0.00119284866377711,LOP_R
720575940599704006,720575940589851448,713040,330660,184680,713112,330752,184680,165166494,112.0,0.0230955220758915,0.955438315868378,0.0105514079332352,0.0104735204949975,9.940761628968179e-06,0.00043136888416484,LOP_R
720575940599704006,720575940621114650,712936,330612,184720,712872,330636,184760,165166542,97.0,0.195511341094971,0.659471809864044,0.124739281833172,0.0151580320671201,0.00027772845351137205,0.00484185991808772,LOP_R
720575940599704006,720575940614971811,712968,330696,184680,712984,330816,184720,165166529,148.0,0.0170157384127378,0.961730003356934,0.0038695835974067398,0.016718290746212002,4.01610668632202e-06,0.000662443751934916,LOP_R
720575940599704006,720575940630493822,712984,329688,184720,713000,329568,184720,165166500,140.0,0.0604463629424572,0.22449368238449105,0.556387424468994,0.0332415364682674,0.00686980597674847,0.118561193346977,LOP_R
720575940599704006,720575940619321508,712920,330672,184720,712904,330784,184760,165166544,162.0,0.0521661452949047,0.9115393757820129,0.0148726459592581,0.0144461253657937,0.000205126067157835,0.00677057495340705,LOP_R
720575940599704006,720575940614966435,712948,329632,184800,712952,329496,184800,165166548,92.0,0.0202572979032993,0.8713586330413822,0.0547059550881386,0.0334792397916317,0.000951366033405066,0.0192474965006113,LOP_R
720575940599704006,720575940610619182,713192,329720,184760,713288,329616,184720,165166519,142.0,0.00779147446155548,0.9057477116584781,0.0122455488890409,0.0584104061126709,0.000121128112368751,0.0156836528331041,LOP_R
720575940599704006,720575940612682714,713092,330584,184680,713192,330640,184680,165166512,140.0,0.00955947302281857,0.9867048859596249,0.000822541129309684,0.00255668046884239,1.55497382365866e-05,0.000340841274010018,LOP_R
720575940599704006,720575940631688588,719020,328072,183880,719024,327920,183840,165166841,158.0,0.0326272584497929,0.271919578313828,0.5689710378646851,0.0321228057146072,0.0064128814265132,0.087946429848671,LOP_R
720575940599704006,720575940436838036,719048,328384,183680,718952,328440,183680,165166818,143.0,0.00847554672509432,0.557342171669006,0.34809413552284196,0.065353125333786,0.000282170454738662,0.020452881231904,LOP_R
720575940599704006,720575940640027965,719044,328244,183680,718960,328256,183720,165166817,57.0,0.0067525440827012105,0.670351147651672,0.246818706393242,0.0512430183589458,0.000159263116074726,0.0246753562241793,LOP_R
720575940599704006,720575940640027965,719000,328136,183840,718976,328048,183800,165166844,147.0,0.0269932392984629,0.26419445872306796,0.6672441363334661,0.0145603576675057,0.000870212505105883,0.0261376071721315,LOP_R
720575940599704006,720575940437788002,719044,328436,183760,718956,328512,183760,165166835,141.0,0.00647186860442162,0.725083947181702,0.160413011908531,0.0961235836148262,0.000189657454029657,0.0117179173976183,LOP_R
720575940599704006,720575940437763682,719072,328500,183760,719032,328608,183760,165166836,146.0,0.012731890194118,0.33229219913482694,0.612840831279755,0.0131851509213448,0.0014985939487814901,0.0274513978511095,LOP_R
720575940599704006,720575940640027965,719220,328172,183800,719156,328060,183800,165166845,71.0,0.00578954257071018,0.898848414421082,0.0075755110010504705,0.0270412731915712,0.000134433983475901,0.0606108047068119,LOP_R
720575940599704006,720575940589837624,718860,327948,183880,718872,327960,183800,165166842,152.0,0.0629050061106682,0.174703910946846,0.6679947972297671,0.0199380721896887,0.00140418822411448,0.0730539783835411,LOP_R
720575940599704006,720575940619447204,719264,328136,183800,719328,328040,183800,165166843,90.0,0.0077696559019386794,0.900298893451691,0.00800277478992939,0.0297371484339237,0.000172549116541632,0.0540189370512962,LOP_R
720575940599704006,720575940437795938,718932,328284,183800,718796,328264,183800,165166846,145.0,0.00722591066733003,0.8111002445220951,0.0856597125530243,0.0851432979106903,0.000224649687879719,0.0106462063267827,LOP_R
720575940599704006,720575940437795938,719064,328472,183840,719012,328556,183840,165166856,134.0,0.00472990004345775,0.7812020778656009,0.0911438763141632,0.10619535297155401,0.000361866317689419,0.0163668915629387,LOP_R
720575940599704006,720575940437795938,719216,328624,183920,719188,328748,183880,165166862,83.0,0.033526349812746,0.477720737457275,0.211796194314957,0.020829051733017,0.0310374610126019,0.225090250372887,LOP_R
720575940599704006,720575940619447204,719176,328528,183920,719152,328632,183920,165166871,59.0,0.0205436199903488,0.751743614673615,0.13095785677433,0.0281180646270514,0.00378838973119855,0.0648484006524086,LOP_R
720575940599704006,720575940604893868,719220,328136,183760,719204,328012,183760,165166834,136.0,0.00487202079966664,0.902155995368958,0.00686143711209297,0.0596244037151337,4.78029614896514e-05,0.0264384318143129,LOP_R
720575940599704006,720575940436838036,719044,328016,184000,719136,327892,184000,165166888,142.0,0.0654661729931831,0.0713583827018738,0.847517967224121,0.0054569048807025,0.00068856735015288,0.00951203610748053,LOP_R
720575940599704006,720575940619447204,719240,328168,184000,719344,328120,184000,165166889,137.0,0.0072733447887003404,0.9394168257713321,0.0208507943898439,0.0214450918138027,0.000119183278002311,0.0108947344124317,LOP_R
720575940599704006,720575940437763938,719092,328408,183960,719080,328528,184000,165166891,106.0,0.00232320511713624,0.9347686171531681,0.00692278565838933,0.0392355136573315,3.08639282593504e-05,0.0167189370840788,LOP_R
720575940599704006,720575940595737292,719184,328000,184240,719276,327992,184240,165166947,139.0,0.0439460873603821,0.305819720029831,0.319965362548828,0.27233225107193,0.0181284118443728,0.0398081801831722,LOP_R
720575940599704006,720575940595743180,719152,327980,184280,719228,327912,184320,165166952,118.0,0.0170448590070009,0.25306698679924,0.281077533960342,0.336930423974991,0.0141382059082389,0.097741961479187,LOP_R
720575940599704006,720575940640027965,719208,327880,184160,719336,327836,184160,165166929,134.0,0.0132870767265558,0.0553639978170395,0.149176895618439,0.621348857879639,0.0130847413092852,0.147738412022591,LOP_R
720575940599704006,720575940604893868,719168,328036,184240,719244,328108,184240,165166948,58.0,0.0291164722293615,0.48853299021720903,0.19506399333476998,0.229998841881752,0.007411879487335679,0.0498757772147656,LOP_R
720575940599704006,720575940636739173,714784,329060,185760,714684,329128,185760,184358916,142.0,0.00293097272515297,0.878554344177246,0.010062986984849,0.0994371026754379,1.48279914355953e-05,0.00899971928447485,LOP_R
720575940599704006,720575940636739173,713032,329672,184760,713096,329544,184800,165166518,70.0,0.0317961797118187,0.75828355550766,0.107588097453117,0.0418335646390915,0.003969249315559861,0.0565294697880745,LOP_R
720575940599704006,720575940630573306,718060,326864,184680,718088,326980,184680,166349449,140.0,0.0177957657724619,0.833284139633179,0.0730889365077019,0.0383161380887032,0.00033167900983244197,0.0371833369135857,LOP_R
720575940599704006,720575940631688588,717916,326904,184760,717896,327012,184760,166349448,118.0,0.0290078949183226,0.47176763415336603,0.462131679058075,0.0133236162364483,0.00023322804190684102,0.0235359687358141,LOP_R
720575940599704006,720575940595739596,718016,326760,184520,718012,326848,184520,166349435,175.0,0.17905855178833,0.13268890976905803,0.648714303970337,0.011643024161458,0.0015409527113661198,0.0263542588800192,LOP_R
720575940599704006,720575940614966435,712992,330768,184000,713016,330880,184000,166099826,146.0,0.0263789184391499,0.9044239521026608,0.0549785941839218,0.0129372728988528,1.6022033378249e-05,0.0012651949655264599,LOP_R
720575940599704006,720575940637734768,698544,321448,170760,698516,321576,170760,161740908,159.0,0.0258465223014355,0.941000461578369,0.00426883297041059,0.009132438339293001,0.000279244821285829,0.0194724686443806,LO_R
720575940599704006,720575940637734768,703192,317400,172600,703056,317344,172560,228919944,147.0,0.000499991641845554,0.955562174320221,7.1099100750871e-05,0.042267631739377996,1.51933727465803e-06,0.0015976584982127,LO_R
720575940599704006,720575940627706398,717952,326868,184640,717956,326984,184640,166349442,145.0,0.0214700493961573,0.43259179592132596,0.500767588615418,0.032980028539896004,0.000194077860214748,0.0119964703917503,LOP_R
720575940599704006,720575940636739173,710680,329940,188280,710560,329924,188240,174172285,125.0,0.00325654470361769,0.944724440574646,0.00213703373447061,0.0437637977302074,3.0312516173580702e-05,0.00608793552964926,LOP_R
720575940599704006,720575940417806854,710672,329936,188360,710576,329956,188400,174172309,146.0,0.00276510813273489,0.900582075119019,0.0034734441433101897,0.0855044350028038,2.26116408157395e-05,0.00765226874500513,LOP_R
720575940599704006,720575940588147371,710720,329996,188360,710608,330064,188360,174172322,141.0,0.00257362681441009,0.9287257790565491,0.0014825059333816199,0.0591315999627113,2.8284879590501098e-05,0.00805818848311901,LOP_R
720575940599704006,720575940417806854,710800,329644,188560,710788,329508,188560,174172358,142.0,0.00576835731044412,0.9508009552955631,0.0124828722327948,0.0257829688489437,4.5651479013031396e-05,0.00511914398521185,LOP_R
720575940599704006,720575940641295568,710768,329688,188600,710672,329588,188600,174172385,142.0,0.00413590110838413,0.89245468378067,0.00967414304614067,0.0903018563985825,2.12627473956672e-05,0.00341207813471556,LOP_R
720575940599704006,720575940636739173,710720,329748,188600,710600,329700,188600,174172373,142.0,0.007269468624144791,0.769613862037659,0.0138068608939648,0.198324382305145,0.000193776155356318,0.0107916565611959,LOP_R
720575940599704006,720575940612682714,711056,329828,188560,711160,329840,188560,174172374,147.0,0.0063591259531676795,0.938197135925293,0.0103552155196667,0.0408207513391972,6.706826388835911e-05,0.00420066341757774,LOP_R
720575940599704006,720575940619113265,710876,329652,188640,710868,329556,188600,174172384,138.0,0.0011106240563094599,0.934190571308136,0.00150663906242698,0.0620506666600704,1.23166103094263e-06,0.00114020833279938,LOP_R
720575940599704006,720575940588147371,711024,329872,188600,711100,329972,188560,174172376,52.0,0.0425443574786186,0.8290244936943051,0.0651888698339462,0.0552348643541336,0.000248985132202506,0.0077584334649145595,LOP_R
720575940599704006,720575940417788934,711040,329728,188640,711160,329712,188640,174172387,134.0,0.00247085350565612,0.91007399559021,0.0018805548315867801,0.0843972414731979,1.6775198673713e-05,0.00116047810297459,LOP_R
720575940599704006,720575940627706398,711004,329728,188680,711120,329656,188720,174172420,143.0,0.0012062428286299099,0.9634921550750729,0.00032592620118521203,0.0339102894067764,3.77667970496987e-06,0.0010616192594170599,LOP_R
720575940599704006,720575940417800966,710860,329656,188720,710828,329528,188680,174172404,140.0,0.0025936106685549,0.9545311927795409,0.00343391066417098,0.0374326147139072,5.49321384823998e-06,0.00200327835045755,LOP_R
720575940599704006,720575940417816582,711044,329816,188680,711136,329848,188680,174172408,60.0,0.00231544603593647,0.90641450881958,0.0027568519581109303,0.08663032948970799,1.36760172608774e-05,0.00186910992488265,LOP_R
720575940599704006,720575940417800966,711008,329744,188720,711112,329752,188760,174172421,74.0,0.00157713575754315,0.9387603998184201,0.0012487383792176801,0.0565362088382244,5.76376987737604e-06,0.00187163997907192,LOP_R
720575940599704006,720575940617231873,710952,329668,188720,711000,329552,188720,174172418,90.0,0.0018559888703748601,0.9477263092994691,0.00137179612647742,0.0450586341321468,6.70783811074216e-06,0.00398067524656653,LOP_R
720575940599704006,720575940641552117,710792,329700,188720,710740,329628,188720,174172419,88.0,0.0035753671545535296,0.898634672164917,0.00595753313973546,0.0839634537696838,1.9212387996958603e-05,0.00784988235682249,LOP_R
720575940599704006,720575940441645394,713624,329356,188200,713736,329352,188200,174187182,113.0,0.152915582060814,0.14062234759330802,0.695292949676514,0.0021831716876477,0.00102200370747596,0.00796389114111662,LOP_R
720575940599704006,720575940601080571,713392,329300,188440,713320,329292,188440,174187212,87.0,0.0236178915947676,0.0362910442054272,0.9183469414711,0.00710190134122968,0.00217577815055847,0.012466442771256,LOP_R
720575940599704006,720575940627190556,713524,329432,188200,713532,329584,188200,174187184,141.0,0.0592585615813732,0.0619313418865204,0.8699290156364441,0.00549356546252966,0.000543152098543942,0.00284440629184246,LOP_R
720575940599704006,720575940618121506,718504,324912,188240,718440,324844,188240,175215193,138.0,0.007686158642172809,0.9166511297225949,0.0333915129303932,0.00798402912914753,0.00024622259661555296,0.034041091799736,LOP_R
720575940599704006,720575940618464708,718592,324760,188240,718528,324684,188200,175215199,141.0,0.0255302786827087,0.755082905292511,0.128668949007988,0.00789087172597647,0.00308776763267815,0.0797391831874847,LOP_R
720575940599704006,720575940619195044,718588,325448,188360,718632,325436,188280,175215224,140.0,0.00201461603865027,0.9846093654632572,0.000219796318560839,0.00699636247009039,1.63247568707448e-05,0.0061434730887413,LOP_R
720575940599704006,720575940627706398,718480,325384,188320,718552,325344,188280,175215222,74.0,0.00789445824921131,0.953458487987518,0.00388945755548775,0.00886578019708395,0.00017576449317857601,0.0257161073386669,LOP_R
720575940599704006,720575940637646170,718556,325364,188360,718684,325360,188400,175215240,142.0,0.00563087873160839,0.981931328773499,0.000575272482819855,0.00160042243078351,4.9166446842718897e-05,0.0102129094302654,LOP_R
720575940599704006,720575940616576473,718476,325592,188480,718512,325684,188480,175215280,155.0,0.47129362821578996,0.249296337366104,0.138178527355194,0.125540018081665,0.0025041326880455,0.0131873236969113,LOP_R
720575940599704006,720575940471261905,718632,324756,188360,718564,324712,188400,175215270,139.0,0.05088771879673001,0.61872261762619,0.255848556756973,0.0101973144337535,0.005506413523107771,0.0588373802602291,LOP_R
720575940599704006,720575940471223761,718584,325304,188440,718700,325228,188440,175215278,134.0,0.0204178616404533,0.899994075298309,0.029463067650794997,0.0101405009627342,0.00160444783978164,0.0383799709379673,LOP_R
720575940599704006,720575940640027965,718416,325600,188480,718392,325692,188480,175215290,157.0,0.8616830706596371,0.0383161380887032,0.0581390410661697,0.0366995297372341,0.0009642582153901461,0.00419792393222451,LOP_R
720575940599704006,720575940471264977,718676,324908,188560,718560,324872,188520,175215301,132.0,0.0481736436486244,0.704180479049683,0.183323040604591,0.0199122074991465,0.0016017798334360099,0.042808860540389994,LOP_R
720575940599704006,720575940608170251,718460,325568,188520,718480,325672,188520,175215302,159.0,0.8473123908042909,0.0573181137442589,0.07266773283481599,0.0167549680918455,0.00101643637754023,0.0049303504638373895,LOP_R
720575940599704006,720575940471278289,718548,325336,188640,718612,325344,188640,175215325,106.0,0.9123989939689641,0.0366446860134602,0.0364187099039555,0.00775715056806803,0.000537821731995791,0.00624271854758263,LOP_R
720575940599704006,720575940471270353,719556,324488,188720,719616,324552,188760,175215345,142.0,0.37992775440216103,0.603253602981567,0.0131819751113653,0.00150210806168616,0.00016249275358859498,0.00197204505093396,LOP_R
720575940599704006,720575940641295568,718544,325408,188640,718600,325488,188680,175215333,113.0,0.8580713868141171,0.0558770820498467,0.0595133528113365,0.0169070344418287,0.00106769509147853,0.00856342725455761,LOP_R
720575940599704006,720575940604893868,719596,324556,188680,719656,324644,188680,175215331,161.0,0.32271271944046004,0.42058971524238603,0.228706136345863,0.00992890354245901,0.0024689589627087103,0.015593552030623,LOP_R
720575940599704006,720575940471238865,717788,325924,188320,717864,325928,188280,175232612,130.0,0.00997767876833677,0.9801915884017941,0.00152644934132695,0.00208864873275161,9.01220701052807e-05,0.00612556934356689,LOP_R
720575940599704006,720575940637702222,716072,326304,188360,715960,326336,188360,175232670,143.0,0.00386901153251529,0.9644458293914799,0.00472451606765389,0.0225237794220448,1.89956444955897e-05,0.0044179088436067104,LOP_R
720575940599704006,720575940629500663,716304,325972,188320,716212,325912,188280,175232625,117.0,0.0229360088706017,0.918750166893005,0.0262931641191244,0.0127534409984946,0.00124912173487246,0.0180181972682476,LOP_R
720575940599704006,720575940602006746,717768,325936,188360,717788,326040,188320,175232626,135.0,0.00496347853913903,0.989881455898285,0.000341800507158041,0.00252032838761806,1.37264596560271e-05,0.00227926787920296,LOP_R
720575940599704006,720575940601921498,716176,326192,188280,716072,326136,188280,175232627,66.0,0.0203687287867069,0.9624181389808659,0.00686632795259357,0.000414735754020512,0.00015904709289316102,0.009772998280823229,LOP_R
720575940599704006,720575940616576473,716132,326276,188320,716016,326272,188280,175232630,109.0,0.00789700448513031,0.9556133151054379,0.0120110791176558,0.00896091386675835,9.52832197071984e-05,0.0154224410653114,LOP_R
720575940599704006,720575940601919706,716360,325900,188360,716304,325800,188360,175232649,144.0,0.052523422986269004,0.849047601222992,0.0789071023464203,0.007592424284666779,0.000950557237956673,0.0109788347035646,LOP_R
720575940599704006,720575940601184507,716224,326044,188400,716132,325976,188360,175232651,121.0,0.0231974702328444,0.931581795215607,0.0149546656757593,0.00448623718693852,0.000155263682245277,0.0256246495991945,LOP_R
720575940599704006,720575940601916890,716112,326240,188360,715968,326208,188320,175232653,128.0,0.0029469602741301103,0.975213587284088,0.00278146122582257,0.009405205026268959,2.73562109214254e-05,0.00962543953210115,LOP_R
720575940599704006,720575940610619182,716104,326416,188440,716020,326504,188440,175232695,155.0,0.001902558025904,0.898543298244476,0.00378272123634815,0.0900518298149109,1.21827115435735e-05,0.00570741016417742,LOP_R
720575940599704006,720575940647891844,716124,326180,188400,716012,326092,188400,175232669,144.0,0.0035953845363110295,0.9670531749725341,0.00503632426261902,0.00993478856980801,3.1123468943405896e-05,0.0143492463976145,LOP_R
720575940599704006,720575940627190556,716296,325976,188480,716216,325888,188480,175232708,142.0,0.0048400182276964205,0.9770501852035519,0.00565439788624644,0.00751640740782023,1.2528813385870301e-05,0.0049263914115727,LOP_R
720575940599704006,720575940617890777,716160,326488,188520,716096,326592,188520,175232734,146.0,0.0037838488351553705,0.863979697227478,0.0114983422681689,0.11751218140125301,1.2661240361922e-05,0.00321324658580124,LOP_R
720575940599704006,720575940641295568,716296,325960,188600,716232,325916,188600,175232773,141.0,0.0161772221326828,0.9235833287239079,0.0378415696322918,0.00941437855362892,0.000320139370160177,0.0126633392646909,LOP_R
720575940599704006,720575940628219665,716228,326476,188600,716196,326592,188600,175232767,143.0,0.0114145306870341,0.927414417266846,0.0280874092131853,0.0208651293069124,0.00021079255384393,0.0120076611638069,LOP_R
720575940599704006,720575940616787417,716124,326408,188520,716024,326484,188520,175232754,145.0,0.00275019509717822,0.934099733829498,0.00269314856268466,0.0545446760952473,1.5932138921925798e-05,0.00589625025168061,LOP_R
720575940599704006,720575940614964882,716260,326032,188560,716180,326000,188560,175232751,78.0,0.0192711614072323,0.9176384806633,0.0409244261682034,0.0106252636760473,0.00013090307766106001,0.0114096896722913,LOP_R
720575940599704006,720575940627681850,716280,326436,188640,716312,326540,188640,175232781,144.0,0.0213393401354551,0.8650318384170529,0.0691393092274666,0.0248309448361397,0.000582933018449694,0.0190756488591433,LOP_R
720575940599704006,720575940628743496,718536,326424,185080,718604,326496,185040,185434029,83.0,0.0553174503147602,0.303828656673431,0.48433363437652605,0.0129554513841867,0.018735172227025,0.12482970207929599,LOP_R
720575940599704006,720575940628743496,710728,329992,188240,710640,330072,188240,174172286,143.0,0.0108912661671639,0.893540859222412,0.0400780253112316,0.0479508079588413,0.00016113856690935801,0.00737793650478125,LOP_R
720575940599704006,720575940646897540,715316,329096,185920,715248,329208,185920,184358972,118.0,0.00872731022536755,0.926388382911682,0.016491262242198,0.031662754714489,0.00033713859738782,0.0163931418210268,LOP_R
720575940599704006,720575940627190556,714364,329796,187360,714268,329820,187360,67091508,100.0,0.00129319913685322,0.931138098239899,0.00137515214737505,0.0639844760298729,3.86481133318739e-06,0.0022052270360291,LOP_R
720575940599704006,720575940627190556,710712,329740,188520,710612,329648,188480,174172353,142.0,0.00578483380377293,0.9125255346298221,0.00941296853125095,0.0578496865928173,8.94479671842419e-05,0.0143376458436251,LOP_R
720575940599704006,720575940627706398,712788,329672,184880,712712,329576,184880,184343560,151.0,0.0116338850930333,0.916761696338654,0.0191015247255564,0.0231491457670927,0.000513065548148006,0.0288406256586313,LOP_R
720575940599704006,720575940637872105,712824,329604,184920,712808,329492,184920,184343558,144.0,0.0062049268744885895,0.9534636139869691,0.00431633135303855,0.0254705250263214,3.86613501177635e-05,0.0105059379711747,LOP_R
720575940599704006,720575940625460494,712552,329692,185080,712480,329620,185040,184343606,85.0,0.0236119218170643,0.8681492209434509,0.0350960046052933,0.0133815994486213,0.00271719833835959,0.0570441000163555,LOP_R
720575940599704006,720575940617231873,712712,329680,185000,712700,329576,185000,184343590,135.0,0.00949169881641865,0.9097114205360409,0.011869790032506001,0.0255324225872755,0.00013245300215203301,0.0432622954249382,LOP_R
720575940599704006,720575940440834373,713896,331752,185960,713972,331804,185960,185219649,143.0,0.0521186292171478,0.361693263053894,0.5604087710380551,0.00654785754159093,0.0025214115157723396,0.0167099963873625,LOP_R
720575940599704006,720575940440843077,713868,331768,185960,713900,331856,186000,185219664,128.0,0.061713770031928995,0.313347399234772,0.599226355552673,0.00473725376650691,0.00454917969182134,0.016426045447588,LOP_R
720575940599704006,720575940610681829,713732,331752,186080,713756,331880,186080,185219669,141.0,0.11121150106191599,0.46714890003204296,0.360375463962555,0.0170285515487194,0.00657092640176415,0.0376646928489208,LOP_R
720575940599704006,720575940637872105,713280,329732,184880,713352,329696,184920,184358705,68.0,0.00468679796904326,0.976198017597199,0.00374218635261059,0.0104849468916655,2.7367977963876897e-05,0.00486069684848189,LOP_R
720575940599704006,720575940616576473,713784,330700,185480,713816,330664,185400,184358810,174.0,0.0340718626976013,0.207684084773064,0.7166684865951541,0.0332013331353664,0.00023335670994129,0.00814089179039001,LOP_R
720575940599704006,720575940636739173,713368,329396,185360,713392,329344,185320,184358786,97.0,0.0175259504467249,0.7488868236541751,0.108491979539394,0.119909889996052,0.000558426836505532,0.00462692603468895,LOP_R
720575940599704006,720575940589852984,713436,329376,185400,713504,329296,185360,184358796,172.0,0.024841096252202998,0.6122084856033331,0.156108051538467,0.200668007135391,0.000789094483479857,0.00538528757169843,LOP_R
720575940599704006,720575940636739173,713632,330724,185360,713520,330792,185400,184358811,146.0,0.0741023644804955,0.527608752250671,0.128671064972878,0.0996952801942825,0.010815316811204002,0.159107208251953,LOP_R
720575940599704006,720575940628523004,713524,329344,185480,713620,329240,185480,184358817,146.0,0.012601850554347002,0.8094881772995,0.065055213868618,0.10582423955202098,0.000512512226123363,0.00651796953752637,LOP_R
720575940599704006,720575940610681829,713604,330724,185400,713648,330808,185360,184358802,64.0,0.19218136370182,0.0546277761459351,0.10005275160074198,0.10352983325719801,0.0241352114826441,0.525473117828369,LOP_R
720575940599704006,720575940579207090,713536,329624,185440,713672,329592,185440,184358820,132.0,0.14587910473346696,0.0354474671185017,0.7791949510574341,0.0258331298828125,0.0017836790066212398,0.0118616269901395,LOP_R
720575940599704006,720575940579207090,713792,330584,185520,713880,330528,185440,184358827,173.0,0.0613982304930687,0.244644060730934,0.6825090646743771,0.00598202785477042,0.00011353912123013301,0.005353047978132961,LOP_R
720575940599704006,720575940644682400,713528,329400,185440,713652,329360,185440,184358818,149.0,0.0368024483323097,0.31991034746170005,0.5324190855026251,0.0921661928296089,0.00276944157667458,0.0159324407577515,LOP_R
720575940599704006,720575940440833093,713840,330656,185520,713972,330624,185480,184358842,142.0,0.0229233019053936,0.785340309143066,0.130245357751846,0.0582788735628128,4.2052353819599395e-05,0.0031701880507171197,LOP_R
720575940599704006,720575940438655972,713584,329412,185560,713732,329404,185520,184358847,140.0,0.0680793672800064,0.7096722722053531,0.158319279551506,0.0433658845722675,0.00247417693026364,0.0180890150368214,LOP_R
720575940599704006,720575940441581650,713576,329560,185520,713700,329548,185520,184358848,135.0,0.133318081498146,0.0869331657886505,0.666964113712311,0.0632845908403397,0.00674308836460114,0.0427569150924683,LOP_R
720575940599704006,720575940579216306,713888,330584,185520,713984,330508,185520,184358850,121.0,0.0334165133535862,0.7860494256019591,0.16583555936813402,0.0114101618528366,4.22769044234883e-05,0.0032459839712828398,LOP_R
720575940599704006,720575940589851448,713852,330664,185520,713948,330704,185520,184358853,145.0,0.0508562102913857,0.258807420730591,0.629268288612366,0.0550634004175663,0.000119310192530975,0.00588537193834782,LOP_R
720575940599704006,720575940617432379,713848,330736,185720,713948,330764,185760,184358883,146.0,0.0159360431134701,0.9078114628791809,0.0490584149956703,0.013615651987493002,0.000297024700557813,0.0132813155651093,LOP_R
720575940599704006,720575940441575506,713744,330096,185640,713756,330044,185560,184358865,176.0,0.25596949458122303,0.10596521198749499,0.621296167373657,0.00545297702774406,0.000733090273570269,0.0105830868706107,LOP_R
720575940599704006,720575940589855800,713540,329228,185600,713564,329056,185600,184358874,114.0,0.0361009053885937,0.739115118980408,0.11100365966558501,0.0941403061151505,0.0050587011501193,0.01458131801337,LOP_R
720575940599704006,720575940649956729,713736,330260,185640,713760,330288,185560,184358867,174.0,0.433521121740341,0.0761643275618553,0.485095828771591,0.00176917866338044,0.000259367952821776,0.0031901190523058198,LOP_R
720575940599704006,720575940589847352,714896,329056,185760,714932,329032,185640,184358890,172.0,0.00215647555887699,0.84476512670517,0.00169163662940264,0.14213933050632502,9.75012790149776e-06,0.00923763774335384,LOP_R
720575940599704006,720575940619113265,713804,330764,185640,713880,330840,185640,184358885,141.0,0.0639217346906662,0.14194236695766502,0.7723926901817321,0.0114254774525762,0.000248011871008202,0.0100697157904506,LOP_R
720575940599704006,720575940644682400,714848,329016,185720,714784,329024,185680,184358889,169.0,0.00445429887622595,0.8989512920379642,0.0144219659268856,0.0747688561677933,3.5160421248292496e-05,0.007368461228907109,LOP_R
720575940599704006,720575940613689007,714840,328996,185720,714728,328932,185720,184358913,72.0,0.0053583453409373795,0.8874423503875729,0.0154164060950279,0.0817790329456329,6.363438296830279e-05,0.009940105490386491,LOP_R
720575940599704006,720575940644682400,713520,329192,185680,713560,329072,185680,184358915,71.0,0.042983990162611,0.7447277307510379,0.0751176699995995,0.0925028547644615,0.0136140938848257,0.0310536324977875,LOP_R
720575940599704006,720575940589844024,715340,329104,185920,715336,329180,185880,184358960,144.0,0.00595740089192987,0.9373362064361569,0.00827264133840799,0.033434797078371,0.00013142685929778999,0.0148675814270973,LOP_R
720575940599704006,720575940636739173,713344,329844,186000,713300,329776,185960,184358986,92.0,0.0310351569205523,0.7762908339500431,0.0737008154392242,0.0168915614485741,0.0085802348330617,0.0935014113783836,LOP_R
720575940599704006,720575940617797259,714848,329232,185920,714804,329380,185920,184358973,140.0,0.039281889796257005,0.8730045557022099,0.056453350931406,0.00563566712662578,0.00178206991404295,0.0238424558192492,LOP_R
720575940599704006,720575940641295568,714800,329144,185840,714720,329280,185840,184358961,118.0,0.0025720447301864602,0.9483737945556641,0.006102494895458221,0.036570031195878996,1.54565768752946e-05,0.00636607827618718,LOP_R
720575940599704006,720575940441581906,714892,329276,185920,714896,329420,185960,184358985,146.0,0.0136019075289369,0.945980191230774,0.011461216956377,0.0097484178841114,0.000575629936065525,0.0186327490955591,LOP_R
720575940599704006,720575940613689007,713792,330776,185760,713880,330860,185760,184358949,138.0,0.0221401397138834,0.859744429588318,0.0814654603600502,0.0119601720944047,0.0006905489717610179,0.0239992290735245,LOP_R
720575940599704006,720575940631688588,713792,330760,185840,713920,330752,185840,184358965,135.0,0.0167622454464436,0.9288402199745179,0.0300005190074444,0.0121282888576388,0.000173838780028746,0.0120949139818549,LOP_R
720575940599704006,720575940631688588,714884,329212,185880,714924,329356,185880,184358968,126.0,0.0505720116198063,0.872953116893768,0.0541482381522656,0.00687488168478012,0.00064278906211257,0.0148089360445738,LOP_R
720575940599704006,720575940631688588,713976,330676,186360,714072,330644,186360,184359078,149.0,0.0013980211224407,0.9921716451644901,0.000212397062568925,0.0049240761436522,1.03230195236392e-05,0.0012835350353270802,LOP_R
720575940599704006,720575940440854597,713976,330756,186400,714040,330760,186440,184359098,135.0,0.0032777595333755,0.97855269908905,0.00140057480894029,0.0152213610708714,2.0471299649216197e-05,0.00152717414312065,LOP_R
720575940599704006,720575940441604690,714816,329408,186520,714772,329484,186480,184359104,140.0,0.426101386547089,0.10623764246702198,0.37538853287696794,0.00829727109521627,0.00269363936968148,0.0812815055251122,LOP_R
720575940599704006,720575940613689007,713940,330684,186480,714056,330680,186480,184359107,175.0,0.0021965377964079397,0.9846312403678891,0.000338178360834718,0.01234788633883,2.3647422494832396e-05,0.00046252959873527305,LOP_R
720575940599704006,720575940640027965,715520,328908,186160,715592,328940,186200,184359588,143.0,0.029644975438714,0.7939763069152829,0.0403862856328487,0.00667731650173664,0.00739244744181633,0.12192265689373,LOP_R
720575940599704006,720575940441595474,715424,328944,186200,715456,328992,186240,184359579,114.0,0.0317406803369522,0.7558991312980649,0.17563097178935996,0.0165980458259583,0.0017598585691303,0.0183713361620903,LOP_R
720575940599704006,720575940627269148,718444,326540,184960,718528,326552,185000,185434004,137.0,0.0517624020576477,0.482690572738647,0.41515943408012396,0.0238710232079029,0.0015738159418106099,0.0249427668750286,LOP_R
720575940599704006,720575940602006746,718416,326676,184880,718532,326692,184840,185433993,142.0,0.00457560736685991,0.9816561341285709,0.00255241198465228,0.00778756523504853,2.4405399017268802e-05,0.00340379518456757,LOP_R
720575940599704006,720575940595745484,718408,326656,184960,718536,326688,184920,185434005,144.0,0.0117082744836807,0.934185564517975,0.0295532047748566,0.0120969284325838,0.000234008664847352,0.0122220739722252,LOP_R
720575940599704006,720575940437813602,718364,326636,185000,718360,326760,185040,185434030,62.0,0.0231524929404259,0.8377514481544491,0.0915908515453339,0.0207231249660254,0.000787122582551092,0.0259949695318937,LOP_R
720575940599704006,720575940636739173,718384,326708,184920,718416,326796,184920,185434006,142.0,0.0119123198091984,0.955878257751465,0.011774031445384,0.0107724713161588,8.11499339761213e-05,0.00958177261054516,LOP_R
720575940599704006,720575940628523004,718432,326440,185120,718464,326580,185120,185434045,151.0,0.0505236685276032,0.536446034908295,0.287950664758682,0.0588995851576328,0.00409980211406946,0.0620803236961365,LOP_R
720575940599704006,720575940437813602,718092,326760,185160,718196,326776,185160,185434064,134.0,0.0036192056722939,0.9704608321189879,0.00417832657694817,0.0194612890481949,1.94128424482187e-05,0.00226090685464442,LOP_R
720575940599704006,720575940602003674,717984,326840,185280,718048,326896,185280,185434065,141.0,0.00308045465499163,0.9697436094284059,0.0020978676620870803,0.0226251240819693,2.5304605514975302e-05,0.00242767785675824,LOP_R
720575940599704006,720575940602003674,717836,326976,185240,717856,327080,185240,185434078,146.0,0.00965985748916864,0.909029245376587,0.0423060283064842,0.0316479690372944,0.00011998452828265701,0.00723693845793605,LOP_R
720575940599704006,720575940636739173,717908,326940,185200,717948,327016,185160,185434066,145.0,0.00336701469495893,0.861392855644226,0.009764536283910271,0.12304724752903,1.48688968693023e-05,0.0024133869446814104,LOP_R
720575940599704006,720575940621114650,718552,326300,185240,718572,326424,185280,185434083,66.0,0.0225886423140764,0.9064670205116271,0.00628840830177069,0.015109526924788999,0.00171352608595043,0.0478328689932823,LOP_R
720575940599704006,720575940641295568,717808,326964,185240,717748,327060,185240,185434086,133.0,0.0471511892974377,0.690447986125946,0.214407071471214,0.0207856055349112,0.0012960080057382599,0.0259121786803007,LOP_R
720575940599704006,720575940630493822,717968,326176,185480,717856,326184,185480,185434125,145.0,0.496879518032074,0.380465298891068,0.11070154607296001,0.00639194995164871,0.00072384113445878,0.00483781145885587,LOP_R
720575940599704006,720575940626001703,717844,326824,185400,717968,326880,185360,185434100,51.0,0.0425914414227009,0.841121077537537,0.0620543658733368,0.0448560118675232,0.000319460174068809,0.009057631716132159,LOP_R
720575940599704006,720575940437816930,718332,326436,185240,718328,326592,185240,185434084,56.0,0.255777537822723,0.3056133687496189,0.41428923606872603,0.0137255387380719,0.00137748499400914,0.009216867387294771,LOP_R
720575940599704006,720575940437816930,718184,326412,185360,718240,326512,185360,185434095,139.0,0.693888366222382,0.286340862512588,0.0123593555763364,0.0028367803897708698,0.00025207648286595897,0.00432249484583735,LOP_R
720575940599704006,720575940601918682,718004,326292,185440,717928,326384,185480,185434115,176.0,0.4022848606109621,0.411362498998642,0.108608029782772,0.0712904557585716,0.000598585931584239,0.005855492781847721,LOP_R
720575940599704006,720575940437825890,718012,326328,185480,718060,326480,185440,185434116,124.0,0.720373809337616,0.15625324845314,0.0965540409088135,0.0216269493103027,0.000853077508509159,0.0043389480561018,LOP_R
720575940599704006,720575940631899496,717984,326224,185480,717912,326276,185520,185434133,128.0,0.7286220192909241,0.127075806260109,0.131616905331612,0.00930334441363812,0.00040156539762392597,0.00298039242625237,LOP_R
720575940599704006,720575940631899496,716652,325848,188480,716664,325760,188480,175232724,135.0,0.0251456182450056,0.896129190921783,0.0509080551564693,0.0136045506224036,0.00110649317502975,0.013106033205986,LOP_R
720575940599704006,720575940627190556,718040,326792,185240,718144,326792,185240,185434085,122.0,0.00317905144765973,0.972911357879639,0.00208937330171466,0.0210670959204435,1.1450163583503999e-05,0.0007417159504257139,LOP_R
720575940599704006,720575940627190556,713056,330704,183920,713072,330792,183920,165166244,145.0,0.00220085750333965,0.956114232540131,0.00759317493066192,0.032061506062746,8.71199245011667e-06,0.00202152039855719,LOP_R
720575940599704006,720575940627190556,719632,324500,188680,719736,324520,188680,175215318,148.0,0.0376796387135983,0.919747710227966,0.0274087730795145,0.00796987023204565,0.000664142891764641,0.00652988813817501,LOP_R
720575940599704006,720575940630493822,712840,330560,184000,712836,330488,183960,165150483,73.0,0.0126687977463007,0.975548386573792,0.0103672770783305,0.00126845005434006,6.20930620698346e-07,0.000146539765410125,LOP_R
720575940599704006,720575940630493822,716384,325904,188560,716336,325808,188560,175232726,144.0,0.0222885571420193,0.927373826503754,0.0316653586924076,0.0152076734229922,0.00015384456492029098,0.00331067596562207,LOP_R
720575940599704006,720575940612682714,713060,329728,184600,713068,329656,184600,165166469,139.0,0.0437118113040924,0.161524221301079,0.621642708778381,0.016770513728261,0.0085658673197031,0.147784844040871,LOP_R
720575940599704006,720575940629500663,713884,330656,185640,714008,330652,185640,184358881,51.0,0.0201467555016279,0.8927540183067321,0.0669578611850739,0.0158647038042545,5.18790220667142e-05,0.00422483589500189,LOP_R
720575940599704006,720575940619113265,713512,329260,185560,713520,329120,185560,184358834,141.0,0.0194761827588081,0.812033653259277,0.0810198932886124,0.0801072716712952,0.000573728757444769,0.00678916648030281,LOP_R
720575940599704006,720575940632504874,719400,324188,187680,719284,324100,187680,67765471,74.0,0.0763882324099541,0.547579228878021,0.340170353651047,0.0131580792367458,0.0016705263406038302,0.0210335180163383,LOP_R
720575940599704006,720575940618284578,719704,324144,188000,719720,324052,187960,67765523,132.0,0.0040372125804424295,0.8865370750427249,0.0078361239284277,0.0057370513677597,0.000384616607334465,0.0954680219292641,LOP_R
720575940599704006,720575940640027965,719664,324584,188600,719756,324648,188600,175215320,149.0,0.0179633479565382,0.8813599944114691,0.0391605347394943,0.0433484949171543,0.000912545132450759,0.0172551944851875,LOP_R
720575940599704006,720575940640027965,719176,324520,188760,719152,324392,188720,175215338,148.0,0.0343815237283707,0.71915602684021,0.141545504331589,0.0721695721149445,0.0026017059572041,0.0301455818116665,LOP_R
720575940599704006,720575940639113331,717376,326904,186880,717468,326988,186800,68219738,83.0,0.054229311645030996,0.7300536036491391,0.18337020277976998,0.0188499111682177,0.000341349339578301,0.013155653141438997,LOP_R
720575940599704006,720575940634612194,718404,326396,185240,718444,326512,185240,185434075,75.0,0.0545976459980011,0.834994673728943,0.0529444254934788,0.0377113968133926,0.00154874508734792,0.0182031188160181,LOP_R
720575940599704006,720575940645651252,703216,317376,172480,703132,317300,172480,228919922,140.0,0.0020678751170635197,0.946504056453705,0.0005726784002035861,0.0484700165688992,1.06458437585388e-05,0.00237478641793132,LO_R
720575940599704006,720575940525088547,703212,317300,172600,703168,317192,172600,228919954,139.0,0.00150282820686698,0.971841216087341,0.0009133090497925881,0.0239723864942789,7.77865534473676e-06,0.001762431464158,LO_R
720575940599704006,720575940622410736,702528,316924,172760,702632,316904,172680,228919992,76.0,0.0011966215679422,0.988268852233887,5.885883365408521e-05,0.005892274901270871,4.2691943235695396e-05,0.004540743771940471,LO_R
720575940599704006,720575940622408970,702480,317000,172720,702580,317052,172680,228919993,93.0,0.0037824600003659704,0.9732142090797421,0.000251813151407987,0.00517234764993191,0.00015138348680920902,0.0174278728663921,LO_R
720575940599704006,720575940634630113,702536,317048,172760,702632,317148,172760,228920022,128.0,0.0008841935778036711,0.99150812625885,3.30632392433472e-05,0.00621430994942784,3.80426558876934e-06,0.00135659193620086,LO_R
720575940599704006,720575940637734768,702632,316976,172760,702792,316948,172760,228920009,142.0,0.000482514791656286,0.997280478477478,1.0447854947415199e-05,0.0019754203967750103,6.43664179733605e-07,0.000250504992436618,LO_R
720575940599704006,720575940622385418,702488,316760,172760,702488,316720,172720,228920006,71.0,0.0113204596564174,0.902074694633484,0.00447853468358517,0.0171991474926472,0.00454602995887399,0.0603811107575893,LO_R
720575940599704006,720575940525107491,703216,317304,172720,703100,317224,172720,228920010,109.0,0.0015934128314256698,0.97662341594696,0.00064059579744935,0.0188477914780378,4.10516668125638e-06,0.00229078228585422,LO_R
720575940599704006,720575940616274971,701168,321576,171600,701208,321452,171640,229847721,131.0,0.00702946726232767,0.9762781858444209,0.00369995809160173,0.00884859077632427,0.000154370005475357,0.00398939987644553,LO_R
720575940599704006,720575940587563559,701148,321608,171600,701264,321656,171600,229847713,158.0,0.006509837694466111,0.967987418174744,0.00379434390924871,0.0172890685498714,0.000129384468891658,0.00428999355062842,LO_R
720575940599704006,720575940626979621,701500,321612,171960,701536,321496,171920,229847783,83.0,0.0062579833902418605,0.805930495262146,0.00782260298728943,0.139086619019508,0.00157485622912645,0.0393274426460266,LO_R
720575940599704006,720575940645651252,700528,318304,171840,700624,318276,171840,230474937,79.0,0.00495600234717131,0.906959474086762,0.0010156161151826401,0.056060254573822,0.000167173842783086,0.0308414921164513,LO_R
720575940599704006,720575940634630113,700736,318280,172040,700816,318088,172000,230474969,129.0,0.00176397943869233,0.940675556659699,6.0338014009175795e-05,0.00882845558226109,2.8140499125584e-05,0.0486434362828732,LO_R
720575940599704006,720575940625964377,700696,318304,172000,700736,318172,171920,230474954,142.0,0.00150229025166482,0.9306238293647769,4.14832757087424e-05,0.0263623725622892,1.16960309242131e-05,0.0414583571255207,LO_R
720575940599704006,720575940600064793,700720,318416,171960,700864,318452,171960,230474961,72.0,0.00280944281257689,0.948218643665314,0.000186754754395224,0.039169330149889,6.1679347709287e-05,0.00955404993146658,LO_R
720575940599704006,720575940637734768,700784,318328,172040,700968,318312,172040,230474971,99.0,0.00208268407732248,0.903741955757141,0.000211695572943427,0.0471232756972313,4.998534495825879e-05,0.0467903278768063,LO_R
720575940599704006,720575940645651252,703156,317540,172480,703040,317600,172400,230476887,147.0,0.000628729118034244,0.929606974124908,7.96472886577249e-05,0.0672565549612045,3.18146771860484e-06,0.00242482335306704,LO_R
720575940599704006,720575940525088547,703176,317452,172480,703160,317544,172400,230476884,126.0,0.0019276688108220699,0.9352268576622009,0.000406873237807304,0.0572830960154533,2.58252821367932e-05,0.005129641387611629,LO_R
720575940599704006,720575940622408970,703192,317588,172560,703076,317624,172520,230476912,124.0,0.00138076080475003,0.943379104137421,8.379782229894771e-05,0.0497281029820442,1.18912148536765e-05,0.00541624892503023,LO_R
720575940599704006,720575940634630113,703176,317472,172680,703088,317460,172680,230476923,138.0,0.00056938105262816,0.986408948898315,7.605799328302959e-05,0.0110162664204836,1.2072853223799e-06,0.00192827009595931,LO_R
720575940599704006,720575940622408970,703068,317720,172640,702948,317656,172640,230476924,99.0,0.0183501206338406,0.820529282093048,0.0523228570818901,0.0809087604284287,0.000661127094645053,0.0272278767079115,LO_R
720575940599704006,720575940622366218,699488,325024,171560,699436,324880,171560,230281207,145.0,0.0123913222923875,0.941102564334869,0.0111531792208552,0.0277684833854437,6.86831917846575e-05,0.00751587096601725,LO_R
720575940599704006,720575940397531683,699516,325036,171680,699440,324856,171720,230281269,63.0,0.00813321396708488,0.88933265209198,0.00742687890306115,0.0787423923611641,4.9485308409202796e-05,0.0163153111934662,LO_R
720575940599704006,720575940601168475,699464,325088,171760,699320,325048,171760,230281272,129.0,0.00724665727466345,0.90715366601944,0.00647805724292994,0.0628157556056976,6.9969093601685e-05,0.0162358861416578,LO_R
720575940599704006,720575940637734768,701224,321568,171640,701336,321524,171640,229847711,146.0,0.0121048567816615,0.9547452926635741,0.015565037727356002,0.0120916003361344,0.00027525270706973997,0.00521804671734571,LO_R
720575940599704006,720575940627190556,716600,327400,186920,716640,327516,186920,68219758,56.0,0.024309940636158,0.871013224124908,0.0657796859741211,0.0163703206926584,0.000594508368521929,0.0219322964549065,LOP_R
720575940599704006,720575940477606167,705264,323848,175120,705328,323748,175120,239225324,64.0,0.0006408123881556089,0.9419841170310971,7.367013313341891e-05,0.0563010796904564,1.03143725027621e-06,0.000999342417344451,LO_R
720575940599704006,720575940645651252,705348,324056,175080,705480,324044,175080,239225316,141.0,0.00133563950657845,0.8549743890762329,0.0008399963844567541,0.141441240906715,2.6213660930807203e-06,0.0014061442343518099,LO_R
720575940599704006,720575940622361098,705240,323904,175200,705244,323760,175240,239225349,66.0,0.000405188533477485,0.9783832430839542,1.40078427648405e-05,0.0206554252654314,4.86539761368476e-07,0.000541594403330237,LO_R
720575940599704006,720575940626979621,705272,324056,175240,705312,324056,175320,239225367,74.0,0.000611022056546062,0.9848211407661441,0.000126626327983104,0.0131359258666635,9.079407163881121e-07,0.00130432937294245,LO_R
720575940599704006,720575940622438410,701064,318308,175200,701128,318224,175200,239837467,62.0,0.18405699729919398,0.643474817276001,0.0478271394968033,0.0374184884130955,0.012464877218008001,0.0747577250003815,LO_R
720575940599704006,720575940622282762,702316,318488,176040,702264,318536,176080,239837626,112.0,0.333355307579041,0.50905042886734,0.0190080273896456,0.0431877262890339,0.0118104312568903,0.0835881605744362,LO_R
720575940599704006,720575940604893868,719128,328104,184000,719220,328000,183960,165166869,135.0,0.0202380605041981,0.772165179252625,0.16002279520034804,0.0223256070166826,0.000859530759043992,0.0243887919932604,LOP_R
720575940599704006,720575940646897540,714936,329072,185760,715012,329144,185680,184358917,148.0,0.00292495079338551,0.903704226016998,0.00610466208308935,0.0834304913878441,1.36492390083731e-05,0.0038220966234803204,LOP_R
720575940599704006,720575940632504874,718656,324812,188480,718552,324756,188480,175215277,140.0,0.0396803990006447,0.7844389081001278,0.117606982588768,0.0108717763796449,0.0027019658591598303,0.0446999371051788,LOP_R
720575940599704006,720575940627190556,717356,326844,186880,717392,326908,186760,68219722,85.0,0.0921679735183716,0.282058537006378,0.5774878263473511,0.010279543697834,0.00147442566230893,0.0365316495299339,LOP_R
720575940599704006,720575940627190556,718608,325404,188520,718700,325468,188520,175215288,130.0,0.130034565925598,0.719567716121674,0.11358975619077699,0.0191381480544806,0.000907525303773582,0.0167623180896044,LOP_R
720575940599704006,720575940636739173,713520,329496,185440,713664,329480,185440,184358819,141.0,0.056337084621191,0.141355454921722,0.7450856566429142,0.0168755911290646,0.0042996937409043295,0.0360464863479137,LOP_R
720575940599704006,720575940626979621,699456,325056,171600,699316,325016,171600,230281209,140.0,0.0180152617394924,0.8489307165145871,0.0289189107716084,0.0613057985901833,0.000931505404878408,0.0418977625668049,LO_R
720575940599704006,720575940621116807,698596,321420,170720,698648,321552,170720,161740903,146.0,0.0112022440880537,0.9543412327766422,0.000711886503268033,0.000874062650837004,0.00036419258685782595,0.0325062982738018,LO_R
720575940599704006,720575940619113265,714884,329128,185800,714948,329224,185760,184358930,104.0,0.00414159195497632,0.9130835533142091,0.0076058367267251,0.0702119842171669,1.80865263246233e-05,0.0049389386549592,LOP_R
720575940599704006,720575940621114650,702560,317188,172840,702636,317256,172840,228920024,86.0,0.0386529564857483,0.8533121347427371,0.0146893365308642,0.0035315228160470702,0.00984650384634733,0.0799675807356834,LO_R
720575940599729862,720575940627190556,713176,321036,189880,713100,320960,189880,63783604,143.0,0.0187105368822813,0.5034577250480651,0.268181979656219,0.143838584423065,0.000584559165872633,0.0652265772223473,LOP_R
720575940599729862,720575940634630113,697628,316352,175600,697548,316256,175600,238314435,72.0,7.89337832429737e-07,0.989803314208984,5.48941392342073e-10,0.0101958522573113,1.26833737956744e-10,2.90973147798468e-08,LO_R
720575940599729862,720575940631706655,713508,321484,188680,713608,321516,188720,174829389,138.0,0.00612896354869008,0.8784804344177249,0.00415235105901957,0.0935452803969383,0.00024585580104030696,0.0174470338970423,LOP_R
720575940599729862,720575940629123914,697908,316408,175280,697972,316256,175280,238314317,146.0,0.0186017714440823,0.8794678449630741,0.00392446666955948,0.0314658544957638,0.000641765771433711,0.0658982470631599,LO_R
720575940599729862,720575940632504874,714284,320112,191800,714352,320052,191840,58660723,144.0,0.0649686977267265,0.65656977891922,0.23204320669174203,0.0269642509520054,0.00322518683969975,0.0162289049476385,LOP_R
720575940599729862,720575940633656147,715532,321336,190200,715452,321356,190200,63164485,87.0,0.0942529812455177,0.42895689606666604,0.44032913446426397,0.00661206804215908,0.00219540577381849,0.0276534594595432,LOP_R
720575940599729862,720575940626979621,695008,319188,174560,695044,319036,174520,114673589,111.0,0.0277356654405594,0.721202194690704,0.188962236046791,0.0532862581312656,0.00025336563703604,0.0085602905601263,LO_R
720575940599729862,720575940525190947,702240,316480,176960,702160,316380,176960,21434244,128.0,0.379799336194992,0.0176377110183239,0.155662655830383,0.00028057527379132796,0.0500588342547417,0.396560817956924,LO_R
720575940599729862,720575940626979621,702052,316476,177480,702032,316356,177480,21434328,142.0,0.0167461652308702,0.877677142620087,0.0007346015772782269,0.000667467480525374,0.0035112255718559,0.10066344588995,LO_R
720575940599729862,720575940625766346,701944,316516,177360,701880,316448,177320,21434309,148.0,0.0130005646497011,0.707760035991669,0.00547049846500158,0.0014790319837629802,0.00513259973376989,0.267157286405563,LO_R
720575940599729862,720575940622281994,702228,311008,177440,702176,310928,177440,21068042,143.0,0.031325027346611,0.863607466220856,0.0214613508433104,0.00445232447236776,0.00271069793961942,0.076443187892437,LO_R
720575940599729862,720575940524059454,702272,310988,177320,702184,311012,177320,21068056,145.0,0.023316316306591003,0.84121435880661,0.0121370349079371,0.0075176837854087405,0.0032555388752371103,0.11255908012390099,LO_R
720575940599729862,720575940524028478,702156,311064,177400,702052,311008,177400,21068080,143.0,0.0232032351195812,0.85270482301712,0.0295089744031429,0.00753846438601613,0.00153579970356077,0.0855086371302605,LO_R
720575940599729862,720575940622281994,702272,310960,177680,702236,310856,177680,21068125,140.0,0.0141986841335893,0.9818750023841859,0.0019510681740939602,0.000532075995579362,3.6847407045570397e-06,0.00143948663026094,LO_R
720575940599729862,720575940623866090,702248,311016,177800,702176,310912,177800,21068161,145.0,0.00411622552201152,0.9938014149665829,0.000274808699032292,0.0006541581824421879,7.49702053326473e-07,0.0011527594178915,LO_R
720575940599729862,720575940614835677,702228,311064,177880,702128,311024,177880,21068176,142.0,0.00364086823537946,0.9799802303314209,0.000600713188759983,0.00540300132706761,9.53875587583752e-06,0.0103657376021147,LO_R
720575940599729862,720575940626099970,698640,321092,177120,698552,321152,177120,22269731,147.0,0.0021400568075478103,0.969056904315949,0.0007284392486326401,0.0198233891278505,1.35983846121235e-05,0.008237567730247971,LO_R
720575940599729862,720575940592269797,699088,321492,177240,699056,321588,177200,22269744,74.0,0.00200506998226047,0.9843925237655641,0.00136774056591094,0.00890393275767565,2.5288907636422698e-05,0.00330541981384158,LO_R
720575940599729862,720575940621972938,699020,321420,177280,698920,321376,177280,22269745,119.0,0.0016124984249472599,0.9811290502548221,0.00163301441352814,0.0101704047992826,0.00011461516260169399,0.00534048723056912,LO_R
720575940599729862,720575940592269797,698724,321056,177400,698656,321016,177400,22269759,52.0,0.0028137320186942803,0.9547694325447079,0.000444577191956341,0.0376106239855289,2.81265201920178e-05,0.0043334644287824605,LO_R
720575940599729862,720575940592271333,699096,321504,177400,698992,321464,177400,22269763,127.0,0.000579766579903662,0.981617093086243,0.0012265995610505301,0.0146807404235005,8.53670735523338e-06,0.0018872243817895699,LO_R
720575940599729862,720575940592269797,698504,321008,177120,698440,320952,177120,22831091,52.0,0.0108941970393062,0.882146000862122,0.0135216526687145,0.0710826143622398,0.000609505572356284,0.0217460412532091,LO_R
720575940599729862,720575940398479322,698756,321044,177360,698768,320920,177360,22831129,169.0,0.00112118350807577,0.971388280391693,5.48369753232691e-05,0.0259982198476791,4.25867119702161e-06,0.00143319671042264,LO_R
720575940599729862,720575940627190556,712972,324372,189120,712928,324236,189120,174829460,144.0,0.482677280902863,0.0403572805225849,0.448813378810883,0.00231964304111898,0.0019869429524987897,0.0238454397767782,LOP_R
720575940599729862,720575940627190556,711832,323024,188920,711920,323104,188920,174812402,134.0,0.0140757318586111,0.16337710618972798,0.79022341966629,0.0074700061231851595,0.00286066229455173,0.021993039175867996,LOP_R
720575940599729862,720575940626979621,702196,311112,177680,702064,311116,177640,21068132,134.0,0.00822112057358027,0.9842946529388431,0.0025661401450634,0.0034055863507092,5.10940208187094e-06,0.00150729168672115,LO_R
720575940599729862,720575940637734768,702404,310996,178000,702340,310904,178040,21068214,145.0,0.004496627021580929,0.8881865739822391,0.0017635504482314,0.0942983031272888,1.97667031898163e-05,0.011235180310905,LO_R
720575940599729862,720575940621114650,702816,316212,175080,702940,316228,175080,238313591,150.0,0.0226030368357897,0.7696052789688109,0.0446850769221783,0.00139837153255939,0.007470224983990191,0.154237970709801,LO_R
720575940599729862,720575940622305541,711596,323924,189080,711628,324032,189080,174812441,139.0,0.0294949002563953,0.0438297018408775,0.91825145483017,0.006369115319103,0.000799729255959392,0.00125509360805154,LOP_R
720575940599729862,720575940631767853,721520,318108,188720,721588,318032,188720,175392725,145.0,0.0154291447252035,0.9319986701011659,0.0112515743821859,0.008868284523487091,0.0034733421634882697,0.0289789345115423,LOP_R
720575940599729862,720575940627706398,714156,324648,188680,714224,324732,188640,175231986,154.0,0.3920740783214571,0.396931856870651,0.19729860126972198,0.009125133045017721,0.000288943614577875,0.0042813750915229295,LOP_R
720575940599729862,720575940629110138,712448,324544,189160,712344,324600,189120,175232091,162.0,0.0834739506244659,0.16145776212215399,0.7414647936820981,0.0013077829498797698,0.00511560868471861,0.007180103566497559,LOP_R
720575940599729862,720575940627377427,715828,321036,189680,715872,321112,189680,175412433,110.0,0.0115412753075361,0.883923590183258,0.0607429295778275,0.0187557991594076,0.00047367686056532004,0.0245628003031015,LOP_R
720575940599729862,720575940617231873,712592,324640,189160,712552,324776,189120,175232093,98.0,0.16313758492469801,0.22056443989276897,0.598253309726715,0.00277395220473409,0.000685902370605618,0.0145848011597991,LOP_R
720575940599729862,720575940641295568,713400,321280,188800,713428,321184,188800,175411350,143.0,0.0084824413061142,0.94885665178299,0.00151951680891216,0.0388187132775784,9.94881975202588e-06,0.0023127356544137,LOP_R
720575940599729862,720575940641295568,715696,321040,190560,715632,320944,190560,63783796,152.0,0.0123724853619933,0.947882652282715,0.0133695313706994,0.0146171571686864,0.000456814479548484,0.0113013349473476,LOP_R
720575940599729862,720575940627190556,712280,324392,190560,712208,324488,190520,63577729,145.0,0.138687059283257,0.46333771944046004,0.233434334397316,0.0126306721940637,0.0491108298301697,0.102799341082573,LOP_R
720575940599729862,720575940627190556,721012,319992,187120,720996,320112,187120,68389360,117.0,0.0504700392484665,0.168517649173737,0.7405307292938229,0.00857296492904425,0.0034407249186188,0.0284679140895605,LOP_R
720575940599729862,720575940627190556,711048,324084,188400,711088,324204,188400,174812267,138.0,0.00395945739001036,0.8751139640808109,0.00796734634786844,0.10405638068914401,3.76772513845935e-05,0.0088651180267334,LOP_R
720575940599729862,720575940628658709,717328,316720,191640,717184,316736,191600,56964401,139.0,0.0477794706821442,0.693598866462708,0.18881556391716,0.0306860338896513,0.00242041400633752,0.0366996005177498,LOP_R
720575940599729862,720575940608267529,717368,316636,191640,717296,316576,191680,56964400,59.0,0.0451474785804749,0.556099474430084,0.31829532980918895,0.0220214929431677,0.00176253146491945,0.0566736906766892,LOP_R
720575940599729862,720575940514245105,717472,316060,191600,717392,315988,191600,56964398,132.0,0.510273575782776,0.0463317334651947,0.438318222761154,0.000516443571541458,0.000584284018259496,0.00397575972601771,LOP_R
720575940599729862,720575940626743183,717436,316164,191600,717304,316164,191600,56964382,136.0,0.551583468914032,0.141175746917725,0.293547689914703,0.0038330822717398396,0.000500690191984177,0.00935936253517866,LOP_R
720575940599729862,720575940596019661,717496,316156,191680,717408,316144,191680,56964413,80.0,0.15743884444236803,0.148164495825768,0.671063840389252,0.0035533518530428397,0.001900490722619,0.0178789813071489,LOP_R
720575940599729862,720575940627579751,718680,316148,191720,718740,316220,191720,56964436,149.0,0.00771061144769192,0.943730175495148,0.0168272014707327,0.0235154423862696,0.000207615172257647,0.008008940145373341,LOP_R
720575940599729862,720575940627190556,718588,316180,191720,718600,316272,191720,56964425,145.0,0.00512916361913085,0.9522423148155209,0.0221653990447521,0.0187087990343571,2.28037133638281e-05,0.00173152110073715,LOP_R
720575940599729862,720575940514220529,718632,316120,191840,718684,316208,191840,56964460,117.0,0.0274050366133451,0.76702481508255,0.11834032833576198,0.0519534461200237,0.00242507411167026,0.0328513272106647,LOP_R
720575940599729862,720575940514249713,718576,315968,191840,718604,315880,191840,56964470,143.0,0.0319584049284458,0.6439198851585389,0.21686436235904702,0.0364840924739838,0.00454989401623607,0.0662234276533127,LOP_R
720575940599729862,720575940602837714,718524,316024,191800,718460,316120,191880,56964481,105.0,0.0174252390861511,0.845646321773529,0.056191012263298,0.0483838804066181,0.00123364094179124,0.0311198942363262,LOP_R
720575940599729862,720575940647891844,718560,316144,191800,718528,316244,191800,56964461,73.0,0.0247416794300079,0.7713307738304142,0.14834877848625197,0.032329436391592005,0.00131112581584603,0.0219381805509329,LOP_R
720575940599729862,720575940616787417,717940,316148,191960,717880,316008,191960,56964503,156.0,0.00280684162862599,0.8664628267288209,0.0120971072465181,0.113998010754585,4.8598220018902794e-05,0.00458652386441827,LOP_R
720575940599729862,720575940578134918,717396,321300,191560,717408,321200,191560,57976931,126.0,0.0116354571655393,0.9484528303146359,0.0131524000316858,0.0192511696368456,0.00010914853919530301,0.00739901186898351,LOP_R
720575940599729862,720575940640027965,717756,321632,191560,717840,321688,191560,57976932,114.0,0.578857898712158,0.13800984621048001,0.254118800163269,0.007655767723917959,0.00473878672346473,0.0166189093142748,LOP_R
720575940599729862,720575940578134918,717624,321636,191720,717680,321704,191760,57976966,65.0,0.00469952449202538,0.8698201179504391,0.0076286047697067295,0.113322362303734,3.29655013047159e-05,0.004496418870985511,LOP_R
720575940599729862,720575940631688588,717568,321672,191720,717568,321808,191680,57976959,145.0,0.005525700747966771,0.7444186210632321,0.00989469047635794,0.238116830587387,3.0308268833323402e-05,0.0020138577092438897,LOP_R
720575940599729862,720575940613689007,717524,321688,191560,717520,321824,191560,57976935,145.0,0.289424419403076,0.385446071624756,0.279886245727539,0.032518744468689,0.000435306748840958,0.0122891990467906,LOP_R
720575940599729862,720575940640027965,717616,321688,191640,717668,321800,191640,57976942,144.0,0.0151402186602354,0.936605513095856,0.018149122595787,0.0292103998363018,7.88868874224136e-06,0.000886873924173415,LOP_R
720575940599729862,720575940467532134,713320,320616,191880,713236,320552,191920,58639949,140.0,0.018765926361084,0.752839088439941,0.0868719145655632,0.0142273120582104,0.0015617599710822099,0.12573409080505402,LOP_R
720575940599729862,720575940467502950,713892,320172,191640,713840,320068,191640,58660626,137.0,0.0249835327267647,0.150586813688278,0.730132162570953,0.0242998469620943,0.00239592953585088,0.0676016956567764,LOP_R
720575940599729862,720575940467511654,714052,320156,191600,714088,320076,191560,58660630,154.0,0.0183910802006722,0.0688319280743599,0.861557126045227,0.007551600225269791,0.00475561153143644,0.038912545889616,LOP_R
720575940599729862,720575940467509606,714072,320108,191640,714088,319996,191640,58660647,144.0,0.0270270127803087,0.267926603555679,0.641770303249359,0.0167717169970274,0.0036257773172110297,0.0428785905241966,LOP_R
720575940599729862,720575940602584786,716520,318156,191640,716556,318252,191640,58660650,141.0,0.0439413748681545,0.565689444541931,0.361071854829788,0.0124285956844687,0.000795420433860272,0.0160733032971621,LOP_R
720575940599729862,720575940467509606,714232,320112,191720,714320,320032,191720,58660679,140.0,0.0284432377666235,0.6155529618263239,0.28774428367614696,0.0319251492619514,0.00206269952468574,0.0342716872692108,LOP_R
720575940599729862,720575940467488102,713912,320088,191720,713868,319968,191760,58660708,76.0,0.0185790508985519,0.5766794085502621,0.305513024330139,0.061568234115839005,0.000877680082339793,0.0367825478315353,LOP_R
720575940599729862,720575940619881777,713804,320168,191720,713692,320064,191680,58660680,129.0,0.0196594651788473,0.603263854980469,0.207284510135651,0.10242334008216901,0.0014528490137308801,0.0659160241484642,LOP_R
720575940599729862,720575940619881777,714284,320144,191760,714384,320124,191760,58660710,109.0,0.0571886785328388,0.521853744983673,0.36711186170578003,0.0340205058455467,0.0030532346572727,0.0167719665914774,LOP_R
720575940599729862,720575940467527270,713460,320476,191920,713448,320380,191880,58660761,142.0,0.0269799772650003,0.614896476268768,0.20532926917076103,0.0122972382232547,0.00304374331608415,0.137453302741051,LOP_R
720575940599729862,720575940629403639,714200,320080,191800,714224,320012,191840,58660737,69.0,0.0415119044482708,0.493471205234528,0.41910740733146706,0.0236071217805147,0.0012537456350401,0.0210486054420471,LOP_R
720575940599729862,720575940467532134,713456,320488,192000,713412,320400,192000,58660811,132.0,0.0117729613557458,0.8945487737655641,0.0539654083549976,0.0192923583090305,0.00021171715343371,0.0202089007943869,LOP_R
720575940599729862,720575940467511654,714144,320648,192160,714208,320712,192200,58660832,144.0,0.0326439216732979,0.854648232460022,0.0688210874795914,0.0275710336863995,0.000820103858131915,0.0154956746846437,LOP_R
720575940599729862,720575940622864681,714140,320616,192040,714208,320668,192000,58660799,153.0,0.0401679500937462,0.76102876663208,0.131339266896248,0.0442785173654556,0.0018425021553412101,0.0213429685682058,LOP_R
720575940599729862,720575940467535974,713464,320536,192120,713380,320464,192120,58660844,154.0,0.0292064305394888,0.876369059085846,0.0670534819364548,0.010491450317204,0.000647631997708231,0.0162320472300053,LOP_R
720575940599729862,720575940627706398,714036,320696,192080,714060,320800,192080,58660821,151.0,0.0342096537351608,0.897135317325592,0.0371624790132046,0.0172328595072031,0.00208669877611101,0.0121729588136077,LOP_R
720575940599729862,720575940632504874,713432,320636,192120,713324,320620,192120,58660813,90.0,0.00575533974915743,0.95278263092041,0.0146774183958769,0.0228948388248682,2.33845948969247e-05,0.0038663966115564104,LOP_R
720575940599729862,720575940467542630,714076,320684,192160,714108,320756,192160,58660850,140.0,0.0355865135788918,0.907194316387177,0.0312502384185791,0.00436508050188422,0.00275511643849313,0.0188487153500319,LOP_R
720575940599729862,720575940467542630,713520,320752,192160,713528,320816,192240,58660867,86.0,0.0179574582725763,0.886408269405365,0.0395679287612438,0.0184795893728733,0.00160710967611521,0.0359796769917011,LOP_R
720575940599729862,720575940621941488,714048,320644,192320,714156,320652,192320,58660886,158.0,0.0383084304630756,0.91884446144104,0.010567138902843,0.0156455505639315,0.00046831526560708897,0.0161661263555288,LOP_R
720575940599729862,720575940467511654,714008,320644,192320,714088,320700,192400,58660901,155.0,0.0674507915973663,0.895938515663147,0.0141322128474712,0.013550017029046998,0.00017881442909129,0.00874956231564283,LOP_R
720575940599729862,720575940632504874,714024,320608,192320,714084,320588,192400,58660900,176.0,0.0169443003833294,0.931450963020325,0.0213088598102331,0.019567372277378998,0.000188416815944947,0.0105401212349534,LOP_R
720575940599729862,720575940613363710,713460,320708,192160,713388,320792,192200,58660860,139.0,0.0233175307512283,0.88129448890686,0.0689676031470299,0.0131367417052388,0.00040269794408232,0.0128809465095401,LOP_R
720575940599729862,720575940622084336,716524,318148,191520,716580,318280,191560,58661352,146.0,0.0311833918094635,0.301726341247559,0.5952821969985961,0.0208176802843809,0.00153833627700806,0.0494520328938961,LOP_R
720575940599729862,720575940617772667,717456,316120,191440,717544,315856,191400,62214722,115.0,0.0433101207017899,0.825811684131622,0.0726765468716621,0.0110138617455959,0.0025257968809455603,0.0446620211005211,LOP_R
720575940599729862,720575940514229489,717436,316068,191520,717344,316012,191520,62214738,143.0,0.650751054286957,0.119316078722477,0.225379303097725,0.000795665837358683,0.000281516520772129,0.00347637617960572,LOP_R
720575940599729862,720575940514229489,717320,316680,191520,717200,316672,191480,62214745,144.0,0.0328665822744369,0.6621497869491579,0.217321172356606,0.0328954830765724,0.00137621397152543,0.0533907189965248,LOP_R
720575940599729862,720575940616787417,717512,316024,191520,717460,315912,191480,62214737,135.0,0.8235484957695011,0.0342797003686428,0.13979791104793501,0.000186622623004951,0.00011438450746936699,0.00207289378158748,LOP_R
720575940599729862,720575940617772667,717588,315960,191480,717556,315840,191480,62214736,143.0,0.16720376908779097,0.643489241600037,0.14265182614326502,0.0055914111435413395,0.00360502698458731,0.0374587588012218,LOP_R
720575940599729862,720575940627190556,717312,316764,191520,717208,316816,191480,62214746,135.0,0.0290900021791458,0.637499153614044,0.131873816251755,0.0594373345375061,0.00412169145420194,0.137977913022041,LOP_R
720575940599729862,720575940634612194,715276,319704,189680,715216,319556,189680,175411696,150.0,0.0314406827092171,0.78251975774765,0.14640600979328197,0.0214227791875601,0.000339515449013561,0.0178712140768766,LOP_R
720575940599729862,720575940625766346,697800,316456,175280,697708,316348,175240,238314320,126.0,0.00331078609451652,0.937841832637787,0.000262077985098585,0.00667994655668736,4.9096743168775e-05,0.051856242120265995,LO_R
720575940599729862,720575940475289207,712448,323440,190200,712572,323396,190200,63145403,141.0,0.00484563549980521,0.9001225233078,0.0178382396697998,0.0628647133708,0.000140427015139721,0.014188464730978,LOP_R
720575940599729862,720575940601082875,712508,323516,190240,712612,323540,190200,63145406,142.0,0.00806950405240059,0.710720419883728,0.10538391023874301,0.12086369842290899,0.0017664683982729899,0.0531959384679794,LOP_R
720575940599729862,720575940621114650,711944,324216,190040,711868,324120,190080,63145369,146.0,0.0364760160446167,0.753640651702881,0.110845245420933,0.0281600691378117,0.005599627736955879,0.0652784109115601,LOP_R
720575940599729862,720575940601094907,712512,323452,190280,712644,323432,190280,63145421,136.0,0.0064260950312018394,0.8002994060516361,0.0658277496695519,0.0879462957382202,0.00100874342024326,0.0384917296469212,LOP_R
720575940599729862,720575940478371232,712536,323532,190280,712652,323584,190280,63145423,73.0,0.0109534757211804,0.7629808187484741,0.116504311561584,0.078708253800869,0.0013824284542352,0.0294708032160997,LOP_R
720575940599729862,720575940601092603,712388,323280,190360,712376,323160,190360,63145426,141.0,0.00935411546379328,0.828455209732056,0.0571026541292667,0.0914557799696922,0.000230350837227888,0.013401897624135002,LOP_R
720575940599729862,720575940619113265,712456,323380,190320,712572,323320,190280,63145420,143.0,0.007311565801501271,0.86144894361496,0.0351909846067429,0.0856427997350693,0.00017789153207559098,0.0102279093116522,LOP_R
720575940599729862,720575940601086203,712832,324012,190400,712808,323896,190400,63145438,141.0,0.00567561341449618,0.9379882216453549,0.0100160483270884,0.0417687147855759,3.60888006980531e-05,0.00451530748978257,LOP_R
720575940599729862,720575940631688588,712404,323364,190200,712464,323264,190200,63145402,143.0,0.00522095942869782,0.9068589210510251,0.0181382372975349,0.0459351427853107,9.726085409056401e-05,0.0237494688481092,LOP_R
720575940599729862,720575940616787417,712044,323320,190600,711984,323264,190480,63145451,140.0,0.0143145192414522,0.60689127445221,0.0895062237977982,0.25636288523674,0.0029178266413509802,0.0300072599202394,LOP_R
720575940599729862,720575940639493504,712412,323316,190320,712468,323204,190320,63145419,134.0,0.00570695288479328,0.8486092090606691,0.0225119646638632,0.118778988718987,6.748219311703e-05,0.0043253754265606395,LOP_R
720575940599729862,720575940627706398,712296,324008,190640,712396,323952,190640,63145481,117.0,0.0246013514697552,0.7877457141876221,0.0704332962632179,0.0133802378550172,0.0103598972782493,0.0934794917702675,LOP_R
720575940599729862,720575940601094907,712076,323416,190680,711984,323444,190680,63145477,72.0,0.007807788904756309,0.7740478515625,0.0408541671931744,0.11363647133112001,0.00186346180271357,0.0617902539670467,LOP_R
720575940599729862,720575940601092603,712112,323344,190680,712116,323264,190720,63145487,54.0,0.0189235899597406,0.801682710647583,0.0613652840256691,0.0585518442094326,0.00287852576002479,0.0565980300307274,LOP_R
720575940599729862,720575940601095163,712256,324004,190640,712252,323920,190680,63145491,122.0,0.0230175089091063,0.8210226893424991,0.0353532060980797,0.0120779583230615,0.011163548566401,0.0973650962114334,LOP_R
720575940599729862,720575940637702222,715688,321368,190080,715716,321456,190040,63164444,89.0,0.0768697559833527,0.8492678999900821,0.0644901767373085,0.00178731442429125,0.000522808230016381,0.00706200860440731,LOP_R
720575940599729862,720575940616576473,715568,321368,190120,715492,321444,190120,63164465,146.0,0.110031120479107,0.701801419258118,0.169777110219002,0.0038343721535056795,0.00141519622411579,0.0131407929584384,LOP_R
720575940599729862,720575940616576473,715576,321416,190280,715500,321504,190280,63164502,144.0,0.0671605840325356,0.747784078121185,0.167600333690643,0.000737435184419155,0.0019666024018079,0.014750967733562,LOP_R
720575940599729862,720575940588169357,715768,321384,190160,715832,321472,190200,63164486,52.0,0.26849752664566,0.333062291145325,0.37850064039230297,0.0012193477014079699,0.00326422206126153,0.0154560254886746,LOP_R
720575940599729862,720575940640027965,715600,321388,190200,715524,321500,190160,63164477,145.0,0.0689404085278511,0.48415046930313105,0.41589045524597207,0.00475873379036784,0.00279989326372743,0.0234599728137255,LOP_R
720575940599729862,720575940475308151,712896,323992,190360,713008,323984,190360,63164528,141.0,0.0105409631505609,0.847287952899933,0.0551806092262268,0.0824439972639084,0.000167466787388548,0.00437905266880989,LOP_R
720575940599729862,720575940475288439,712860,324012,190480,712944,323928,190480,63164540,132.0,0.011092065833508998,0.915236949920654,0.0231373384594917,0.0438510030508041,0.000119658208859619,0.00656302878633142,LOP_R
720575940599729862,720575940475292791,712916,324068,190360,713044,324080,190400,63164541,121.0,0.0277836788445711,0.801713109016418,0.128405049443245,0.0274603180587292,0.000492237333673984,0.014145658351481,LOP_R
720575940599729862,720575940631138043,715644,321440,190400,715604,321532,190400,63164538,147.0,0.21619713306427,0.443179786205292,0.308997452259064,0.00144342076964676,0.007220732513815159,0.0229614600539207,LOP_R
720575940599729862,720575940631138043,716176,321560,190520,716116,321652,190480,63164549,141.0,0.0127814402803779,0.933184146881104,0.0275342240929604,0.0100286947563291,0.0008354348829016089,0.0156360100954771,LOP_R
720575940599729862,720575940628449009,712880,324024,190520,713008,323980,190520,63164561,66.0,0.0365639962255955,0.786113679409027,0.140060812234879,0.0159908160567284,0.00157314131502062,0.0196975376456976,LOP_R
720575940599729862,720575940614770538,712808,324052,190560,712896,324076,190560,63164562,73.0,0.0268978718668222,0.86665666103363,0.0540780089795589,0.0195427723228931,0.00188616628292948,0.0309385061264038,LOP_R
720575940599729862,720575940635870874,712888,324044,190480,713012,324016,190480,63164545,149.0,0.0186744518578053,0.868763625621796,0.0647223889827728,0.0382981598377228,0.000774526211898774,0.00876673217862845,LOP_R
720575940599729862,720575940631688588,715624,321384,190440,715544,321452,190440,63164534,141.0,0.17642597854137398,0.250633269548416,0.551268696784973,0.0010107150301337199,0.0027085903566330697,0.0179527942091227,LOP_R
720575940599729862,720575940631688588,715692,321076,190520,715616,321012,190520,63164555,96.0,0.0112875876948237,0.929021835327148,0.0256116352975368,0.0167554449290037,0.000453107291832566,0.016870504245162,LOP_R
720575940599729862,720575940628658709,715648,321408,190320,715604,321544,190280,63164510,148.0,0.192175671458244,0.0923466458916664,0.699752271175385,0.00148883380461484,0.00241345795802772,0.0118231270462275,LOP_R
720575940599729862,720575940627190556,715720,321408,190320,715736,321552,190280,63164511,121.0,0.173202157020569,0.0803128033876419,0.7358224391937259,0.0012069211807102,0.0012461239239201,0.00820965506136417,LOP_R
720575940599729862,720575940637702222,715904,321320,190680,715956,321388,190720,63164593,133.0,0.336088955402374,0.352001488208771,0.243459194898605,0.0222385115921497,0.0110073927789927,0.0352044105529785,LOP_R
720575940599729862,720575940578135174,715824,321320,190640,715816,321396,190680,63164592,85.0,0.5702399015426639,0.27969044446945196,0.124571748077869,0.0106355464085937,0.00409914273768663,0.0107632242143154,LOP_R
720575940599729862,720575940633656147,715692,321120,190520,715592,321020,190640,63164587,134.0,0.0203656833618879,0.961559891700745,0.0076174451969564,0.00467769941315055,8.70640142238699e-05,0.00569213321432471,LOP_R
720575940599729862,720575940627377427,716200,321536,190440,716228,321576,190360,63165154,142.0,0.0292209479957819,0.65190976858139,0.200788900256157,0.005338651128113271,0.00508354604244232,0.10765814781189001,LOP_R
720575940599729862,720575940627706398,716240,321572,190520,716260,321672,190520,63165204,149.0,0.0199633315205574,0.7721357345581059,0.117265164852142,0.0100871380418539,0.00631625670939684,0.0742323324084282,LOP_R
720575940599729862,720575940627190556,716188,321580,190480,716136,321608,190400,63165171,168.0,0.0153259709477425,0.909194827079773,0.0363938845694065,0.0114972516894341,0.00117609184235334,0.0264119599014521,LOP_R
720575940599729862,720575940637702222,716208,321568,190600,716184,321684,190600,63165226,100.0,0.00591030530631542,0.9435170292854309,0.0115659460425377,0.0299912840127945,0.00017777195898816,0.008837529458105559,LOP_R
720575940599729862,720575940588169357,716316,321560,190560,716384,321612,190520,63165220,139.0,0.0120388306677341,0.8163250088691708,0.0632702633738518,0.0253677293658257,0.0017628062050789601,0.0812352448701859,LOP_R
720575940599729862,720575940619881777,716288,321624,190640,716328,321680,190640,63165238,120.0,0.018332701176404998,0.749931991100311,0.0455196723341942,0.0618550553917885,0.0131626008078456,0.11119793355464899,LOP_R
720575940599729862,720575940471242620,717448,321580,190800,717392,321608,190720,63165270,163.0,0.5725410580635071,0.33845731616020197,0.0775292813777924,0.000341840524924919,0.00128032790962607,0.00985019188374281,LOP_R
720575940599729862,720575940471216252,717596,321632,190840,717640,321696,190800,63165299,139.0,0.35247665643692,0.11316494643688198,0.520416617393494,0.000672388705424964,0.0043697166256606605,0.00889970734715462,LOP_R
720575940599729862,720575940631138043,716348,321560,190800,716272,321604,190800,63165297,163.0,0.0288438126444817,0.4463784098625179,0.128229886293411,0.0264048483222723,0.0962614491581917,0.27388161420822105,LOP_R
720575940599729862,720575940637702222,716360,321504,190800,716276,321512,190800,63165294,141.0,0.0260175205767155,0.38561072945594804,0.237650647759438,0.0268016047775745,0.0296341199427843,0.294285386800766,LOP_R
720575940599729862,720575940618260481,717652,321560,190840,717716,321588,190800,63165282,162.0,0.23193421959877,0.18753281235694896,0.5634406208991999,0.0009931996464729311,0.0059752999804914,0.0101238759234548,LOP_R
720575940599729862,720575940631899496,717520,321672,190800,717528,321796,190720,63165272,149.0,0.1756941229105,0.695936679840088,0.0973319038748741,0.00323388096876442,0.00455695763230324,0.0232464056462049,LOP_R
720575940599729862,720575940629403639,717776,321544,190920,717872,321564,190880,63165329,144.0,0.11395137012004901,0.7560811638832091,0.10648164898157099,0.00553369941189885,0.0017712761182338,0.0161808487027884,LOP_R
720575940599729862,720575940578134918,717624,321320,190960,717620,321204,190960,63165357,137.0,0.14314562082290697,0.372046023607254,0.310452938079834,0.0143309757113457,0.007001011632382871,0.153023511171341,LOP_R
720575940599729862,720575940629403639,717568,321316,190960,717516,321240,190960,63165358,125.0,0.160407945513725,0.24060074985027302,0.39259681105613703,0.0340627767145634,0.0112219136208296,0.16110982000827803,LOP_R
720575940599729862,720575940471253116,717744,321324,191040,717752,321192,191040,63165377,106.0,0.0548915266990662,0.6662009954452509,0.251391679048538,0.0127319106832147,0.000693723792210221,0.0140901245176792,LOP_R
720575940599729862,720575940640027965,717788,321564,191040,717852,321612,191080,63165387,135.0,0.091168574988842,0.6267563700675961,0.22378455102443698,0.0216427128762007,0.00290282303467393,0.0337449461221695,LOP_R
720575940599729862,720575940588169357,717228,321396,191280,717236,321304,191280,63165412,143.0,0.00331609603017569,0.968103468418121,0.000476085639093071,0.0214845966547728,2.65476446656976e-05,0.00659319013357163,LOP_R
720575940599729862,720575940624771255,717104,321412,191280,717028,321296,191240,63165422,140.0,0.00650636898353696,0.9645732641220089,0.00742402207106352,0.0182905793190002,3.95123788621277e-05,0.0031662594992667398,LOP_R
720575940599729862,720575940621941488,717304,321336,191360,717276,321232,191360,63165445,149.0,0.00412802211940289,0.981320559978485,0.00036082073347642996,0.00831233523786068,1.4762944374524499e-05,0.00586347188800573,LOP_R
720575940599729862,720575940619881777,717072,321396,191160,717028,321296,191160,63165399,170.0,0.0268381778150797,0.8495791554450992,0.0894755646586418,0.0140817016363144,0.000968376931268722,0.0190569180995226,LOP_R
720575940599729862,720575940627190556,717216,321364,191360,717152,321264,191360,63165411,138.0,0.0138733480125666,0.921415865421295,0.0113380402326584,0.0451255105435848,0.000125557417050004,0.00812170095741749,LOP_R
720575940599729862,720575940629403639,717432,321296,191360,717472,321168,191360,63165451,141.0,0.00882505904883146,0.9454247355461121,0.00540687283501029,0.0216016434133053,0.00037138201878406097,0.0183703545480967,LOP_R
720575940599729862,720575940624771255,717324,321312,191520,717264,321208,191480,63165470,138.0,0.0198056157678366,0.905775427818298,0.0562823712825775,0.0131981475278735,0.000108111613371875,0.00483035249635577,LOP_R
720575940599729862,720575940637872105,717348,321308,191400,717360,321200,191400,63165462,143.0,0.0056181475520134,0.954776406288147,0.00334500847384334,0.025947343558073,4.50612315034959e-05,0.0102680185809731,LOP_R
720575940599729862,720575940613689007,715852,321312,190680,715896,321360,190760,63164631,143.0,0.68918639421463,0.15450175106525402,0.12407870590686802,0.020298209041357,0.0028353235684335197,0.00909955613315105,LOP_R
720575940599729862,720575940467496550,715880,321216,190760,715840,321280,190800,63164640,137.0,0.13623882830143,0.5606869459152221,0.0494043156504631,0.173906102776527,0.00374572398141026,0.0760180950164795,LOP_R
720575940599729862,720575940471238268,719488,318092,191040,719480,318268,191040,63762813,127.0,0.0238250643014908,0.8752138614654541,0.0195683240890503,0.0233809500932693,0.00886383093893528,0.0491479113698006,LOP_R
720575940599729862,720575940598491839,713184,321004,189920,713164,320884,189920,63783626,66.0,0.0381580740213394,0.18080446124076802,0.500206232070923,0.11021779477596301,0.00125324353575706,0.16936016082763697,LOP_R
720575940599729862,720575940601184507,713044,321016,190080,712916,321044,190040,63783648,142.0,0.00987166445702314,0.0515186004340649,0.274835348129272,0.288242936134338,0.0034979586489498602,0.372033476829529,LOP_R
720575940599729862,720575940477396386,715392,320264,190360,715304,320264,190360,63783707,99.0,0.0615238919854164,0.187360063195229,0.7195153236389159,0.008812659420073029,0.0022499407641589603,0.0205381773412228,LOP_R
720575940599729862,720575940647891844,715512,320096,190520,715396,320168,190480,63783765,152.0,0.064782164990902,0.109310902655125,0.8184537291526791,0.00356230582110584,0.000464226002804935,0.0034266347065568,LOP_R
720575940599729862,720575940628523004,715440,320504,190520,715392,320408,190520,63783782,55.0,0.0434857532382011,0.160016089677811,0.731072127819061,0.0210332758724689,0.00571611383929849,0.0386765636503696,LOP_R
720575940599729862,720575940578132614,715772,321016,190520,715788,320896,190560,63783768,150.0,0.0098077729344368,0.9712224006652829,0.00539212767034769,0.0062810396775603294,0.000204664029297419,0.00709199625998735,LOP_R
720575940599729862,720575940578132614,716040,320952,190520,716060,320876,190520,63783769,68.0,0.371422410011291,0.51424902677536,0.0870396345853806,0.005216120276600121,0.00175143533851951,0.0203214194625616,LOP_R
720575940599729862,720575940477373090,715572,320156,190520,715488,320228,190520,63783779,146.0,0.127034857869148,0.17245385050773598,0.6938390135765079,0.00393518805503845,0.0005727636744268241,0.00216428656131029,LOP_R
720575940599729862,720575940578132614,715520,320408,190480,715560,320368,190520,63783781,70.0,0.0628869831562042,0.163298442959785,0.73982173204422,0.00707319285720587,0.0023134581279009602,0.0246061459183693,LOP_R
720575940599729862,720575940647891844,715728,321064,190600,715720,320920,190640,63783809,135.0,0.00720657734200358,0.9456138014793399,0.00638527050614357,0.0347192920744419,7.478315092157571e-05,0.00600024871528149,LOP_R
720575940599729862,720575940641295568,716064,318016,190920,716112,317952,190880,63783877,113.0,0.0203695762902498,0.888795435428619,0.0415736958384514,0.0101873409003019,0.0024715876206755603,0.0366024114191532,LOP_R
720575940599729862,720575940602539730,715928,318048,190960,715844,317964,190960,63783859,128.0,0.0410888195037842,0.643149375915527,0.286803692579269,0.00808652956038713,0.0011187253985554,0.0197528544813395,LOP_R
720575940599729862,720575940602539474,715856,318120,190920,715764,318052,190880,63783860,144.0,0.008065325208008291,0.9535154104232791,0.0186547134071589,0.0118315760046244,0.00014983773871790601,0.007783155888319021,LOP_R
720575940599729862,720575940602536402,716096,318000,190960,716160,317940,190960,63783912,134.0,0.0147325741127133,0.898076474666595,0.0235133785754442,0.0130871748551726,0.0024280471261590698,0.0481623783707619,LOP_R
720575940599729862,720575940602538962,715816,318120,191000,715688,318104,190960,63783913,145.0,0.00464133219793439,0.930236458778381,0.0192460883408785,0.0321576297283173,8.54336540214717e-05,0.0136331394314766,LOP_R
720575940599729862,720575940606080358,715832,318084,191000,715744,318000,191000,63783924,139.0,0.0040625617839396,0.933446049690247,0.0167093630880117,0.0309452749788761,0.000111333400127478,0.0147254439070821,LOP_R
720575940599729862,720575940627190556,716056,317976,191040,716048,317868,191040,63783892,144.0,0.0315656736493111,0.866762340068817,0.0812905505299568,0.00219769962131977,0.0008375113829970361,0.0173461772501469,LOP_R
720575940599729862,720575940602782930,716096,317984,191080,716160,317912,191080,63783950,79.0,0.0297556687146425,0.8597542643547059,0.07109384983778,0.00217211665585637,0.00418205326423049,0.033042099326849,LOP_R
720575940599729862,720575940602537938,715984,318000,191120,715952,317932,191120,63783961,145.0,0.0308004003018141,0.818760871887207,0.10067963600158698,0.00361887132748961,0.00169676181394607,0.0444434806704521,LOP_R
720575940599729862,720575940620067275,719336,317952,191160,719308,317840,191120,63784460,106.0,0.0639879554510117,0.5240558385849,0.155562996864319,0.14219117164611803,0.0351613573729992,0.0790406614542007,LOP_R
720575940599729862,720575940622864681,719348,318036,191120,719304,318160,191160,63784465,167.0,0.0659648478031158,0.600580394268036,0.18559058010578197,0.0779435932636261,0.0083046080544591,0.0616159290075302,LOP_R
720575940599729862,720575940602583250,716644,318056,191480,716716,318144,191480,63784494,108.0,0.0636787489056587,0.285206347703934,0.457364976406097,0.0206823814660311,0.00736452639102936,0.165703058242798,LOP_R
720575940599729862,720575940604640930,712216,324368,190560,712112,324400,190560,63577727,147.0,0.0708315595984459,0.563326358795166,0.161520674824715,0.008754445239901541,0.0477328263223171,0.1478341370821,LOP_R
720575940599729862,720575940601095675,712232,324324,190600,712124,324328,190600,63577736,139.0,0.0351549200713634,0.28572365641593894,0.14227674901485401,0.0147355552762747,0.184519037604332,0.337590098381042,LOP_R
720575940599729862,720575940628523004,712292,324360,190640,712216,324420,190640,63577740,62.0,0.10667063295841199,0.24986667931079898,0.273073256015778,0.0260738786309957,0.1285590082407,0.215756595134735,LOP_R
720575940599729862,720575940616576473,712740,324200,190560,712776,324312,190560,63577733,156.0,0.10302039235830301,0.67478746175766,0.151680290699005,0.00940472353249788,0.011241851374506999,0.0498653650283814,LOP_R
720575940599729862,720575940624771255,716364,321544,190760,716388,321612,190800,63165247,150.0,0.0123242624104023,0.7141404151916501,0.0601749867200851,0.0081054549664259,0.0125150643289089,0.192739918828011,LOP_R
720575940599729862,720575940632504874,717676,321508,190840,717784,321476,190840,63165316,153.0,0.20523406565189398,0.422369509935379,0.296161711215973,0.0045361360535025605,0.0121595719829202,0.059538971632719005,LOP_R
720575940599729862,720575940632504874,721044,319936,187080,720968,320108,187040,68389354,122.0,0.05819594860076901,0.371169656515121,0.43020486831665,0.00668227858841419,0.0194459334015846,0.114301316440105,LOP_R
720575940599729862,720575940632504874,716476,317720,191880,716480,317596,191880,56963506,145.0,0.0234448052942753,0.737579762935638,0.111784987151623,0.0369060896337032,0.0035187273751944295,0.0867656692862511,LOP_R
720575940599729862,720575940626979621,703620,314560,180400,703608,314680,180400,231756422,145.0,0.00436038710176945,0.902282536029816,0.033674344420432996,0.05594513565301901,1.24195057651377e-05,0.0037252106703817797,LO_R
720575940599729862,720575940644292631,703832,314632,180560,703836,314776,180560,231756478,140.0,0.00117190845776349,0.980386078357697,0.0008465011487714951,0.016312163323164,3.4715030778897905e-06,0.0012798410607501901,LO_R
720575940599729862,720575940472129223,720412,319528,187160,720280,319536,187200,68389358,142.0,0.0974370539188385,0.15334418416023302,0.722687304019928,0.0044843754731118705,0.0011944827856496,0.0208525769412518,LOP_R
720575940599729862,720575940617820602,721212,319524,187280,721296,319448,187280,68389386,144.0,0.673892915248871,0.12762638926506,0.147493079304695,0.00463100150227547,0.008170580491423609,0.0381860099732876,LOP_R
720575940599729862,720575940618377668,721168,319576,187360,721256,319528,187360,68389415,74.0,0.561537444591522,0.0650530532002449,0.30978840589523304,0.0176366940140724,0.00730508519336581,0.0386793799698353,LOP_R
720575940599729862,720575940633656147,720448,319200,187520,720424,319152,187520,68389460,68.0,0.380249589681625,0.0493031293153763,0.48928213119506797,0.00450340006500483,0.0142299570143223,0.0624318309128284,LOP_R
720575940599729862,720575940631767853,721484,317996,189000,721560,317904,189000,173932736,120.0,0.0358217358589172,0.836243212223053,0.0794553831219673,0.0210894662886858,0.0022066505625844,0.0251835323870182,LOP_R
720575940599729862,720575940626979621,695320,319040,174800,695368,318956,174760,239866955,165.0,0.00631863716989756,0.95567125082016,0.0131276659667492,0.0212097223848104,4.92898616357707e-05,0.0036233821883797602,LO_R
720575940599729862,720575940579413216,702412,311008,178040,702408,310960,178120,108899829,73.0,0.00439787190407515,0.937854766845703,0.000805325864348561,0.0471152663230896,4.1487939597573104e-05,0.00978529267013073,LO_R
720575940599729862,720575940626365758,701508,316716,178640,701544,316768,178600,109283287,63.0,0.0360626578330994,0.201228633522987,0.509594619274139,0.007453860249370341,0.0778007954359055,0.167859420180321,LO_R
720575940599729862,720575940627706398,717784,321428,190920,717864,321424,190920,63165340,146.0,0.107621125876904,0.657029032707214,0.197486445307732,0.007405808195471759,0.00210618902929127,0.028351416811346997,LOP_R
720575940599729862,720575940634630113,702220,311048,177640,702132,310944,177680,21068127,143.0,0.00758892390877008,0.9785272479057309,0.00606026407331228,0.0062963371165096794,2.50361290454748e-06,0.00152466865256429,LO_R
720575940599729862,720575940622430474,703832,315576,174480,703736,315580,174520,113117343,79.0,0.00061253405874595,0.986306726932526,2.62486105384596e-06,0.00928365252912045,6.46847354346392e-07,0.0037937709130346797,LO_R
720575940599729862,720575940516886700,695064,319204,174600,695112,319092,174560,114673601,147.0,0.0289049837738276,0.6150810122489929,0.296019345521927,0.0412392839789391,0.000478578760521486,0.0182767622172833,LO_R
720575940599729862,720575940621994954,695140,319228,174640,695220,319104,174560,114673609,145.0,0.0178913790732622,0.828118622303009,0.11463036388158802,0.0283027105033398,0.000250209675868973,0.0108067141845822,LO_R
720575940599729862,720575940516898732,695040,319188,174640,695024,319068,174600,114673610,135.0,0.0113927777856588,0.848243653774262,0.06888216733932499,0.06568593531847,3.7099023757036796e-05,0.00575840752571821,LO_R
720575940599729862,720575940516890284,695056,319372,174640,695032,319484,174600,114673613,81.0,0.024932099506258996,0.6929227113723759,0.236115977168083,0.0264961924403906,0.000417368835769594,0.0191157199442387,LO_R
720575940599729862,720575940516882348,695188,319184,174680,695264,319088,174680,114673622,140.0,0.00980808213353157,0.922850012779236,0.0274813044816256,0.0334251001477242,0.000145727055496536,0.0062896809540689,LO_R
720575940599729862,720575940637734768,702012,316520,177320,701984,316432,177280,21434302,139.0,0.008027844130992891,0.8797636628150941,0.00252077635377645,4.62077332485933e-05,0.0476003065705299,0.0620412342250347,LO_R
720575940599729862,720575940637734768,697644,316536,175720,697584,316540,175800,238314494,74.0,0.005005208775401121,0.8545156121253971,0.00171158218290657,0.0979067832231522,0.00010411167750135101,0.0407566577196121,LO_R
720575940599729862,720575940621941488,715344,319664,189680,715376,319536,189680,175411695,63.0,0.0190891698002815,0.9025486707687379,0.0510328523814678,0.008420737460255621,0.00043054611887782796,0.0184780173003674,LOP_R
720575940599729862,720575940647891844,713124,321008,189960,712984,320976,189960,63783631,147.0,0.022877449169755,0.0516252182424068,0.24953033030033103,0.183507844805717,0.00235881796106696,0.49010044336319,LOP_R
720575940599729862,720575940647891844,711352,323920,188680,711440,323840,188680,174812353,145.0,0.0036032728385180205,0.8350018262863159,0.0035993931815028204,0.146562546491623,7.519220525864509e-05,0.0111578367650509,LOP_R
720575940599729862,720575940647891844,711144,323900,188800,711128,323804,188800,174812373,142.0,0.012534761801362001,0.725183188915253,0.136008128523827,0.108375251293182,0.000632554292678833,0.0172661542892456,LOP_R
720575940599729862,720575940621116807,702752,316140,175000,702816,316068,175000,238313559,132.0,0.0114410473033786,0.9358013868331909,0.00161717261653394,0.00024835849762894197,0.00109605921898037,0.0497959889471531,LO_R
720575940599729862,720575940641295568,715948,318112,190840,715900,318104,190800,63783841,88.0,0.0146465571597219,0.746200323104858,0.17915727198123899,0.0414394550025463,0.000332386582158506,0.0182240251451731,LOP_R
720575940599729862,720575940641349365,711296,323912,188640,711328,323800,188640,174812304,145.0,0.00424341857433319,0.8638435006141659,0.00361249106936157,0.116740830242634,4.7718247515149394e-05,0.0115121472626925,LOP_R
720575940599729862,720575940637734768,703884,314612,180520,703984,314712,180520,231756467,136.0,0.00305620324797928,0.9606399536132809,0.00295689050108194,0.0287822838872671,9.32595648919232e-05,0.00447139935567975,LO_R
720575940599729862,720575940627706398,713816,324272,188440,713784,324180,188400,174829330,151.0,0.0327860414981842,0.7263303399086,0.192402750253677,0.0442684516310692,0.00023538510140497202,0.0039769383147358894,LOP_R
720575940599729862,720575940627706398,713436,324288,189720,713496,324348,189720,174829581,145.0,0.0615630447864533,0.9240716695785519,0.00342903938144445,0.00624034833163023,0.000137800932861865,0.0045581161975860604,LOP_R
720575940599729862,720575940627190556,713028,321108,190080,712904,321180,190080,63783656,148.0,0.018574183806777,0.500565469264984,0.24149060249328602,0.163050919771194,0.00200350116938353,0.0743154063820839,LOP_R
720575940599729862,720575940627190556,715328,320120,190400,715256,320128,190360,63783729,123.0,0.0604116469621658,0.0676106140017509,0.858741164207459,0.00282366038300097,0.00221989070996642,0.0081929424777627,LOP_R
720575940599729862,720575940627190556,712748,324224,190560,712752,324368,190520,63577726,153.0,0.0669657588005066,0.71360844373703,0.142847090959549,0.0141410538926721,0.011215491220355,0.0512221939861774,LOP_R
720575940599729862,720575940621114650,712040,323408,190640,711872,323428,190600,63145457,104.0,0.00523654278367758,0.7275366783142091,0.0199256297200918,0.228904724121094,0.0012411233037710198,0.0171553064137697,LOP_R
720575940599729862,720575940616576473,713608,321224,189520,713696,321168,189520,175411632,125.0,0.0482126921415329,0.0510152876377106,0.8768523335456851,0.0027634792495518897,0.00239974935539067,0.0187564939260483,LOP_R
720575940599729862,720575940616576473,712972,324452,189080,712848,324328,189040,174829447,101.0,0.134836733341217,0.0734748989343643,0.755505084991455,0.0037883466575294703,0.00268295011483133,0.0297119561582804,LOP_R
720575940599729862,720575940626979621,702240,311132,177840,702136,311148,177840,21068166,154.0,0.009161584079265591,0.9690912365913391,0.0033773579634726,0.00186682608909905,7.078989438014109e-05,0.0164321605116129,LO_R
720575940599729862,720575940627706398,712688,324072,190520,712596,323984,190560,63145465,155.0,0.0276200156658888,0.79064667224884,0.10455987602472301,0.0372078977525234,0.00526663847267628,0.0346989594399929,LOP_R
720575940599729862,720575940617821626,721556,318044,188880,721640,317976,188880,173932733,143.0,0.00984195619821548,0.970880568027496,0.00551158376038075,0.00350176077336073,0.00040723421261645897,0.0098568070679903,LOP_R
720575940599729862,720575940471122127,711064,324096,188320,711136,324128,188320,174812241,138.0,0.004726523999124771,0.852526307106018,0.0240644104778767,0.10585447400808301,5.95567471464165e-05,0.0127688031643629,LOP_R
720575940599729862,720575940471090639,711096,324008,188360,711172,324004,188320,174812257,115.0,0.00152692350093275,0.775306046009064,0.0025090032722801,0.21677117049694103,1.93158666661475e-05,0.00386754213832319,LOP_R
720575940599729862,720575940471132367,711156,324044,188400,711244,324100,188400,174812266,85.0,0.000990298110991716,0.7860046625137329,0.00228220713324845,0.208905413746834,1.09381035144907e-05,0.00180645601358265,LOP_R
720575940599729862,720575940471108559,710992,324108,188320,710960,324244,188360,174812268,120.0,0.0103898318484426,0.9091691374778751,0.0206675790250301,0.0220728609710932,0.000232689111726359,0.03746793419122701,LOP_R
720575940599729862,720575940604640930,711208,323984,188440,711324,323944,188440,174812273,61.0,0.00250418833456933,0.9159163832664491,0.00518961017951369,0.0647271499037743,0.00013898835459258402,0.0115236509591341,LOP_R
720575940599729862,720575940647891844,711176,323952,188480,711204,323872,188440,174812283,140.0,0.00523334136232734,0.8586724400520329,0.0265411213040352,0.0957230627536774,0.00017677263531368201,0.0136532634496689,LOP_R
720575940599729862,720575940621941488,711352,323944,188560,711428,323872,188560,174812319,146.0,0.000995601527392864,0.935546517372131,0.000364603474736214,0.0590331293642521,1.04422642834834e-05,0.00404965924099088,LOP_R
720575940599729862,720575940619113265,711852,322900,188880,711944,322956,188840,174812394,152.0,0.0246257837861776,0.245824739336967,0.6588679552078249,0.0038179252296686203,0.00902095343917608,0.0578426234424114,LOP_R
720575940599729862,720575940471138255,711844,322852,188840,711828,322844,188760,174812370,133.0,0.0354814976453781,0.647285401821137,0.18715155124664298,0.00692384503781796,0.008157770149409771,0.11500000208616301,LOP_R
720575940599729862,720575940616787417,711188,323928,188640,711148,323816,188600,174812327,144.0,0.00548395467922092,0.7184176445007321,0.00334249786101282,0.261429697275162,0.000129956068121828,0.0111962808296084,LOP_R
720575940599729862,720575940601087227,711920,322948,188920,712068,322980,188960,174812417,132.0,0.0339034274220467,0.422253757715225,0.23012991249561301,0.0117165790870786,0.0171679109334946,0.284828513860703,LOP_R
720575940599729862,720575940581328843,711500,322104,189120,711388,322072,189080,174812435,73.0,0.0238306634128094,0.66886705160141,0.20848336815834,0.0277738813310862,0.00374559359624982,0.0672995373606682,LOP_R
720575940599729862,720575940581329867,711556,322020,189200,711500,321916,189160,174812442,146.0,0.0435390062630177,0.48908358812332203,0.42315492033958396,0.0105094993487,0.0014276243746280698,0.0322853662073612,LOP_R
720575940599729862,720575940616576473,711412,323740,189200,711340,323712,189200,174812472,153.0,0.0402643978595734,0.163746848702431,0.7574754953384399,0.0274922382086515,0.000688983534928411,0.0103320488706231,LOP_R
720575940599729862,720575940632504874,712084,322160,189320,712164,322156,189320,174812489,140.0,0.0221083015203476,0.0502048283815384,0.0295797493308783,0.0048806625418365,0.0695772171020508,0.8236492872238159,LOP_R
720575940599729862,720575940604643490,711620,321980,189200,711644,321856,189200,174812456,145.0,0.0422585271298885,0.758252382278442,0.153062433004379,0.00880862399935722,0.0018169658724218603,0.0358011350035667,LOP_R
720575940599729862,720575940581331147,711496,322044,189240,711384,321996,189200,174812463,140.0,0.0347559452056885,0.41259729862213107,0.5117350816726679,0.0114994505420327,0.00113259721547365,0.0282796341925859,LOP_R
720575940599729862,720575940471132367,711516,323856,189160,711432,323964,189160,174812469,170.0,0.0570302419364452,0.05861194804310801,0.875973403453827,0.00620259530842304,0.00030579196754842997,0.0018759990343824,LOP_R
720575940599729862,720575940604640930,711492,323688,189200,711476,323636,189240,174812480,144.0,0.088193491101265,0.0903637111186981,0.7930042743682858,0.0266877133399248,0.000167362028150819,0.00158343242947012,LOP_R
720575940599729862,720575940601184507,711672,321928,189320,711688,321820,189280,174812487,145.0,0.0157976895570755,0.90266215801239,0.0399391427636147,0.0135724665597081,0.00046642846427857903,0.0275620818138123,LOP_R
720575940599729862,720575940462832830,711596,321940,189320,711596,321840,189280,174812488,143.0,0.0102634131908417,0.879810273647308,0.0678083300590515,0.0189468245953321,0.000167989259352908,0.0230031218379736,LOP_R
720575940599729862,720575940601085691,711432,323772,189200,711392,323776,189280,174812490,152.0,0.0386701188981533,0.16612578928470598,0.7621619701385501,0.0179533008486033,0.00119500677101314,0.0138937532901764,LOP_R
720575940599729862,720575940601184507,711504,323788,189200,711504,323832,189280,174812492,162.0,0.0602249465882778,0.0971378609538078,0.8214048147201541,0.0153315030038357,0.000688340689521283,0.005212559364736079,LOP_R
720575940599729862,720575940637872105,711604,323828,189160,711616,323904,189200,174812470,156.0,0.0292475000023842,0.0284364800900221,0.934551358222961,0.00448609003797174,0.000424706726334989,0.00285389251075685,LOP_R
720575940599729862,720575940636492151,711632,321936,189400,711648,321856,189400,174812515,68.0,0.0160152018070221,0.820750713348389,0.10361467301845599,0.0249816682189703,0.0005472343764267861,0.0340905971825123,LOP_R
720575940599729862,720575940647891844,712056,322368,189560,712160,322356,189560,174812526,148.0,0.0208704899996519,0.799223482608795,0.0915527641773224,0.008855370804667471,0.00584517465904355,0.0736526697874069,LOP_R
720575940599729862,720575940640027965,712120,322128,189480,712228,322088,189440,174812517,66.0,0.11217524856329,0.0790011137723923,0.126442283391953,0.00328633282333612,0.0469370931386948,0.632157921791077,LOP_R
720575940599729862,720575940628774662,711524,321968,189400,711436,321904,189360,174812499,75.0,0.017690459266305,0.7768573164939879,0.13762082159519198,0.01059590280056,0.00179853104054928,0.0554368793964386,LOP_R
720575940599729862,720575940601184507,712100,322176,189480,712208,322176,189520,174812559,138.0,0.0430735312402248,0.236278101801872,0.0936849489808083,0.00951911509037018,0.0688673779368401,0.5485769510269171,LOP_R
720575940599729862,720575940601082363,712056,322492,189560,712136,322544,189560,174812573,146.0,0.0103737907484174,0.919063031673431,0.0103117879480124,0.0280935969203711,0.0011732549173757401,0.0309844519942999,LOP_R
720575940599729862,720575940601184507,712064,322320,189640,712168,322280,189600,174812589,131.0,0.0258133076131344,0.788451611995697,0.05491482838988299,0.007275945506989959,0.0139907272532582,0.109553582966328,LOP_R
720575940599729862,720575940601087227,712084,322348,189760,712200,322348,189760,174812617,145.0,0.0131071666255593,0.892182350158691,0.0277043860405684,0.0259946212172508,0.00130096252541989,0.039710558950901,LOP_R
720575940599729862,720575940619113265,712064,322416,189600,712188,322428,189600,174812591,147.0,0.0178158916532993,0.859700739383698,0.0278209708631039,0.0304795578122139,0.00398089317604899,0.0602019093930721,LOP_R
720575940599729862,720575940627706398,712064,322476,189680,712160,322552,189680,174812596,148.0,0.0161368735134602,0.8056170344352719,0.0612619556486607,0.0826680064201355,0.0020129480399191397,0.0323032028973103,LOP_R
720575940599729862,720575940616576473,712072,322416,189760,712176,322432,189760,174812618,143.0,0.0121997836977243,0.8230509161949159,0.0743711665272713,0.0641002431511879,0.000845622620545328,0.0254322681576014,LOP_R
720575940599729862,720575940601090299,712016,322604,189840,712116,322708,189840,174812644,68.0,0.145969063043594,0.438971608877182,0.38451576232910206,0.006329406518489121,0.00394541304558516,0.0202686712145805,LOP_R
720575940599729862,720575940604643490,713408,321540,188360,713432,321560,188280,174829277,152.0,0.0347929038107395,0.239697992801666,0.6757183670997621,0.0120948646217585,0.000923767511267215,0.03677208349108701,LOP_R
720575940599729862,720575940627706398,713420,321552,188360,713504,321560,188360,174829288,146.0,0.0323770828545094,0.5655062198638922,0.343876421451569,0.0229619964957237,0.000796547858044505,0.0344817265868187,LOP_R
720575940599729862,720575940628658709,713380,321600,188360,713400,321676,188280,174829278,153.0,0.0192466340959072,0.492029666900635,0.429144412279129,0.0471433289349079,0.000240428780671209,0.0121954465284944,LOP_R
720575940599729862,720575940601090043,713712,324364,188400,713624,324304,188360,174829302,73.0,0.0657129809260368,0.35885795950889604,0.5538936257362371,0.016549414023756998,0.000493569124955684,0.0044924747198820105,LOP_R
720575940599729862,720575940598490559,713420,321492,188360,713496,321464,188360,174829303,140.0,0.0280810557305813,0.665491759777069,0.25590577721595803,0.0208244733512402,0.000624350272119045,0.0290726386010647,LOP_R
720575940599729862,720575940604645026,713376,321624,188400,713424,321704,188360,174829304,93.0,0.0273576155304909,0.5851314663887021,0.316997557878494,0.0558961108326912,0.000277161074336618,0.0143401063978672,LOP_R
720575940599729862,720575940631706655,713528,321572,188560,713652,321564,188560,174829368,143.0,0.0143980206921697,0.8259528875350949,0.0726193115115166,0.0773750767111778,0.00040064932545647003,0.00925411563366652,LOP_R
720575940599729862,720575940475261559,713736,324280,188400,713688,324208,188400,174829329,152.0,0.0639248266816139,0.603995740413666,0.305359780788422,0.0225884485989809,0.00034870850504376,0.0037824921309948,LOP_R
720575940599729862,720575940598490559,713504,321448,188640,713592,321432,188640,174829367,142.0,0.0088835246860981,0.8568713665008549,0.00555270072072744,0.11060318350791902,0.000183265612577088,0.0179059542715549,LOP_R
720575940599729862,720575940647891844,713488,321620,188480,713612,321624,188520,174829361,147.0,0.0147643908858299,0.739766180515289,0.189126655459404,0.0484821870923042,0.000549194926861674,0.00731142004951835,LOP_R
720575940599729862,720575940631138043,713448,321664,188480,713516,321764,188480,174829349,131.0,0.013553892262280001,0.837634086608887,0.0966681391000748,0.0321792140603065,0.00128872599452734,0.0186759512871504,LOP_R
720575940599729862,720575940636492151,713896,324208,188560,713928,324108,188560,174829366,138.0,0.0334014743566513,0.7816661596298221,0.121061332523823,0.0526642166078091,0.000693452311679721,0.0105133773759007,LOP_R
720575940599729862,720575940617231873,713468,321608,188440,713560,321636,188440,174829333,145.0,0.0206047128885984,0.651569128036499,0.28361350297927895,0.0329339653253555,0.0007384312339127059,0.010540209710597999,LOP_R
720575940599729862,720575940617231873,713888,324264,188440,713944,324176,188440,174829346,137.0,0.0774682462215424,0.744142174720764,0.160365179181099,0.0110041750594974,0.000531689613126218,0.00648850807920098,LOP_R
720575940599729862,720575940637872105,713488,321520,188480,713580,321496,188480,174829332,141.0,0.0211048517376184,0.837287843227387,0.100599713623524,0.0276368223130703,0.0006984122446738179,0.0126723516732454,LOP_R
720575940599729862,720575940615920453,713572,321736,188640,713660,321712,188600,174829376,114.0,0.0289047975093126,0.6016811728477479,0.2850102186203,0.0368002876639366,0.00324267684482038,0.0443607978522778,LOP_R
720575940599729862,720575940475266423,713800,324248,188640,713780,324176,188640,174829394,142.0,0.0617600381374359,0.619850158691406,0.12906713783741,0.10405245423317,0.0151293342933059,0.0701408386230469,LOP_R
720575940599729862,720575940629110138,713032,324392,189080,713004,324320,189040,174829448,146.0,0.29977896809577903,0.0372016467154026,0.636812627315521,0.003941664937883621,0.00156174146104604,0.0207034107297659,LOP_R
720575940599729862,720575940641295568,712836,324412,189120,712740,324288,189120,174829462,129.0,0.45814111828804,0.0973452851176262,0.42447471618652294,0.0020090718753635896,0.000961898476816714,0.0170679278671742,LOP_R
720575940599729862,720575940601094139,713108,324336,189120,713112,324252,189160,174829473,122.0,0.42076107859611495,0.0545271635055542,0.50309282541275,0.00221897568553686,0.00152278563473374,0.0178771149367094,LOP_R
720575940599729862,720575940601094139,713008,324296,189240,712996,324172,189240,174829483,111.0,0.34884303808212297,0.0963849276304245,0.5304740071296691,0.00464052055031061,0.001241784542799,0.0184156820178032,LOP_R
720575940599729862,720575940475270007,713640,324440,189360,713728,324408,189360,174829512,149.0,0.0034699798561632603,0.945623397827148,0.00230444828048348,0.0442088507115841,4.12507506553084e-05,0.00435210578143597,LOP_R
720575940599729862,720575940477389218,713600,321320,189520,713604,321424,189480,174829535,142.0,0.0991692692041397,0.0607626922428608,0.802467167377472,0.00287020369432867,0.0043161092326045,0.0304145850241184,LOP_R
720575940599729862,720575940475279991,713492,324328,189640,713604,324400,189640,174829573,147.0,0.0553111620247364,0.9341671466827389,0.0032635969109833197,0.00411416310817003,0.00010137067147297801,0.00304260710254312,LOP_R
720575940599729862,720575940477418914,713604,321268,189720,713596,321384,189760,174829591,147.0,0.018478998914361,0.0301812067627907,0.942411124706268,0.00239470158703625,0.000648848479613662,0.0058851954527199294,LOP_R
720575940599729862,720575940475292791,713368,324216,189760,713472,324228,189800,174829602,129.0,0.45149502158165,0.44062563776969893,0.0595783032476902,0.00243261968716979,0.00791744980961084,0.0379510372877121,LOP_R
720575940599729862,720575940630493822,713472,324256,189720,713592,324248,189720,174829571,91.0,0.0187646765261889,0.978577733039856,0.000596215017139912,0.00110431213397533,3.42971652571578e-05,0.0009227602859027679,LOP_R
720575940599729862,720575940636492151,713616,321280,189680,713668,321360,189680,174829574,142.0,0.021514480933547003,0.0462535321712494,0.912919700145721,0.00455397786572576,0.00167809415142983,0.0130802504718304,LOP_R
720575940599729862,720575940639493504,713536,324368,189560,713672,324352,189600,174829566,143.0,0.005657942499965429,0.9476537108421329,0.00250144558958709,0.0384671650826931,8.85893459781073e-05,0.0056312242522835705,LOP_R
720575940599729862,720575940475261815,714160,324584,188640,714268,324584,188640,175231971,141.0,0.711809754371643,0.17737857997417497,0.10259864479303399,0.00282966531813145,0.00071311357896775,0.00467027956619859,LOP_R
720575940599729862,720575940475259511,714080,324632,188560,714164,324680,188560,175231972,168.0,0.958650827407837,0.0262694992125034,0.0139343924820423,0.000216285523492843,9.974170825444159e-05,0.000829192984383553,LOP_R
720575940599729862,720575940631688588,714192,324508,188640,714320,324460,188680,175231993,136.0,0.7641102075576779,0.0326920822262764,0.19160862267017398,0.0051315245218575,0.0008035092614591121,0.0056540886871516705,LOP_R
720575940599729862,720575940601924570,714136,324668,188720,714184,324748,188760,175232010,147.0,0.200134873390198,0.37088671326637296,0.39633998274803206,0.0127569818869233,0.00155051541514695,0.0183309558779001,LOP_R
720575940599729862,720575940616787417,714188,324620,188760,714272,324672,188800,175232014,158.0,0.10677786916494399,0.321069836616516,0.50694078207016,0.0203773118555546,0.00341197312809527,0.0414222478866577,LOP_R
720575940599729862,720575940621941488,712344,324520,189240,712276,324472,189240,175232123,137.0,0.0191317163407803,0.0233013462275267,0.9476129412651059,0.000216055806959048,0.00455042673274875,0.0051875254139304204,LOP_R
720575940599729862,720575940641295568,712976,324448,189040,712892,324500,188960,175232053,146.0,0.0735544338822365,0.305150091648102,0.537756383419037,0.0085218632593751,0.00487484782934189,0.0701423659920692,LOP_R
720575940599729862,720575940475260023,713592,324476,189400,713724,324508,189440,175232149,144.0,0.0033749607391655397,0.9435188174247741,0.0021143755875527898,0.0427188538014889,8.80405277712271e-05,0.00818491913378239,LOP_R
720575940599729862,720575940641295568,713556,324584,189360,713620,324676,189360,175232151,146.0,0.0145005350932479,0.9734684228897099,0.0045555024407804,0.000412160967243835,0.00015674308815505402,0.0069065922871232,LOP_R
720575940599729862,720575940601924570,713608,324432,189360,713780,324416,189440,175232166,135.0,0.0021036628168076303,0.964730739593506,0.0006703395047225059,0.0291599594056606,1.72708369063912e-05,0.0033180618193000603,LOP_R
720575940599729862,720575940475279991,713592,324540,189440,713696,324604,189440,175232168,122.0,0.00890444312244654,0.966501891613007,0.00602136598899961,0.0111939469352365,0.000121011638839263,0.0072573027573525906,LOP_R
720575940599729862,720575940616576473,713476,324432,189560,713484,324544,189560,175232192,146.0,0.0143394926562905,0.9528018832206729,0.000760929775424302,0.0241764988750219,5.1320010243216496e-05,0.00786981172859669,LOP_R
720575940599729862,720575940617231873,713400,324344,189640,713396,324460,189640,175232206,147.0,0.0962009131908417,0.8864657878875729,0.00246788375079632,0.009274575859308241,7.049003033898771e-05,0.0055203796364367,LOP_R
720575940599729862,720575940477374370,713456,321332,188720,713524,321256,188680,175411322,136.0,0.0571238845586777,0.896361410617828,0.00778979435563087,0.0372589901089668,9.39514302444877e-06,0.00145648315083236,LOP_R
720575940599729862,720575940628658709,715680,320492,188880,715592,320412,188880,175411373,141.0,0.0324130170047283,0.319490253925323,0.603400886058807,0.0185282994061708,0.00208642263896763,0.0240810848772526,LOP_R
720575940599729862,720575940477376674,713412,321304,188720,713444,321184,188680,175411334,149.0,0.0164488423615694,0.9600054025650021,0.00125465600285679,0.0214787982404232,2.01987586478936e-06,0.0008102405699901281,LOP_R
720575940599729862,720575940477371810,713136,321368,188680,713080,321288,188680,175411336,140.0,0.311039090156555,0.296989113092422,0.37058097124099704,0.00399676989763975,0.0011982612777501301,0.0161957833915949,LOP_R
720575940599729862,720575940601184507,713256,321316,188720,713200,321208,188720,175411349,142.0,0.3893125951290129,0.5127795934677121,0.0838417559862137,0.00954698491841555,4.63583419332281e-05,0.0044727516360580895,LOP_R
720575940599729862,720575940604639138,713244,321272,188880,713196,321208,188840,175411363,122.0,0.0785257145762444,0.8082352876663209,0.0899787619709969,0.00747667578980327,0.00017826908151619098,0.015605328604578998,LOP_R
720575940599729862,720575940627706398,713496,321384,188720,713588,321336,188680,175411337,143.0,0.0048162951134145295,0.906523704528809,0.0009215351310558619,0.0857209414243698,1.6905132724787102e-05,0.00200064410455525,LOP_R
720575940599729862,720575940636492151,713336,321228,188880,713344,321116,188880,175411379,145.0,0.18065945804119102,0.7607291340827941,0.0453434474766254,0.009213130921125409,8.806216646917159e-05,0.00396682461723685,LOP_R
720575940599729862,720575940622105162,715648,320560,188880,715528,320564,188840,175411374,168.0,0.0254629962146282,0.24505792558193198,0.67723536491394,0.017350884154438997,0.00261476496234536,0.0322780646383762,LOP_R
720575940599729862,720575940615920453,713516,321392,188840,713608,321392,188840,175411381,59.0,0.01372738648206,0.8555648326873779,0.00535297719761729,0.121526561677456,3.52385723090265e-05,0.00379294855520129,LOP_R
720575940599729862,720575940477389474,713424,321220,188920,713452,321136,188920,175411398,106.0,0.0339648351073265,0.889678061008453,0.0188165307044983,0.053589478135109,7.93028957559727e-05,0.0038717268034815797,LOP_R
720575940599729862,720575940627190556,715668,320608,188920,715572,320708,188880,175411396,150.0,0.0681796967983246,0.0666956827044487,0.833097279071808,0.00171644671354443,0.00285374186933041,0.02745714597404,LOP_R
720575940599729862,720575940632504874,715740,320412,189000,715620,320280,189000,175411430,143.0,0.0277625806629658,0.18822240829467798,0.750217616558075,0.0124341230839491,0.000679099524859339,0.0206841863691807,LOP_R
720575940599729862,720575940617823418,715672,320460,189000,715568,320408,189040,175411431,53.0,0.0391092114150524,0.27931281924247703,0.6109665036201479,0.0110944956541061,0.00231859995983541,0.0571984127163887,LOP_R
720575940599729862,720575940477373090,713328,321196,189000,713340,321108,189000,175411437,64.0,0.1760134100914,0.643867492675781,0.140678927302361,0.0279096029698849,0.000628133188001812,0.0109023926779628,LOP_R
720575940599729862,720575940578102662,715712,320260,189160,715652,320160,189160,175411472,142.0,0.0163968317210674,0.799675107002258,0.108255967497826,0.0575890988111496,0.000763611809816211,0.017319381237029998,LOP_R
720575940599729862,720575940617797259,715376,319724,189640,715352,319696,189560,175411641,167.0,0.0106708277016878,0.954605340957642,0.0148174418136477,0.0130292316898704,7.58873648010194e-05,0.00680118938907981,LOP_R
720575940599729862,720575940641295568,713624,321292,189600,713696,321336,189560,175411615,144.0,0.0526372268795967,0.0973590090870857,0.807865738868713,0.00550695415586233,0.00659752590581775,0.0300334673374891,LOP_R
720575940599729862,720575940615920453,713540,321216,189400,713636,321232,189400,175411591,145.0,0.0468610376119614,0.078335739672184,0.836149752140045,0.000967521802522242,0.00161240180023015,0.0360736213624477,LOP_R
720575940599729862,720575940477360546,715348,319828,189600,715316,319848,189560,175411643,152.0,0.0303476341068745,0.839248180389404,0.0844512283802033,0.0282994415611029,0.000678453245200217,0.0169750675559044,LOP_R
720575940599729862,720575940640027965,715304,319780,189640,715232,319796,189560,175411642,177.0,0.0124759990721941,0.890563130378723,0.0373539701104164,0.0357628986239433,0.00048393663018941906,0.0233600940555334,LOP_R
720575940599729862,720575940637872105,713524,321160,189360,713624,321144,189400,175411574,137.0,0.196007966995239,0.0469132885336876,0.7416832447051999,0.00046957161976024503,0.0017810373101383398,0.0131449177861214,LOP_R
720575940599729862,720575940622105162,715308,319724,189640,715232,319664,189600,175411677,169.0,0.0228236801922321,0.83744478225708,0.0925035923719406,0.0229454934597015,0.00107300002127886,0.0232094246894121,LOP_R
720575940599729862,720575940477394082,715272,319784,189640,715156,319772,189640,175411697,137.0,0.0149691738188267,0.8531891703605649,0.0758585259318352,0.0384557545185089,0.0008173226378858089,0.0167100168764591,LOP_R
720575940599729862,720575940477424034,713608,321256,189680,713684,321248,189680,175411703,140.0,0.0192740112543106,0.0397665984928608,0.929533421993256,0.0044545219279825705,0.0010379583109170198,0.00593347428366542,LOP_R
720575940599729862,720575940602536402,715216,319704,189720,715076,319648,189720,175411710,135.0,0.00716049876064062,0.8815464377403259,0.00639218557626009,0.0977966114878655,0.00011526394519023601,0.00698905857279897,LOP_R
720575940599729862,720575940601184507,713192,321088,189760,713088,321032,189720,175411730,136.0,0.0105725005269051,0.8265404701232909,0.0292462669312954,0.118642427027226,0.000146670849062502,0.0148515738546848,LOP_R
720575940599729862,720575940616576473,713576,321168,189720,713688,321088,189760,175411731,147.0,0.0578716807067394,0.0252774190157652,0.9034294486045841,0.00398325407877564,0.000707790721207857,0.008730418048799041,LOP_R
720575940599729862,720575940626743183,715192,319728,189760,715072,319776,189760,175411743,69.0,0.00701478216797113,0.9358134269714359,0.0046609737910330296,0.0437355898320675,9.0273329988122e-05,0.00868504215031862,LOP_R
720575940599729862,720575940616576473,713228,321024,189840,713224,320928,189840,175411754,119.0,0.0147182960063219,0.8042089343070981,0.10104063898325,0.0579271353781223,0.000496833526995033,0.0216081794351339,LOP_R
720575940599729862,720575940477376674,713200,321380,188560,713160,321280,188560,175411298,148.0,0.22580419480800604,0.465015381574631,0.29196569323539695,0.00710160750895739,0.000666796811856329,0.00944627448916435,LOP_R
720575940599729862,720575940618796613,715692,320600,188920,715648,320640,188800,175412240,158.0,0.0438001416623592,0.280165880918503,0.633377611637116,0.0052960133180022205,0.00311725027859211,0.0342430882155895,LOP_R
720575940599729862,720575940477373090,715676,320544,188880,715652,320520,188800,175412239,156.0,0.028023099526762994,0.26236718893051103,0.674485266208649,0.0143381683155894,0.00191164552234113,0.0188747253268957,LOP_R
720575940599729862,720575940621941488,715852,320328,189000,715920,320208,189000,175412270,78.0,0.0502852983772755,0.582480251789093,0.35264772176742604,0.012605082243681,7.449033000739291e-05,0.0019071907736361,LOP_R
720575940599729862,720575940622276106,716048,320304,189200,716148,320272,189160,175412302,130.0,0.0280561782419682,0.45955723524093606,0.14898821711540197,0.0374417938292027,0.0252438876777887,0.300712674856186,LOP_R
720575940599729862,720575940634612194,715808,320408,188960,715804,320252,188960,175412263,145.0,0.0417316667735577,0.473438560962677,0.46481463313102706,0.0108362324535847,0.000243426417000592,0.00893551483750343,LOP_R
720575940599729862,720575940627190556,715880,320184,189320,715924,320080,189320,175412335,136.0,0.11362029612064399,0.23187480866909002,0.633563458919525,0.0025676612276583897,0.00106395490001887,0.0173098333179951,LOP_R
720575940599729862,720575940477394082,715888,320136,189400,715944,320012,189440,175412353,144.0,0.04078276827931399,0.656079649925232,0.282096773386002,0.0122462417930365,0.000623960979282856,0.00817063543945551,LOP_R
720575940599729862,720575940477398946,715832,320168,189400,715820,320092,189400,175412363,142.0,0.0160740911960602,0.7936309576034549,0.14708682894706698,0.0301360655575991,0.00050568109145388,0.0125663010403514,LOP_R
720575940599729862,720575940578102662,715900,320172,189360,715988,320104,189400,175412364,109.0,0.0465140976011753,0.523282885551453,0.395341008901596,0.00816695112735033,0.000835765502415597,0.0258592683821917,LOP_R
720575940599729862,720575940477405346,715744,321064,189440,715780,321144,189440,175412371,142.0,0.0062017985619604605,0.934571921825409,0.0178499184548855,0.0295682325959206,0.000160033683641814,0.0116482619196177,LOP_R
720575940599729862,720575940477390242,715896,320188,189440,715976,320160,189480,175412379,110.0,0.0534538738429546,0.590346574783325,0.32554879784584007,0.00593259930610657,0.0010266745230183,0.0236913897097111,LOP_R
720575940599729862,720575940477339554,715840,320972,189480,715896,321000,189480,175412382,142.0,0.0147560006007552,0.816798329353333,0.106232516467571,0.0387190468609333,0.000702973105944693,0.022791126742958998,LOP_R
720575940599729862,720575940588169357,715896,320912,189560,716004,320924,189560,175412398,143.0,0.0145481918007135,0.8586822748184201,0.0763833597302437,0.0224017705768347,0.00134651327971369,0.0266379062086344,LOP_R
720575940599729862,720575940629403639,715740,321052,189520,715744,321160,189520,175412401,142.0,0.013284151442348999,0.8727576732635501,0.0641160383820534,0.0393022410571575,0.000294595723971725,0.0102452551946044,LOP_R
720575940599729862,720575940641295568,715844,320144,189520,715892,320048,189560,175412391,136.0,0.0136487688869238,0.8478990793228149,0.0869858935475349,0.0398904420435429,0.000760792521759868,0.0108151258900762,LOP_R
720575940599729862,720575940477406882,715936,320832,189680,716028,320812,189680,175412422,111.0,0.00804224424064159,0.9249348640441891,0.0116767268627882,0.0385646410286427,0.000262767949607223,0.0165187753736973,LOP_R
720575940599729862,720575940627190556,715872,320980,189600,715964,321044,189600,175412431,137.0,0.0105001563206315,0.913752675056458,0.0207706224173307,0.0447226315736771,0.000257451640209183,0.0099963741376996,LOP_R
720575940599729862,720575940633656147,721512,318388,188240,721620,318356,188280,175392602,126.0,0.00658950954675674,0.9763670563697819,0.007353551685810091,0.00246774684637785,0.00016586051788181102,0.007056212518364191,LOP_R
720575940599729862,720575940617820602,721456,318436,188240,721480,318468,188200,175392608,51.0,0.00974927842617035,0.956843197345734,0.0127621004357934,0.0102725280448794,9.79477918008342e-05,0.0102748842909932,LOP_R
720575940599729862,720575940525987010,721456,318372,188280,721528,318296,188240,175392619,141.0,0.00364160467870533,0.98226660490036,0.0029152762144804,0.00567705323919654,3.28210771840531e-05,0.00546671682968736,LOP_R
720575940599729862,720575940526004162,721640,318416,188600,721728,318456,188600,175392708,143.0,0.028712272644043,0.11433324217796302,0.801136553287506,0.0045358375646174,0.003982717171311379,0.0472993925213814,LOP_R
720575940599729862,720575940641295568,721672,318352,188600,721740,318364,188600,175392706,142.0,0.0186454020440578,0.20457114279270197,0.4992536008358,0.00228939834050834,0.0244595669209957,0.25078085064888,LOP_R
720575940599729862,720575940627190556,713384,324252,189760,713368,324380,189720,174829589,124.0,0.23690862953662897,0.6943539381027221,0.0201539341360331,0.00783609971404076,0.00415475992485881,0.0365926176309586,LOP_R
720575940599729862,720575940612994929,721536,318220,188680,721636,318168,188680,175392726,75.0,0.0154983978718519,0.812578737735748,0.0332682654261589,0.00480289570987225,0.0068364413455128704,0.127015262842178,LOP_R
720575940599729862,720575940628743496,721296,317700,189320,721316,317588,189320,173932781,139.0,0.011786581017076999,0.861538469791412,0.0333569422364235,0.0843310207128525,0.00021151572582311898,0.008775467984378341,LOP_R
720575940599729862,720575940627190556,714224,324560,188720,714336,324576,188760,175232006,156.0,0.099260225892067,0.44488492608070396,0.42649155855178794,0.00985424686223269,0.00135748949833214,0.0181515011936426,LOP_R
720575940599729862,720575940627190556,711116,323924,188840,711048,323864,188840,174812384,63.0,0.0222596395760775,0.544951558113098,0.310177147388458,0.0585776679217815,0.0023138492833823,0.0617200955748558,LOP_R
720575940599729862,720575940628523004,714112,320692,192080,714156,320756,192080,58660800,144.0,0.0550954192876816,0.7870692014694209,0.11233092844486199,0.0359471701085567,0.00286153587512672,0.00669577158987522,LOP_R
720575940599729862,720575940627190556,712048,322472,189760,712152,322540,189760,174812625,145.0,0.0189956016838551,0.820306837558746,0.0893600434064865,0.0399548560380936,0.0017673178808763602,0.0296153761446476,LOP_R
720575940599729862,720575940630493822,712396,324492,189160,712296,324416,189160,174829465,105.0,0.10710650682449302,0.0370485037565231,0.843980491161346,0.000977081130258739,0.00482475850731134,0.00606268830597401,LOP_R
720575940599729862,720575940630493822,712852,324304,189200,712844,324176,189240,174829482,121.0,0.37080666422843894,0.233282625675201,0.37069776654243497,0.0106757925823331,0.00141591147985309,0.0131213078275323,LOP_R
720575940599729862,720575940626743183,721224,319588,187320,721340,319584,187320,68389396,145.0,0.415803253650665,0.280728548765182,0.250160068273544,0.00496768672019243,0.0119646191596985,0.0363758578896523,LOP_R
720575940599729862,720575940626743183,721380,319872,187400,721420,319776,187400,68389425,133.0,0.0167453270405531,0.00796498171985149,0.0404612682759762,0.0248889978975058,0.12115605175495099,0.7887833118438721,LOP_R
720575940599729862,720575940626743183,715844,321140,190720,715776,321068,190720,63164601,73.0,0.545525968074799,0.240738779306412,0.10078844428062401,0.0723767206072807,0.00316867907531559,0.0374014340341091,LOP_R
720575940599729862,720575940626743183,717824,321348,191000,717888,321276,191000,63165368,77.0,0.0246491394937038,0.855692982673645,0.0867710486054421,0.0210989527404308,0.0005807279958389701,0.0112071773037314,LOP_R
720575940599729862,720575940626743183,718528,315980,191840,718456,315980,191880,56964478,159.0,0.0358831249177456,0.6873610615730289,0.203977972269058,0.0244817417114973,0.00478160101920366,0.0435145832598209,LOP_R
720575940599729862,720575940626743183,717968,316120,191960,718052,316048,191960,56964504,93.0,0.00591436214745045,0.7661385536193851,0.026697900146246,0.19608916342258498,0.00016389785741921498,0.0049960836768150295,LOP_R
720575940599729862,720575940619113265,711648,323828,189160,711704,323880,189200,174812473,113.0,0.0517242066562176,0.11442154645919801,0.8148620724678041,0.0137465558946133,0.000458790425909683,0.00478678289800882,LOP_R
720575940599729862,720575940619881777,715784,320168,189480,715752,320056,189480,175411604,141.0,0.008637365885078909,0.921628773212433,0.0283581092953682,0.0332801938056946,0.00014789865235798102,0.007947679609060291,LOP_R
720575940599729862,720575940633656147,715184,319620,189800,715112,319528,189760,175411739,150.0,0.007945965975523,0.9536092877388,0.0041714608669281,0.0214045736938715,0.000182981151738204,0.0126856537535787,LOP_R
720575940599729862,720575940632504874,717448,321328,191480,717504,321260,191480,63165471,143.0,0.0192994754761457,0.884701550006866,0.0350347831845283,0.0333328321576118,0.000705941405612975,0.0269253980368376,LOP_R
720575940599729862,720575940621116807,701888,316556,177400,701796,316524,177400,21434310,136.0,0.00698228320106864,0.8093494772911071,0.0013129748404026,0.0058012711815536,0.000487523473566398,0.17606645822525,LO_R
720575940599729862,720575940640027965,715700,320624,188920,715688,320724,188880,175412258,143.0,0.0443935804069042,0.215399995446205,0.7177409529685971,0.00534531613811851,0.00124637980479747,0.0158738065510988,LOP_R
720575940599729862,720575940640027965,715748,320464,188920,715692,320316,188920,175412264,136.0,0.0252640321850777,0.630444049835205,0.299493819475174,0.0255131274461746,0.000809095916338265,0.0184758417308331,LOP_R
720575940599729862,720575940632504874,717916,316156,191960,717936,316208,192040,56964520,63.0,0.00333724170923233,0.859376609325409,0.0166913457214832,0.11444869637489301,3.5711742384592105e-05,0.00611040228977799,LOP_R
720575940599729862,720575940632504874,715880,318184,190880,715792,318184,190840,63783862,60.0,0.008038134314119821,0.920495510101318,0.0460288897156715,0.0117153665050864,0.00029592972714453903,0.0134261623024941,LOP_R
720575940599729862,720575940627706398,715824,321024,189520,715884,321112,189560,175412400,150.0,0.00627465918660164,0.83502072095871,0.0694554075598717,0.0875081866979599,4.6881970774848e-05,0.0016940967179834801,LOP_R
720575940599729862,720575940632504874,713280,321368,188560,713280,321256,188560,175411296,149.0,0.275254338979721,0.30214667320251504,0.40655103325843794,0.006266520358622071,0.000616588804405183,0.0091649042442441,LOP_R
720575940599729862,720575940628737323,703556,314504,180360,703488,314576,180320,231756408,79.0,0.0399995781481266,0.7697498798370358,0.176083728671074,0.0053787445649504705,0.000155482906848192,0.00863266177475452,LO_R
720575940599729862,720575940628737323,703664,314584,180520,703636,314680,180520,231756444,140.0,0.00595350190997124,0.950878024101257,0.0169718731194735,0.0205245744436979,4.0127390093402896e-05,0.005631831474602221,LO_R
720575940599729862,720575940637734768,703752,314600,180440,703812,314724,180480,231756445,143.0,0.00120154244359583,0.9671756029129029,0.00133595720399171,0.0296497475355864,2.11191513699305e-06,0.000635087257251143,LO_R
720575940599729862,720575940590755562,703720,314580,180680,703704,314696,180640,231756493,162.0,0.000782251241616905,0.9786188006401059,0.000537712418008596,0.0194361954927444,2.82947848972981e-06,0.000622222025413066,LO_R
720575940599729862,720575940521471152,703796,314548,180720,703864,314616,180720,231756501,75.0,0.000846036360599101,0.94525820016861,0.000438079470768571,0.0512233972549439,1.4137506695988099e-05,0.00222023203969002,LO_R
720575940599729862,720575940627706398,715704,321384,190200,715696,321512,190160,63164466,132.0,0.25344619154930104,0.48486799001693703,0.250705122947693,0.00114618940278888,0.000915925367735326,0.008918627165257929,LOP_R
720575940599729862,720575940609344866,702824,312008,179880,702792,311920,179880,231960471,73.0,0.9552993774414059,0.0404164716601372,0.000309762923279777,7.50625395085081e-06,7.133511189749701e-06,0.00395979080349207,LO_R
720575940599729862,720575940626979621,699048,321496,177320,698956,321528,177320,22269749,143.0,0.000769339851103723,0.993368685245514,0.000246431038249284,0.00387499877251685,1.5320765669457597e-05,0.0017252300167456302,LO_R
720575940599729862,720575940630439106,699816,315416,175520,699816,315472,175440,238311223,130.0,0.018629364669323002,0.962370932102203,0.011394340544939,0.00628884788602591,3.31306873704307e-05,0.00128344492986798,LO_R
720575940599729862,720575940637734768,699732,315408,175480,699716,315536,175440,238311225,130.0,0.00648089498281479,0.976627171039581,0.00415727263316512,0.0121627040207386,8.8344604591839e-06,0.000563091074582189,LO_R
720575940599729862,720575940522862233,699808,315348,175520,699820,315364,175440,238311219,62.0,0.0371935367584229,0.9577841758728031,0.00363387749530375,0.000659130339045078,1.9042587155127e-05,0.000710144231561571,LO_R
720575940599729862,720575940584675310,699876,315300,175560,699996,315252,175520,238311234,68.0,0.231313422322273,0.721455454826355,0.0437557473778725,0.00133915117476136,9.39381643547677e-05,0.00204221298918128,LO_R
720575940599729862,720575940584676334,699872,315380,175520,699968,315432,175480,238311236,141.0,0.0149772195145488,0.976230025291443,0.0034850968513637803,0.00372984213754535,7.777299470035359e-05,0.00150012271478772,LO_R
720575940599729862,720575940626979621,699820,315444,175560,699872,315576,175560,238311253,139.0,0.00967065244913101,0.981370627880096,0.00329822185449302,0.00327147217467427,3.8593578210566206e-05,0.00235040322877467,LO_R
720575940599729862,720575940522858905,699728,315476,175600,699728,315648,175600,238311254,94.0,0.0122430426999927,0.9684383273124699,0.0102671012282372,0.00791010819375515,1.4086305782257098e-05,0.00112733279820532,LO_R
720575940599729862,720575940605980262,699728,314724,176360,699704,314888,176360,238311392,149.0,0.0210914462804794,0.904232740402222,0.0287441648542881,0.00796467997133732,0.00453804293647409,0.0334288366138935,LO_R
720575940599729862,720575940622276106,702680,316192,174920,702732,316116,174880,238313538,154.0,0.009437423199415209,0.91257256269455,0.0037686575669795296,0.00867354031652212,0.000293642951874062,0.0652542486786842,LO_R
720575940599729862,720575940634630113,697804,316508,175040,697672,316504,175040,238314242,150.0,0.00174247566610575,0.979648768901825,0.000194258871488273,0.0142914410680532,1.2126124602218599e-05,0.0041108820587396604,LO_R
720575940599729862,720575940522801305,697896,316476,174960,697848,316400,174920,238314241,175.0,0.0103403143584728,0.940484166145325,0.0111501775681973,0.020129656419158,0.00036978477146476496,0.0175259504467249,LO_R
720575940599729862,720575940584674286,697808,316564,175080,697716,316624,175080,238314243,67.0,0.000673783360980451,0.9824787378311161,8.78995706443675e-05,0.0135901169851422,1.18587217912136e-06,0.0031681773252785197,LO_R
720575940599729862,720575940522854297,697788,316512,175160,697648,316492,175200,238314284,91.0,0.00105872552376241,0.93947434425354,4.0409137000096996e-05,0.0487250089645386,3.2846830890775904e-06,0.0106982467696071,LO_R
720575940599729862,720575940625766346,697904,316524,174960,697872,316568,174880,238314237,163.0,0.008624706417322159,0.942427575588226,0.0063484045676887,0.0213017072528601,0.000279680039966479,0.0210179258137941,LO_R
720575940599729862,720575940522849177,697884,316416,175280,697904,316352,175280,238314338,144.0,0.00605229008942843,0.918281316757202,0.00120707345195115,0.0303972568362951,0.000167786638485268,0.0438942387700081,LO_R
720575940599729862,720575940634630113,697688,316452,175360,697604,316352,175320,238314361,139.0,0.000355996075086296,0.981305181980133,1.8396189034319802e-06,0.0061810836195945705,1.9440803100678803e-07,0.012155725620687001,LO_R
720575940599729862,720575940629123914,697604,316436,175480,697500,316372,175480,238314419,138.0,8.47848859848455e-05,0.9897896647453309,2.3455096709312802e-07,0.008728975430130959,8.833982434452992e-09,0.0013963708188384802,LO_R
720575940599729862,720575940522864025,697768,316392,175360,697764,316260,175400,238314373,145.0,0.0016552113229408901,0.9872170090675351,7.09664673195221e-05,0.00319421174935997,2.6650204745237703e-06,0.00785980932414532,LO_R
720575940599729862,720575940625766346,697592,316524,175440,697476,316456,175400,238314375,124.0,0.00012939331645611698,0.8810202479362491,2.17562910620472e-06,0.109827570617199,7.333760976280251e-08,0.00902043376117945,LO_R
720575940599729862,720575940522869913,697520,316544,175640,697412,316516,175600,238314436,137.0,0.00113251805305481,0.935541927814484,0.000129653097246774,0.05640809237957,6.42934219285962e-06,0.00678131263703108,LO_R
720575940599729862,720575940620237702,697844,316388,175360,697900,316304,175400,238314374,134.0,0.00310273375362158,0.9839449524879459,0.00010654433572199201,0.00487249018624425,2.45080263994168e-05,0.00794873014092445,LO_R
720575940599729862,720575940522869913,697608,316424,175720,697512,316320,175720,238314465,72.0,0.000356166769051924,0.979938089847565,0.00011421137605793799,0.0195838790386915,1.02382502475962e-08,7.70074802858289e-06,LO_R
720575940599729862,720575940522873753,697644,316460,175720,697600,316380,175760,238314466,151.0,0.000347999826772138,0.9898099899291991,5.3584371926263e-05,0.00966372527182102,8.187210198684619e-08,0.00012462305312510602,LO_R
720575940599729862,720575940614859133,703968,319664,175720,704076,319696,175720,239839444,102.0,0.0112281320616603,0.9834842085838321,0.000494152307510376,0.0017902875551953899,4.0166883991332704e-05,0.00296296924352646,LO_R
720575940599729862,720575940614858365,704576,319720,176320,704688,319644,176320,239839593,131.0,0.000175677909282967,0.993714034557343,7.473205982933001e-07,0.00423408998176456,2.60145270658541e-07,0.00187525362707675,LO_R
720575940599729862,720575940516909228,695036,319416,174800,694996,319532,174760,239866957,140.0,0.039386373013257994,0.453904807567596,0.47806721925735496,0.0140927210450172,0.000920988561119884,0.0136278672143817,LO_R
720575940599729862,720575940634630113,695308,318936,174920,695320,318820,174920,239866969,146.0,0.00214021024294198,0.9463710188865658,0.00273954612202942,0.046914279460907,4.33663581134169e-06,0.0018306276760995399,LO_R
720575940599729862,720575940621994954,695160,318960,174880,695124,318848,174880,239866970,147.0,0.00144171540159732,0.791894614696503,0.00195624469779432,0.20409883558750197,2.35363427236734e-06,0.000606230751145631,LO_R
720575940599729862,720575940516882348,695364,318976,174880,695424,318916,174880,239866978,91.0,0.0021181134507060003,0.968230307102203,0.0014171211514622,0.0243600457906723,9.59392946242588e-06,0.00386484409682453,LO_R
720575940599729862,720575940516898732,695136,318996,174880,695052,318912,174880,239866979,95.0,0.00171327509451658,0.690777361392975,0.00124015961773694,0.30070596933364896,1.0355508493376e-05,0.00555286789312959,LO_R
720575940599729862,720575940516898732,695184,318912,175000,695156,318792,175000,239866996,148.0,0.00181646517012268,0.876076638698578,0.0023575592786073698,0.117822632193565,3.1478371056437e-06,0.00192364084068686,LO_R
720575940599729862,720575940621994954,695272,318888,175000,695312,318772,175000,239867004,140.0,0.00502285500988364,0.8923829197883609,0.0133756492286921,0.0847175642848015,3.0307437555166e-05,0.00447070971131325,LO_R
720575940599729862,720575940516882348,695068,318820,175120,695040,318696,175120,239867015,148.0,0.00539119867607951,0.949128448963165,0.008545675314962859,0.0237554851919413,7.97003813204356e-05,0.0130995325744152,LO_R
720575940599729862,720575940516898732,695048,318792,175200,695024,318676,175200,239867029,147.0,0.005047672893852,0.9703291654586791,0.0044505684636533295,0.0124079464003444,5.26041512785014e-05,0.0077119725756347205,LO_R
720575940599729862,720575940617720404,695136,318808,175160,695192,318760,175160,239867018,134.0,0.00299405003897846,0.9587152600288391,0.00187838776037097,0.0307858027517796,2.2716907551512102e-05,0.00560372369363904,LO_R
720575940599729862,720575940627190556,711660,323712,189160,711676,323728,189240,174812482,69.0,0.0486738719046116,0.0403949953615665,0.907731294631958,0.0013180528767406901,8.94613112905063e-05,0.00179237651173025,LOP_R
720575940599729862,720575940632504874,713616,321260,189520,713696,321272,189520,175411633,144.0,0.11086121201515199,0.0571171976625919,0.796294093132019,0.00323687540367246,0.0029754370916634802,0.0295151714235544,LOP_R
720575940599729862,720575940632504874,713520,321132,189360,713580,321064,189320,175411538,86.0,0.126164898276329,0.0963799580931664,0.7418109178543091,0.000660391873680055,0.0052558244206011295,0.0297279804944992,LOP_R
720575940599729862,720575940632504874,716552,318080,191680,716660,318120,191720,58661387,132.0,0.074225053191185,0.41617941856384294,0.42677295207977295,0.00657117972150445,0.00505943596363068,0.0711919590830803,LOP_R
720575940599729862,720575940632504874,718628,315988,191800,718636,316004,191880,56964479,133.0,0.0275560319423676,0.7397871613502499,0.124495923519135,0.0396735146641731,0.00358163192868233,0.0649057105183601,LOP_R
720575940599729862,720575940632504874,717680,321664,191600,717756,321740,191600,57976933,139.0,0.19065685570239999,0.6544076204299929,0.12988258898258198,0.0104172797873616,0.0007927914266474549,0.013842866756021999,LOP_R
720575940599729862,720575940626979621,698656,321128,177200,698536,321172,177200,22269743,122.0,0.000898928265087307,0.973796904087067,9.42730621318333e-05,0.0212937444448471,3.42592466040514e-06,0.00391264306381345,LO_R
720575940599729862,720575940627706398,715872,321100,190680,715904,320976,190640,63164542,131.0,0.0408289209008217,0.832812249660492,0.0281894896179438,0.0555936098098755,0.000930428330320865,0.0416452214121819,LOP_R
720575940599729862,720575940624983037,711092,323916,188720,711032,323812,188680,174812351,143.0,0.0221001878380775,0.6066076755523679,0.243704333901405,0.0882279202342033,0.00178879138547927,0.0375710166990757,LOP_R
720575940599729862,720575940626979621,702368,311028,178040,702288,310996,178080,21068215,175.0,0.0044300137087702795,0.9203211069107059,0.0012059465516358599,0.0626691877841949,4.2808740545296994e-05,0.0113309323787689,LO_R
720575940599729862,720575940621116807,705784,311204,180080,705808,311280,180080,231963991,141.0,0.608991026878357,0.0343254245817661,0.352916419506073,0.000490854203235358,0.000315478479024023,0.00296081253327429,LO_R
720575940599729862,720575940641349365,711792,322988,188880,711832,323040,188840,174812395,159.0,0.0144975073635578,0.0766070112586021,0.8876595497131351,0.00875231623649597,0.00100530521012843,0.0114783523604274,LOP_R
720575940599729862,720575940634612194,715996,318028,190920,715968,317912,190920,63783893,143.0,0.0271771624684334,0.79131406545639,0.119917519390583,0.013046171516180002,0.00251412042416632,0.0460309982299805,LOP_R
720575940599729862,720575940621114650,694960,319336,174600,694860,319400,174560,114673612,107.0,0.0199342258274555,0.7867280840873722,0.141729727387428,0.0323792062699795,0.000437619135482237,0.0187910795211792,LO_R
720575940636228782,720575940596125868,710712,269896,222160,710800,269880,222200,199615112,146.0,0.0587707869708538,0.12241420149803199,0.782347559928894,0.0156085984781384,0.00231615290977061,0.0185427330434322,LOP_R
720575940596125868,720575940630382966,703620,263796,203840,703644,263896,203800,148237916,59.0,0.9927728772163391,0.000668237393256277,0.0061494666151702395,2.66362330876291e-05,0.000177707290276885,0.00020512095943559,LO_R
720575940596125868,720575940621678204,711032,268320,223360,710960,268192,223360,199991727,142.0,0.0828838795423508,0.497319966554642,0.339336305856705,0.0549142509698868,0.0035210100468248103,0.0220246855169535,LOP_R
720575940621678204,720575940596125868,711624,270432,222960,711696,270480,223000,199615293,152.0,0.0353213921189308,0.6927068829536441,0.173608556389809,0.0103491796180606,0.0116188088431954,0.0763951539993286,LOP_R
720575940627478760,720575940596125868,707664,257736,204800,707764,257684,204800,149561700,76.0,0.9313108325004581,0.0075572049245238295,0.0543769001960754,0.0054701231420040105,0.00027892133221030203,0.00100600940641016,LO_R
720575940630382966,720575940596125868,701552,266728,204360,701436,266732,204400,148983739,142.0,0.34414488077163696,0.39529457688331604,0.11556722223758699,0.024280920624733,0.00920608453452587,0.111506320536137,LO_R
720575940596125868,720575940621602081,704192,262932,204160,704104,262872,204120,149388175,53.0,0.168485105037689,0.17292511463165303,0.26566860079765303,0.278038114309311,0.0509765483438969,0.0639065206050873,LO_R
720575940596125868,720575940619415089,706032,275728,221680,706032,275592,221680,234823906,146.0,0.017577663064003,0.794333696365356,0.0326739102602005,0.145009368658066,0.000857503269799054,0.00954782590270042,LOP_R
720575940608661187,720575940596125868,703432,266596,204920,703368,266496,204960,148238195,100.0,0.16608527302742002,0.550081074237824,0.010321294888854,0.24150036275386802,0.004031355027109379,0.0279806088656187,LO_R
720575940608661187,720575940596125868,698368,267000,204960,698404,266888,204960,148987098,146.0,0.0265431888401508,0.6058597564697271,0.10862584412097902,0.25342485308647195,0.00039307790575549,0.00515336683019996,LO_R
720575940633160674,720575940596125868,702848,262900,205360,702960,262856,205360,32020101,145.0,0.00282412068918347,0.8135666847229001,0.0031068362295627603,0.177004769444466,6.553965067723771e-05,0.00343201030045748,LO_R
720575940617141204,720575940596125868,706920,263336,204400,707064,263324,204400,149393122,163.0,0.11331927031278599,0.6612515449523929,0.20884010195732103,0.00293670315295458,0.000633464893326163,0.0130188735201955,LO_R
720575940630598927,720575940596125868,701952,263664,205480,701816,263548,205440,30792767,155.0,0.0612839050590992,0.4284414350986479,0.47133731842041,0.00921907369047403,0.00139168137684464,0.0283266231417656,LO_R
720575940638698842,720575940596125868,701612,265672,205480,701652,265548,205480,30792783,142.0,0.00993596110492945,0.902563571929932,0.0330238156020641,0.0449623577296734,0.000445982848759741,0.00906833447515965,LO_R
720575940630598927,720575940596125868,701816,263656,205560,701688,263540,205520,30792784,62.0,0.0553233809769154,0.512225210666657,0.34740582108497603,0.0213876888155937,0.00498845800757408,0.0586694702506065,LO_R
720575940630598927,720575940596125868,702272,263848,205680,702412,263824,205720,30792813,56.0,0.0918511301279068,0.204518482089043,0.6466414928436279,0.028541250154376,0.00853902194648981,0.0199085958302021,LO_R
720575940616595515,720575940596125868,700532,263836,206480,700672,263732,206440,30792913,144.0,0.0246887188404798,0.6796521544456479,0.129559859633446,0.16382786631584198,0.00029073253972455897,0.0019807082135230303,LO_R
720575940644945608,720575940596125868,705560,264524,206320,705560,264456,206240,30795772,156.0,0.00811321847140789,0.8901497125625609,0.0274622086435556,0.0726171582937241,4.29022002208512e-05,0.00161481834948063,LO_R
720575940598327212,720575940596125868,703700,266008,206600,703632,265896,206560,30795830,142.0,0.6942713260650639,0.12346738576889,0.0263459626585245,0.154599145054817,0.000257247855188325,0.00105890177655965,LO_R
720575940621780812,720575940596125868,699020,266032,205120,699108,266144,205080,30796331,133.0,0.893861532211304,0.00408090464770794,0.0763978660106659,0.00146305619273335,0.0127855492755771,0.0114110624417663,LO_R
720575940630598927,720575940596125868,703404,264468,205240,703532,264472,205240,30795584,141.0,0.00251566339284182,0.9303447604179379,0.00402477523311973,0.0605653673410416,6.31160000921227e-05,0.0024862813297659198,LO_R
720575940625903678,720575940596125868,705200,264072,206040,705312,264280,206040,30795743,141.0,0.0234695803374052,0.9516509175300601,0.00932267587631941,0.00298218242824078,0.000195785192772746,0.0123787978664041,LO_R
720575940625903678,720575940596125868,704312,264100,206200,704252,264108,206200,30795755,107.0,0.00165939680300653,0.939424097537994,0.000244133247178979,0.0581986270844936,2.39448013417132e-06,0.00047134628403000496,LO_R
720575940630598927,720575940596125868,702292,264852,205200,702320,264948,205160,30792689,143.0,0.31987655162811307,0.234071299433708,0.36552682518959,0.0393154695630074,0.00690849497914314,0.0343013592064381,LO_R
720575940630598927,720575940596125868,702800,263996,205240,702856,263888,205240,30792701,148.0,0.0265653021633625,0.8217395544052121,0.063266433775425,0.0111339390277863,0.00297358562238514,0.0743212476372719,LO_R
720575940630598927,720575940596125868,702416,264780,205280,702472,264880,205280,30792711,145.0,0.0749255567789078,0.803892433643341,0.09943991154432301,0.0018301130039617398,0.0023910410236567302,0.0175209827721119,LO_R
720575940630598927,720575940596125868,701772,263580,205320,701760,263504,205320,30792731,58.0,0.0497581027448177,0.381080329418182,0.39099070429801897,0.0138465696945786,0.0270001664757729,0.137324154376984,LO_R
720575940596125868,720575940630993423,700360,263564,205360,700392,263496,205360,30792740,119.0,0.0269583687186241,0.772350907325745,0.0938018634915352,0.0125246541574597,0.007013279944658279,0.0873509719967842,LO_R
720575940616595515,720575940596125868,699288,264600,205600,699240,264488,205600,30796517,60.0,0.627484977245331,0.17840339243411998,0.14188440144062,0.04725975915789599,0.00184271321631968,0.00312470109201968,LO_R
720575940629279744,720575940596125868,709240,265592,205080,709176,265580,205080,30799752,87.0,0.22531802952289604,0.686330437660217,0.0777221769094467,0.000474988191854209,0.000428077066317201,0.00972620397806168,LO_R
720575940616595515,720575940596125868,699696,264840,205600,699776,264900,205600,30796522,142.0,0.0015129032544791698,0.129251629114151,4.91907012474258e-05,0.869143664836884,1.64376069733407e-06,4.09539970860351e-05,LO_R
720575940616595515,720575940596125868,699820,264212,205760,699720,264088,205680,30796537,106.0,0.216940775513649,0.673641860485077,0.0898736566305161,0.0149604063481092,0.000460247421870008,0.00412306282669306,LO_R
720575940629279744,720575940596125868,707376,263468,205240,707508,263424,205240,30799793,140.0,0.0104281958192587,0.895598649978638,0.0560475885868073,0.00704231997951865,0.000179808339453302,0.0307034328579903,LO_R
720575940612404502,720575940596125868,707328,266348,205520,707356,266464,205520,30799844,79.0,0.00933791045099497,0.9650213122367859,0.00759152276441455,0.0155084002763033,5.81120111746714e-05,0.0024828163441270603,LO_R
720575940638698842,720575940596125868,701392,266700,206360,701464,266744,206400,31589651,94.0,0.110128477215767,0.882750928401947,0.00379694136790931,0.00169406307395548,0.000191529470612295,0.00143814960028976,LO_R
720575940630930735,720575940596125868,701080,267052,206600,701216,267048,206600,31589725,130.0,0.29459965229034396,0.5640302300453189,0.12433116883039501,0.00106837088242173,0.0008189558866433799,0.0151516320183873,LO_R
720575940638698842,720575940596125868,699860,268480,205040,699784,268336,205000,31592686,140.0,0.200750067830086,0.39489558339119,0.28739440441131603,0.11119055747985801,0.0008509264444001019,0.004918456077575679,LO_R
720575940638698842,720575940596125868,699524,268824,205000,699484,268704,205000,31592689,140.0,0.00936382822692394,0.948356747627258,0.0102072069421411,0.0200157947838306,0.000100462704722304,0.0119558852165937,LO_R
720575940612404502,720575940596125868,708748,267036,205080,708760,267152,205080,31595877,72.0,0.0329779274761677,0.9608633518218991,0.0016325260512530802,0.00109546177554876,9.505241905571892e-05,0.0033355785999447103,LO_R
720575940629012839,720575940596125868,707060,267872,205200,707184,267888,205200,31595893,138.0,0.0027782544493675197,0.9537090063095089,0.000536728417500854,0.040798731148243,6.59234065096825e-05,0.00211130804382265,LO_R
720575940630598927,720575940596125868,701444,263680,205640,701372,263544,205600,32020207,52.0,0.126652330160141,0.40748608112335205,0.282233655452728,0.0245721191167831,0.0251301359385252,0.133925691246986,LO_R
720575940644945608,720575940596125868,701992,263132,205920,701916,263216,205880,32020267,143.0,0.0190131422132254,0.0607427358627319,0.9044800400733951,0.0143498461693525,0.000305022083921358,0.0011092725908383699,LO_R
720575940625903678,720575940596125868,703568,260984,205160,703464,260904,205200,32022446,54.0,0.0147205218672752,0.9237142205238341,0.00036971017834730403,0.0610712058842182,2.75358928547575e-07,0.000124003898235969,LO_R
720575940635174648,720575940596125868,704548,263072,205200,704640,263060,205200,32022452,60.0,0.0841889083385468,0.7858741283416751,0.10639043152332302,0.00966154597699642,0.00046501494944095595,0.0134199392050505,LO_R
720575940635174648,720575940596125868,703648,263104,205280,703520,263136,205240,32022454,142.0,0.0261264927685261,0.9074110984802249,0.0600841715931892,0.0040583130903542,8.15335988590959e-06,0.00231185648590326,LO_R
720575940625903678,720575940596125868,705080,261992,205200,705008,261904,205240,32022460,127.0,0.373953491449356,0.5662907361984251,0.032929427921772,0.0213394295424223,0.000661419704556465,0.0048254695720970605,LO_R
720575940644945608,720575940596125868,703368,262868,206120,703464,262992,206120,32020300,140.0,0.10677741467952699,0.31061655282974204,0.516251266002655,0.0113978208974004,0.018234895542264002,0.0367220789194107,LO_R
720575940644945608,720575940596125868,701432,262032,205080,701340,262128,205080,32020002,147.0,0.0147832538932562,0.634971499443054,0.332819730043411,0.0138410590589046,0.000135534108267166,0.00344886560924351,LO_R
720575940644945608,720575940596125868,703120,260772,205040,703240,260808,205080,32020012,143.0,0.0745550021529198,0.20529134571552302,0.298404514789581,0.420722007751465,5.83853943680879e-05,0.0009687658166512849,LO_R
720575940626979621,720575940596125868,705356,260928,205760,705344,261088,205760,32022572,57.0,0.334432661533356,0.634358584880829,0.0226843357086182,0.00462476909160614,0.00027923024026677,0.00362048577517271,LO_R
720575940635174648,720575940596125868,703580,262988,205440,703472,262960,205440,32022515,159.0,0.240444153547287,0.5944195389747621,0.10658035427331901,0.0453147143125534,0.0009326566942036151,0.0123085966333747,LO_R
720575940625903678,720575940596125868,703192,260960,205160,703276,260948,205160,32020041,123.0,0.6152063608169561,0.17130307853221902,0.0201407261192799,0.18521559238433802,0.0015760713722556801,0.00655809277668595,LO_R
720575940625903678,720575940596125868,701708,262584,205200,701604,262632,205200,32020046,147.0,0.000876678270287812,0.666575789451599,0.00107603461947292,0.330824166536331,2.88340038423485e-06,0.000644433835987002,LO_R
720575940635174648,720575940596125868,705952,262856,206280,706096,262852,206280,32022702,120.0,0.139126747846603,0.80457866191864,0.0342591628432274,0.0024987121578306,0.000696286442689598,0.0188404247164726,LO_R
720575940644945608,720575940596125868,702936,260480,205520,702984,260416,205480,32020122,145.0,0.0228679589927196,0.22681933641433702,0.00444807996973395,0.7452397346496579,6.11356445006095e-05,0.0005636612186208371,LO_R
720575940644945608,720575940596125868,702920,262872,205440,703028,262828,205440,32020134,146.0,0.00556347984820604,0.7498370409011841,0.0182141568511724,0.22458046674728402,5.3400079195853296e-05,0.00175149342976511,LO_R
720575940631239491,720575940596125868,707512,262680,205240,707556,262864,205160,32026846,83.0,0.0226129777729511,0.6981405019760129,0.198338225483894,0.0362658686935902,0.00425516860559583,0.040387224406004,LO_R
720575940629279744,720575940596125868,707220,263360,205880,707232,263248,205880,32026986,145.0,0.0142031516879797,0.849137544631958,0.0514925569295883,0.0325378812849522,0.0008870842866599561,0.0517417751252651,LO_R
720575940621116807,720575940596125868,709720,262452,206160,709888,262408,206080,32027027,145.0,0.40829026699066207,0.5902388095855711,0.00123555038589984,0.000209682795684785,9.79889819063828e-07,2.47283114731545e-05,LO_R
720575940613526937,720575940596125868,707360,256256,205320,707264,256348,205320,32157939,146.0,0.8301836252212521,0.00530576426535845,0.140081971883774,0.0218673292547464,0.0008455920615233481,0.0017157428665086599,LO_R
720575940626979621,720575940596125868,706176,258700,205240,706184,258696,205160,32200100,171.0,0.619911968708038,0.379962950944901,1.07545320133795e-05,0.000107412422948983,1.86673219104705e-08,6.898691026435699e-06,LO_R
720575940621418573,720575940596125868,703464,258692,206360,703348,258720,206400,32200429,54.0,0.8887503743171691,0.0009660467039793731,0.108081221580505,0.0021286278497427698,2.49162621912546e-05,4.89178964926396e-05,LO_R
720575940644945608,720575940596125868,702308,259984,205400,702424,259956,205440,32197853,134.0,0.0478607825934887,0.6867356300354001,0.0204652845859528,0.231235846877098,0.00022012494446244102,0.0134822828695178,LO_R
720575940626979621,720575940596125868,707400,257920,205160,707404,257984,205080,32204795,150.0,0.527760088443756,0.471682518720627,0.000253755919402465,0.000256535160588101,2.97427476425582e-07,4.682553117163479e-05,LO_R
720575940626979621,720575940596125868,707416,258484,205240,707508,258536,205200,32204809,151.0,0.0235605929046869,0.9759067893028259,1.40855727295275e-05,0.00028424063930288,1.5628920664312299e-06,0.000232771650189534,LO_R
720575940625529381,720575940596125868,706648,258924,205320,706652,258812,205320,32204827,72.0,0.0414198860526085,0.8922780156135559,0.0197171866893768,0.0438400879502296,0.000112576657556929,0.00263229408301413,LO_R
720575940606436119,720575940596125868,707736,260072,205440,707544,260004,205360,32204845,144.0,0.0309452451765537,0.8444067239761349,0.0550311394035816,0.0369294956326485,0.00412052450701594,0.0285668801516294,LO_R
720575940606434839,720575940596125868,707616,259936,205440,707492,259856,205400,32204855,126.0,0.0613986812531948,0.8467894792556759,0.0811898112297058,0.005758214276283979,0.000155311427079141,0.00470852153375745,LO_R
720575940625529381,720575940596125868,707112,258932,205880,707184,258792,205880,32204959,139.0,0.0900339856743813,0.907031059265137,0.000617946498095989,0.000122635523439385,5.461383989313621e-05,0.0021397552918642803,LO_R
720575940626979621,720575940596125868,707180,257472,206080,707160,257568,206080,32205001,132.0,0.9980363249778751,0.00190526887308806,3.86884858016856e-05,6.01381827891601e-07,2.23597771764616e-06,1.69583399838302e-05,LO_R
720575940626979621,720575940596125868,706844,257196,206320,706696,257248,206360,32205017,145.0,0.999154806137085,0.000839625194203109,2.95536506200733e-06,1.4294482753030001e-06,7.63867902264792e-09,1.13863427486649e-06,LO_R
720575940626979621,720575940596125868,706676,258724,206520,706728,258740,206400,32205090,93.0,0.34141880273819,0.658280372619629,0.00017669344379101,0.000104515806015115,7.27482358797715e-08,1.9557592167984698e-05,LO_R
720575940626979621,720575940596125868,706880,259140,206520,706756,259184,206520,32205105,160.0,0.45422831177711503,0.5350201129913329,0.00185731099918485,0.00834055338054895,5.50757140445057e-05,0.000498621491715312,LO_R
720575940626979621,720575940596125868,706664,257348,206640,706528,257340,206600,32205118,153.0,0.9998087286949159,0.000189284473890439,1.9432691260590197e-06,1.10335440783871e-09,3.955305416525329e-09,5.00456636132185e-08,LO_R
720575940620159366,720575940596125868,711800,271676,224080,711668,271680,224080,100154215,144.0,0.103179268538952,0.00504238624125719,0.889348983764648,0.00031488024978898504,0.000729009101632983,0.00138550298288465,LOP_R
720575940620159366,720575940596125868,711532,268524,223760,711448,268472,223800,100482166,116.0,0.055440753698349006,0.0296906027942896,0.866505324840546,0.043687604367733,0.0017800230998545898,0.00289565417915583,LOP_R
720575940645723428,720575940596125868,707496,275024,223520,707564,275140,223480,100739014,148.0,0.0367469899356365,0.6445066928863531,0.24894332885742199,0.00460356706753373,0.00930560100823641,0.0558938570320606,LOP_R
720575940616595515,720575940596125868,701500,264412,207320,701456,264520,207320,130606145,144.0,0.0218111667782068,0.905766129493713,0.0161391440778971,0.0304812304675579,0.000884174194652587,0.0249181482940912,LO_R
720575940616595515,720575940596125868,698652,264560,206920,698672,264456,206920,130609721,139.0,0.0008990693022497,0.8956056833267209,0.000107488755020313,0.0975396931171417,1.15795990041079e-06,0.00584697257727385,LO_R
720575940638698842,720575940596125868,703020,267024,206800,702984,266916,206760,131359641,121.0,0.00554806552827358,0.9751846790313721,7.19075178494677e-05,0.00905825197696686,3.0119997973088202e-05,0.0101070022210479,LO_R
720575940630930735,720575940596125868,701680,267012,206840,701696,266868,206840,131359662,146.0,0.000357101496774703,0.982517778873444,0.000106736144516617,0.0168524738401175,6.87026258106016e-08,0.00016587553545832601,LO_R
720575940626979621,720575940596125868,704988,260144,206720,705072,260216,206680,131775042,74.0,0.0032043531537056,0.8641487956047059,0.00055799464462325,0.129557475447655,6.19123675278388e-05,0.00246942788362503,LO_R
720575940626979621,720575940596125868,705900,261156,206720,705976,261112,206720,131775080,94.0,0.8993853926658629,0.0923451408743858,0.00541129801422358,0.00047488565905950996,0.000144444944453426,0.00223887525498867,LO_R
720575940517802927,720575940596125868,705860,261152,206760,705940,261116,206760,131775086,56.0,0.9780426025390629,0.0166981350630522,0.003943662159144879,0.00016698580293450502,0.00013830755779054,0.00101024878676981,LO_R
720575940626979621,720575940596125868,705756,262140,207160,705740,262208,207200,131775196,78.0,0.40889352560043296,0.525009572505951,0.0128473257645965,0.0461465455591679,0.00070341897662729,0.00639958633109927,LO_R
720575940630153068,720575940596125868,709896,261732,207080,709784,261736,207080,131779267,147.0,0.0306455325335264,0.8144549131393429,0.124719336628914,0.0204788316041231,0.00044304714538157,0.00925833452492952,LO_R
720575940630153068,720575940596125868,710016,261844,207120,709972,261948,207080,131779269,145.0,0.116732060909271,0.510897517204285,0.349783003330231,0.00532809505239129,0.00247341976501048,0.0147859528660774,LO_R
720575940626979621,720575940596125868,706976,258052,207080,707008,258156,207040,131953891,141.0,0.260969370603561,0.304576724767685,0.0502065010368824,0.0298852697014809,0.0389091707766056,0.315452992916107,LO_R
720575940626979621,720575940596125868,706576,257456,206880,706548,257528,206960,131953876,63.0,0.987696468830109,0.010830263607204,0.0013137899804860401,0.000121492208563723,3.08616722577426e-06,3.49208494299091e-05,LO_R
720575940625529381,720575940596125868,707192,258244,207520,707072,258236,207480,131953950,148.0,0.6842162609100338,0.160556718707085,0.121479444205761,0.0144798457622528,0.00199552066624165,0.0172722432762384,LO_R
720575940638727733,720575940596125868,714412,266000,214280,714476,266120,214280,141051634,149.0,0.00129626970738173,0.9983337521553041,2.27851433010073e-06,0.00025245448341593103,1.4386508837560499e-06,0.00011393947352189599,LOP_R
720575940612404502,720575940596125868,704068,266188,203320,704048,266276,203320,148237846,144.0,0.00262394128367305,0.9165502786636349,0.00266706640832126,0.0775954127311707,7.622298198839419e-06,0.000555665872525424,LO_R
720575940469148927,720575940596125868,702832,265256,204040,702740,265172,204040,148235412,152.0,0.592909812927246,0.0324998870491981,0.31085303425788896,0.0225584786385298,0.012930135242641,0.028248617425561003,LO_R
720575940638698842,720575940596125868,701144,266540,204600,701076,266624,204560,148235528,60.0,0.294678449630737,0.0165246427059174,0.0083308843895793,0.677823424339294,0.00132175523322076,0.00132084276992828,LO_R
720575940612404502,720575940596125868,703872,265968,203520,703780,266000,203520,148237870,139.0,0.007744320202618841,0.9417186975479129,0.000744192104320973,0.0497475638985634,1.58929174176592e-06,4.36158406955656e-05,LO_R
720575940612404502,720575940596125868,704312,264064,204040,704204,264060,204080,148238005,87.0,0.0190001968294382,0.844121098518372,0.0983411222696304,0.011180654168129,0.0008908207528293131,0.0264660604298115,LO_R
720575940630598927,720575940596125868,700848,263692,204760,700748,263712,204800,148235557,146.0,0.00881413463503122,0.919701635837555,0.0126223973929882,0.0330178178846836,0.000503639981616288,0.0253402981907129,LO_R
720575940621943984,720575940596125868,699688,265544,204760,699540,265576,204800,148239054,155.0,0.748169481754303,0.0024231791030615603,0.243324801325798,0.0035942711401730798,0.0014905201969668302,0.000997769995592535,LO_R
720575940617198822,720575940596125868,704032,264420,204000,704144,264396,204040,148237986,160.0,0.21363128721714,0.0163457505404949,0.7679985761642459,0.0019032079726457602,1.4581854884454501e-05,0.00010661636770237199,LO_R
720575940617198822,720575940596125868,703384,264688,204000,703372,264632,204040,148237991,177.0,0.00797466095536947,0.823465704917908,0.00255646952427924,0.155899330973625,0.00025737436953932004,0.009846405126154421,LO_R
720575940601846837,720575940596125868,708236,264412,204560,708168,264320,204520,148242515,74.0,0.0311878528445959,0.8976827263832091,0.004691642243415121,0.026901775971055,0.00303928810171783,0.0364967696368694,LO_R
720575940629279744,720575940596125868,708392,264520,204640,708472,264456,204560,148242539,133.0,0.103546395897865,0.8938087821006779,0.00195436063222587,1.6050098565756303e-05,1.3765083167527301e-05,0.000660701363813132,LO_R
720575940617198822,720575940596125868,708888,265556,204720,708808,265464,204760,148242614,107.0,0.00687923934310675,0.979061186313629,0.00160749943461269,0.0038918107748031603,9.720712114358321e-05,0.00846303347498179,LO_R
720575940629279744,720575940596125868,708664,265552,204920,708804,265552,204920,148242651,157.0,0.00640391977503896,0.9559628963470459,0.0052359364926815,0.00185232271905988,0.000466737168608233,0.0300781819969416,LO_R
720575940612404502,720575940596125868,708088,265216,204440,708140,265140,204400,148242468,131.0,0.01854776032269,0.9449496269226071,0.0237578693777323,0.009803334251046179,3.3670567063381895e-05,0.00290780421346426,LO_R
720575940615703007,720575940596125868,708400,264216,204440,708300,264288,204440,148242487,67.0,0.9691707491874699,0.000390772853279486,0.030238077044487003,3.99969394493382e-05,2.12567465496249e-05,0.000139238851261325,LO_R
720575940611758834,720575940596125868,703088,270144,203360,703004,270040,203320,148319845,164.0,3.57269345840905e-05,0.999800980091095,2.19061551121058e-08,0.000163154720212333,4.02313946046284e-11,1.3604766024855098e-07,LO_R
720575940611758834,720575940596125868,703200,269948,203880,703188,269860,203920,148319933,142.0,0.00156256894115359,0.996931791305542,2.11844217119506e-05,0.00114845926873386,3.36548339419096e-07,0.000335579039528966,LO_R
720575940611758834,720575940596125868,704248,269776,204000,704172,269916,204000,148319978,65.0,0.098006583750248,0.893893539905548,0.000287059752736241,0.000955157272983342,8.56419137562625e-05,0.00677198451012373,LO_R
720575940638698842,720575940596125868,700944,267068,204560,700904,266968,204560,148983766,72.0,0.0230397488921881,0.932747304439545,0.0037029639352113,0.0303849875926971,0.00039214288699440696,0.00973271392285824,LO_R
720575940638698842,720575940596125868,702052,267880,204080,702096,267964,204080,148983662,58.0,0.0132213560864329,0.974804520606995,0.005033255089074371,0.0023881159722805,8.94793556653895e-05,0.00446330383419991,LO_R
720575940638698842,720575940596125868,701432,267252,204840,701532,267340,204840,148983799,77.0,0.0132830990478396,0.879904747009277,0.00112370203714818,0.0137363495305181,0.000165469653438777,0.091786615550518,LO_R
720575940638698842,720575940596125868,702552,267132,204760,702628,267236,204760,148983827,119.0,0.0009869571076706052,0.67855316400528,0.000392229616409168,0.319858312606812,1.7133085066234301e-06,0.000207639022846706,LO_R
720575940611758834,720575940596125868,704668,269080,204280,704748,269072,204320,148986322,132.0,0.00870373100042343,0.965554237365723,0.00047287598135881104,0.0147999757900834,0.000153941480675712,0.0103152571246028,LO_R
720575940612404502,720575940596125868,708864,267340,204800,708776,267444,204760,148990673,137.0,0.00398713024333119,0.9784725904464721,0.0005218865699134769,0.00297700404189527,0.000122571087558754,0.0139187211170793,LO_R
720575940630598927,720575940596125868,701228,263472,204760,701324,263384,204800,149385798,137.0,0.00305486167781055,0.9428050518035892,0.00213732803240418,0.0354121774435043,1.0842385563592e-05,0.0165798347443342,LO_R
720575940631239491,720575940596125868,705200,261560,204920,705048,261532,204880,149388357,141.0,0.0179354846477509,0.8213453888893131,0.0224637147039175,0.0871493816375732,0.00342371175065637,0.0476824045181274,LO_R
720575940617198822,720575940596125868,704372,262916,204040,704436,262824,204040,149388124,77.0,0.061859492212534006,0.549229681491852,0.149997293949127,0.23071783781051602,0.00290956860408187,0.00528613245114684,LO_R
720575940621683494,720575940596125868,708908,260760,203320,708908,260664,203320,149392886,51.0,0.614867806434631,0.3391052484512331,0.00557411229237914,0.00396364042535424,0.00141585012897849,0.0350734107196331,LO_R
720575940626979621,720575940596125868,708892,261544,203880,709000,261688,203880,149393016,107.0,0.3548880219459529,0.642932415008545,0.000394740636693314,1.0843607014976401e-05,3.75575132238737e-06,0.0017702692421153199,LO_R
720575940616192373,720575940596125868,708360,262344,203920,708396,262240,203920,149393029,143.0,0.0025608579162508197,0.9785441756248471,0.0018490203656256199,0.0153358848765492,5.69779786019353e-06,0.0017043544212356199,LO_R
720575940625529381,720575940596125868,706456,258272,204920,706424,258156,204960,149557510,57.0,0.9055736064910892,0.0669555589556694,0.00821292586624622,0.0128986025229096,0.00126485119108111,0.0050944127142429395,LO_R
720575940625529381,720575940596125868,706864,258048,204760,706944,258104,204760,149561704,141.0,0.0650916621088982,0.87575751543045,0.008455789647996429,0.0495390705764294,3.90733985113911e-05,0.00111698999535292,LO_R
720575940632228578,720575940596125868,707980,259936,204960,707880,259980,204920,149561739,145.0,0.486483544111252,0.00839929655194283,0.499648690223694,0.00201454060152173,0.0016530177090317,0.0018009124323725698,LO_R
720575940613964962,720575940596125868,710228,259360,204480,710184,259440,204480,149568455,94.0,0.0189957283437252,0.872984290122986,0.0662731528282166,0.0271027218550444,0.0015929063083604,0.0130512835457921,LO_R
720575940615722694,720575940596125868,714424,266192,217320,714472,266252,217280,150984554,157.0,0.362169146537781,0.00507175363600254,0.619117975234985,0.0100722797214985,0.0021912136580795,0.00137765251565725,LOP_R
720575940638313449,720575940596125868,704888,274304,219960,704992,274272,219920,168992916,141.0,0.0981502160429955,0.007341903634369371,0.879675924777985,0.0097456993535161,0.00386916240677238,0.00121709820814431,LOP_R
720575940621116807,720575940596125868,704944,265512,202240,704964,265640,202280,186688214,146.0,0.981035828590393,0.0180816445499659,0.000770211510825902,0.000105215454823338,2.0471902644203497e-06,4.94346159030101e-06,LO_R
720575940597134764,720575940596125868,704488,266136,202680,704596,266068,202680,186688291,137.0,0.888243675231934,0.0022050319239497198,0.10302305221557599,0.00380531791597605,0.00120238214731216,0.00152049004100263,LO_R
720575940617198822,720575940596125868,703512,265968,202960,703536,266080,202960,186688407,135.0,0.0182591713964939,0.8501327037811279,0.0737926885485649,0.0535434633493423,0.000205494143301621,0.0040663895197212705,LO_R
720575940612404502,720575940596125868,706128,265244,202840,706100,265168,202800,186688328,157.0,0.7198225855827328,0.0532519146800041,0.22453112900257102,0.0022276064846664697,8.05658328317804e-06,0.000158656563144177,LO_R
720575940617198822,720575940596125868,705412,265416,202800,705584,265424,202760,186688331,65.0,0.169436618685722,0.550767540931702,0.25202351808548,0.0138450171798468,0.0018714115722104898,0.0120558449998498,LO_R
720575940617198822,720575940596125868,705224,264392,202880,705220,264296,202880,186688362,141.0,0.000297137710731477,0.989132463932037,4.96407446917146e-05,0.0101215839385986,9.879241247290339e-08,0.000399071112042293,LO_R
720575940477462931,720575940596125868,706176,265184,202880,706196,265068,202840,186693054,128.0,0.7154139876365658,0.15050822496414198,0.125234216451645,0.0059453914873302,0.000207676261197776,0.0026904528494924303,LO_R
720575940629172303,720575940596125868,707932,265292,203000,707952,265200,203000,186693079,147.0,0.000611273222602904,0.658283710479736,0.000153604472870938,0.340270221233368,2.45473052018497e-06,0.00067874212982133,LO_R
720575940621780812,720575940596125868,703696,272312,201840,703652,272212,201840,186766708,145.0,0.9943981766700741,0.000526007497683167,0.00456441566348076,0.00032886554254218903,5.48795942449942e-05,0.000127672392409295,LO_R
720575940607033010,720575940596125868,704068,270948,202320,704084,271072,202320,186766764,145.0,0.0186161547899246,0.790691792964935,0.0151675902307034,0.143665805459023,0.0024850221816450396,0.0293736457824707,LO_R
720575940611758834,720575940596125868,702940,270888,202440,703032,270828,202440,186766777,143.0,0.7071172595024109,0.28857901692390403,0.0022070286795496897,0.0019004398491233602,2.0739551018778e-06,0.000194182328414172,LO_R
720575940607033010,720575940596125868,704048,270844,202480,704068,270936,202480,186766781,124.0,0.0023462912067771,0.873752236366272,0.000610592251177877,0.122149050235748,1.21574094009702e-05,0.00112963025458157,LO_R
720575940646325300,720575940596125868,703272,266664,203080,703232,266504,203080,187397211,144.0,0.00730625726282597,0.924128353595734,0.0058955131098628,0.0622358731925488,1.27351756873395e-06,0.000432669505244121,LO_R
720575940626979621,720575940596125868,708824,260712,203240,708888,260720,203240,187781931,142.0,0.8046861886978149,0.0720903426408768,0.0376558490097523,0.0710105076432228,0.00231106788851321,0.0122460508719087,LO_R
720575940626979621,720575940596125868,709496,262184,202560,709440,262128,202600,187787619,66.0,0.40542346239090005,0.594553589820862,6.92761705067824e-06,2.92338171448137e-08,1.22542722635899e-08,1.59851388161769e-05,LO_R
720575940630891624,720575940596125868,715388,265280,212680,715352,265196,212680,197889517,64.0,0.449526369571686,0.140029206871986,0.378755033016205,0.00766844861209393,0.0137938996776938,0.0102270683273673,LOP_R
720575940624140531,720575940596125868,714904,264616,213200,714892,264760,213160,197889563,142.0,0.14205941557884197,0.000587751506827772,0.8572034239768979,9.735476487549019e-05,9.16228600544855e-06,4.2854753701249104e-05,LOP_R
720575940640021838,720575940596125868,710848,269640,222440,710800,269748,222440,199615176,51.0,0.40427178144455,0.0229440461844206,0.540694296360016,0.0258795004338026,0.0011355252936482401,0.00507481768727303,LOP_R
720575940620159366,720575940596125868,705272,276600,221760,705184,276540,221800,199703325,157.0,0.105738542973995,0.139223098754883,0.29894694685936,0.10536802560091,0.09157203137874599,0.259151339530945,LOP_R
720575940598389164,720575940596125868,702312,273928,222840,702380,273984,222840,200283855,150.0,0.0354864075779915,0.0242444053292274,0.934226155281067,0.00218479381874204,0.0005301485653035339,0.00332811661064625,LOP_R
720575940632195532,720575940596125868,702864,273568,222920,702872,273692,222920,200283916,152.0,0.21248573064804102,0.0449787005782127,0.622682750225067,0.0941578522324562,0.008425074629485609,0.0172699335962534,LOP_R
720575940622115169,720575940596125868,707440,273776,222240,707444,273644,222240,200287880,140.0,0.108074337244034,0.00888583529740572,0.8766087889671329,0.0022302917204797303,0.0018245447427034398,0.00237612635828555,LOP_R
720575940622736417,720575940596125868,708180,275640,222280,708088,275560,222280,200287891,115.0,0.131451323628426,0.146997287869453,0.7048063278198241,0.0112951761111617,0.000459764996776357,0.0049901595339179,LOP_R
720575940620124326,720575940596125868,708268,273228,222960,708124,273224,222960,200288116,150.0,0.138770908117294,0.0786949917674065,0.727344989776611,0.0207102131098509,0.00871627312153578,0.0257626194506884,LOP_R
720575940620124326,720575940596125868,708544,273356,222800,708512,273488,222720,200288056,140.0,0.11127704381942802,0.007676472887396809,0.8777529001235959,0.0013282313011586699,0.00019108361448161299,0.0017742484342306898,LOP_R
720575940620124326,720575940596125868,708412,273256,222800,708312,273320,222800,200288074,158.0,0.0512860752642155,0.0265135299414396,0.8856189846992489,0.0300602242350578,0.0018858630210161198,0.0046353954821825,LOP_R
720575940598795638,720575940596125868,707808,273176,223160,707924,273116,223120,200288157,142.0,0.0212670508772135,0.277297049760818,0.590201795101166,0.00477302167564631,0.0144173000007868,0.0920437648892403,LOP_R
720575940620159366,720575940596125868,707244,274096,222960,707248,274240,222920,200288107,147.0,0.0457233153283596,0.0251501575112343,0.922550201416016,0.00525606889277697,0.000185199212864973,0.00113501958549023,LOP_R
720575940645723428,720575940596125868,707292,274508,223160,707232,274408,223160,200288161,146.0,0.12595191597938502,0.0173253621906042,0.847596883773804,0.0066682044416666,0.000883962668012828,0.00157369091175497,LOP_R
720575940613059993,720575940596125868,709132,274216,223320,709172,274304,223320,200288213,141.0,0.00273501197807491,0.9741017818450931,4.68467042082921e-05,0.0019600980449467897,1.71611536643468e-05,0.0211390201002359,LOP_R
720575940635994872,720575940596125868,710904,273836,223280,710816,273736,223320,200294050,148.0,0.28090280294418296,0.108644500374794,0.523784756660461,0.0302039347589016,0.016633739694953003,0.0398302860558033,LOP_R
720575940620124326,720575940596125868,713620,273328,222000,713540,273232,221960,200309619,160.0,0.11622609198093402,0.0250644739717245,0.7686313986778259,0.0118029462173581,0.0562471747398376,0.0220278911292553,LOP_R
720575940643291277,720575940596125868,716972,270052,228560,716856,270036,228560,204351270,69.0,0.997569382190704,0.0022087034303695,7.8849756391719e-05,0.000131850669276901,4.4533751974995497e-07,1.0769586879178e-05,LOP_R
720575940620159366,720575940596125868,705504,276688,220920,705580,276628,220920,234176368,133.0,0.23684878647327398,0.0011863416293636,0.761435091495514,0.000316416844725609,0.000124254685943015,8.90976371010765e-05,LOP_R
720575940620124326,720575940596125868,705816,276336,221200,705780,276456,221200,234176446,144.0,0.49525678157806396,0.0718386173248291,0.28420332074165305,0.0342286601662636,0.0406126715242863,0.0738599598407745,LOP_R
720575940608552405,720575940596125868,705648,274272,220320,705560,274220,220320,234823583,137.0,0.0170096941292286,0.0006266184500418599,0.9822132587432858,7.5856274634134e-05,1.33498515424435e-05,6.12945150351152e-05,LOP_R
720575940608552405,720575940596125868,705648,274276,220520,705612,274396,220480,234823659,151.0,0.082495778799057,0.00048135794349946103,0.9168319702148441,8.671660179970791e-05,6.00520033913199e-05,4.42095661128406e-05,LOP_R
720575940620124326,720575940596125868,706168,275968,221440,706208,275896,221480,234823828,142.0,0.11158750951290101,0.0943236649036408,0.74466210603714,0.00404859939590097,0.00837347842752934,0.0370046608150005,LOP_R
720575940622736417,720575940596125868,708208,275508,221680,708168,275392,221680,234826249,144.0,0.12288507074117698,0.0967298820614815,0.7645561099052429,0.0115376561880112,0.000780889356974512,0.0035104234702885103,LOP_R
720575940596125868,720575940640902389,712100,266464,222880,712068,266368,222840,199991561,59.0,0.0272401701658964,0.15238080918788902,0.675280153751373,0.0304045137017965,0.00825123116374016,0.10644312947988499,LOP_R
720575940596125868,720575940640902389,711328,267916,223320,711276,267928,223240,199991702,144.0,0.0092962346971035,0.881229043006897,0.045382734388113,0.0582216791808605,0.000279855594271794,0.0055904444307088895,LOP_R
720575940596125868,720575940640902389,711104,268408,223320,711080,268240,223320,199991721,52.0,0.0937421470880508,0.11572041362524,0.776546657085419,0.00432013440877199,0.00149492477066815,0.008175688795745371,LOP_R
720575940596125868,720575940640902389,711184,268136,223360,711064,268112,223360,199991726,129.0,0.0514900162816048,0.319154322147369,0.560033679008484,0.0152236009016633,0.00394783262163401,0.050150603055954,LOP_R
720575940596125868,720575940640902389,712280,271136,222200,712376,271160,222200,199615107,138.0,0.00109031319152564,0.896049082279205,0.0035097636282444,0.09526565670967098,1.95196425920585e-05,0.00406571431085467,LOP_R
720575940596125868,720575940640902389,711352,269832,222520,711448,269820,222520,199615196,150.0,0.0600104108452797,0.26302096247673,0.520070254802704,0.141396030783653,0.0036587410140782603,0.011843646876514,LOP_R
720575940596125868,720575940640902389,712720,266744,222920,712860,266728,222960,199991580,129.0,0.0372404009103775,0.825746119022369,0.12268628180027001,0.00950604770332575,0.0005423401598818599,0.00427871430292726,LOP_R
720575940596125868,720575940640902389,712044,266372,223000,712064,266240,223000,199991604,53.0,0.0359313115477562,0.171562492847443,0.7670219540596009,0.0105401920154691,0.00121375371236354,0.01373022608459,LOP_R
720575940596125868,720575940640902389,709508,270368,223080,709496,270312,223000,199610025,147.0,0.0828403234481812,0.481128334999085,0.34427240490913397,0.0489413700997829,0.00892316829413176,0.0338944233953953,LOP_R
720575940596125868,720575940640902389,711112,268560,223200,711120,268396,223200,199991693,130.0,0.0419780015945435,0.49227038025856,0.33885201811790505,0.12385907024145099,0.000416920142015442,0.00262352940626442,LOP_R
720575940596125868,720575940633572004,712720,266848,222920,712868,266860,222920,199991584,144.0,0.0222752559930086,0.879166662693024,0.0538084320724011,0.0417354665696621,0.000161649193614721,0.0028525746893137698,LOP_R
720575940596125868,720575940596837953,701776,263444,205040,701740,263528,205040,30792665,151.0,0.0356852561235428,0.7195591330528259,0.139182016253471,0.0121892131865025,0.0110574141144753,0.0823270529508591,LO_R
720575940596125868,720575940467467144,701832,263436,205080,701884,263568,205080,30792679,138.0,0.0291767306625843,0.7804378271102909,0.0936171784996986,0.0114246746525168,0.00728506408631802,0.0780585184693337,LO_R
720575940596125868,720575940596864833,701776,263460,205080,701736,263596,205080,30792680,154.0,0.0437753684818745,0.7724395990371701,0.0748946517705917,0.0139440735802054,0.0120320804417133,0.0829142481088638,LO_R
720575940596125868,720575940596837953,700296,263768,205200,700216,263776,205200,30792700,145.0,0.0331244580447674,0.7157040238380429,0.0350731126964092,0.20465934276580802,0.00302914506755769,0.008409903384745121,LO_R
720575940596125868,720575940467469704,700340,263872,205280,700248,263856,205280,30792709,125.0,0.016989829018712,0.890753626823425,0.0457432866096497,0.01928929425776,0.000934272538870573,0.026289775967598,LO_R
720575940596125868,720575940596839489,700328,263608,205320,700236,263552,205280,30792718,151.0,0.0316216833889484,0.7412754893302921,0.14959171414375302,0.0559279844164848,0.00249750562943518,0.0190855395048857,LO_R
720575940596125868,720575940598327212,700360,263660,205360,700244,263704,205320,30792733,68.0,0.0385286211967468,0.738884925842285,0.113501913845539,0.0382793620228767,0.0131394332274795,0.05766572803258901,LO_R
720575940596125868,720575940627502824,701772,263420,205120,701712,263488,205120,30792687,162.0,0.0147816566750407,0.9415801167488101,0.005655126646161079,0.008246177807450291,0.00226438185200095,0.0274724140763283,LO_R
720575940596125868,720575940598092204,703448,264440,205160,703428,264384,205120,30795567,130.0,0.00858036801218987,0.938807129859924,0.0271443724632263,0.0165404826402664,0.000916869437787682,0.00801073294132948,LO_R
720575940596125868,720575940596874561,703984,266068,205520,703876,266136,205520,30795676,143.0,0.0108034145087004,0.930149376392365,0.0218140706419945,0.0169023405760527,0.0005178272258490321,0.0198130141943693,LO_R
720575940596125868,720575940618477947,705592,264616,206280,705600,264608,206200,30795760,170.0,0.0112183950841427,0.8379036784172059,0.0705048218369484,0.0758219808340073,0.000638381519820541,0.00391273386776447,LO_R
720575940596125868,720575940621780812,698424,265904,205840,698464,266016,205840,30796555,131.0,0.0194839984178543,0.837540149688721,0.0568942315876484,0.0498519949615002,0.0017036271747201698,0.0345259383320808,LO_R
720575940596125868,720575940467466888,701776,263312,205200,701728,263208,205200,32020057,111.0,0.00603968137875199,0.9454984664916991,0.00309599027968943,0.0209868494421244,0.00016067032993305502,0.0242183655500412,LO_R
720575940596125868,720575940596864577,701784,263384,205200,701736,263424,205200,32020059,93.0,0.0146098295226693,0.873814165592194,0.0131662571802735,0.0123877488076687,0.00101498328149319,0.0850070342421532,LO_R
720575940596125868,720575940598092204,704652,263056,205200,704808,263084,205200,32022453,150.0,0.0959215238690376,0.593049645423889,0.282973140478134,0.013207845389843001,0.00062881619669497,0.0142189664766192,LO_R
720575940596125868,720575940635062196,706688,262952,206200,706864,262904,206120,32022652,59.0,0.180867180228233,0.330228954553604,0.447191894054413,0.0365190915763378,0.00139944721013308,0.00379340653307736,LO_R
720575940596125868,720575940517787823,706612,262992,206160,706680,262960,206120,32022655,175.0,0.210121363401413,0.49739933013916,0.235223725438118,0.0394010432064533,0.0019538754131645,0.0159005988389254,LO_R
720575940596125868,720575940517787823,706644,262756,206280,706744,262672,206200,32022681,55.0,0.0369693003594875,0.664871752262116,0.22910608351230602,0.0645070299506187,0.000235819665249437,0.00430999649688602,LO_R
720575940596125868,720575940621116807,706656,262916,206200,706712,262792,206160,32022665,150.0,0.0158276315778494,0.853659689426422,0.0302705485373735,0.0940107628703117,0.00040632943273522003,0.0058249463327229,LO_R
720575940596125868,720575940620159366,705628,276464,222120,705532,276540,222120,199703411,143.0,0.0312941260635853,0.537902653217316,0.311072885990143,0.0878220796585083,0.00285598915070295,0.0290522761642933,LOP_R
720575940596125868,720575940608552405,707972,275168,222200,708128,275184,222200,200287868,148.0,0.00614024046808481,0.766806185245514,0.0153922773897648,0.199257671833038,0.000223039372940548,0.0121806496754289,LOP_R
720575940596125868,720575940620159366,707536,274752,222120,707556,274660,222080,200287837,147.0,0.007685390301048759,0.6302266120910639,0.0689120441675186,0.28945702314376803,0.000171946769114584,0.00354698277078569,LOP_R
720575940596125868,720575940620159366,711480,271400,223840,711500,271296,223840,100154182,144.0,0.00907313451170921,0.8490434885025021,0.0736855417490006,0.0551581047475338,0.00021534733241424,0.0128244291990995,LOP_R
720575940596125868,720575940621325993,703688,273668,222520,703740,273700,222480,200285626,109.0,0.215100690722466,0.0923907607793808,0.151592344045639,0.509657025337219,0.0137004787102342,0.0175587274134159,LOP_R
720575940596125868,720575940623935588,709208,271924,223960,709288,272032,223960,100149593,137.0,0.0988079234957695,0.664006114006043,0.115256816148758,0.0354045070707798,0.00757448188960552,0.0789501368999481,LOP_R
720575940596125868,720575940599910202,709172,271932,223960,709164,272068,223920,100149594,139.0,0.043670266866683995,0.770978927612305,0.11589883267879499,0.0138792423531413,0.0043759187683463105,0.05119677633047099,LOP_R
720575940596125868,720575940624140531,710288,270048,223480,710376,270056,223520,100154126,152.0,0.0147651229053736,0.908213019371033,0.0215351600199938,0.0141454292461276,0.00155516725499183,0.0397860817611217,LOP_R
720575940596125868,720575940443767854,710236,270100,223480,710256,270196,223480,100154127,141.0,0.0280306525528431,0.839911043643951,0.0484833680093288,0.0115292649716139,0.00848732329905033,0.063558354973793,LOP_R
720575940596125868,720575940606913244,711592,271412,223720,711664,271352,223760,100154172,55.0,0.0145236058160663,0.9118880033493041,0.0165449287742376,0.0441974960267544,0.000540763081517071,0.0123051526024938,LOP_R
720575940596125868,720575940443747886,711392,271456,223840,711308,271432,223800,100154175,135.0,0.0209093485027552,0.599364638328552,0.221075445413589,0.0551820360124111,0.00479781907051802,0.0986707210540772,LOP_R
720575940596125868,720575940623587683,711396,271424,224000,711368,271332,224000,100154200,103.0,0.008274341933429241,0.8090263605117801,0.0686602517962456,0.095889613032341,0.000605033885221928,0.0175444260239601,LOP_R
720575940596125868,720575940624140531,711392,271448,223880,711344,271348,223880,100154188,140.0,0.0209148358553648,0.541628062725067,0.25697383284568803,0.0453878529369831,0.009652061387896541,0.125443339347839,LOP_R
720575940596125868,720575940620159366,708180,272664,223480,708224,272776,223480,100739003,145.0,0.0166174303740263,0.9266421794891361,0.0189917869865894,0.0128578916192055,0.00124069035518914,0.0236499682068825,LOP_R
720575940596125868,720575940598798966,707996,272608,223520,707928,272696,223480,100739011,130.0,0.0144647564738989,0.8830613493919369,0.0213688220828772,0.00407608132809401,0.00327366637066007,0.0737553834915161,LOP_R
720575940596125868,720575940640902389,712812,265904,223600,712760,265816,223600,100482132,146.0,0.0581993870437145,0.351166307926178,0.538360774517059,0.0385630168020725,0.0012704124674201,0.0124401049688458,LOP_R
720575940596125868,720575940607124930,712876,265900,223560,712872,265792,223600,100482123,141.0,0.0297273378819227,0.545251786708832,0.38264042139053295,0.0309257656335831,0.000504071998875588,0.0109506091102958,LOP_R
720575940596125868,720575940623935588,711080,268076,223560,711012,268000,223520,100482128,144.0,0.13760419189929998,0.624606728553772,0.15651719272136702,0.0539371594786644,0.00224136048927903,0.0250933282077312,LOP_R
720575940596125868,720575940607220418,712832,265936,223680,712800,265848,223680,100482147,135.0,0.0468955710530281,0.6539654731750489,0.23976844549179102,0.0303774457424879,0.00121007789857686,0.0277830082923174,LOP_R
720575940596125868,720575940607125442,712872,265920,223880,712856,265852,223880,100482181,144.0,0.0304052997380495,0.45708283782005293,0.47072133421897905,0.0139164794236422,0.0010148946894332801,0.0268592350184917,LOP_R
720575940596125868,720575940624140531,712832,265980,223800,712760,265868,223840,100482169,127.0,0.0187103990465403,0.8460597395896908,0.102294817566872,0.0176125410944223,0.00022605655249208198,0.0150964083150029,LOP_R
720575940596125868,720575940635713375,713044,265984,223480,713124,265932,223480,100495999,130.0,0.0332333594560623,0.561742007732391,0.361624866724014,0.0283556040376425,0.0005579568096436559,0.0144861545413733,LOP_R
720575940596125868,720575940450695449,713020,265920,223520,713076,265832,223520,100496002,146.0,0.00911199953407049,0.868760764598846,0.0577894933521748,0.0535303242504597,0.000110753615444992,0.0106967221945524,LOP_R
720575940596125868,720575940620124326,712972,265908,223600,712992,265816,223600,100496028,143.0,0.0207703690975904,0.8122940659523009,0.13164384663105,0.0290783569216728,0.000180429226020351,0.00603295164182782,LOP_R
720575940596125868,720575940450715161,712984,265992,223840,713048,265920,223840,100496096,131.0,0.00580699648708105,0.9034854173660279,0.0101374294608831,0.0773389935493469,7.500813808292149e-05,0.0031563020311296,LOP_R
720575940596125868,720575940613059993,712172,270920,222320,712224,270816,222320,199615156,146.0,0.0747367143630981,0.36663651466369607,0.47718408703804,0.0513609610497952,0.00679782358929515,0.023283900693059,LOP_R
720575940596125868,720575940634848875,709284,271792,223320,709200,271932,223360,199610094,101.0,0.141660541296005,0.35261192917823797,0.146410167217255,0.317885011434555,0.0034318407997489,0.0380005687475204,LOP_R
720575940596125868,720575940634848875,713000,265988,223680,713060,265904,223680,100496029,140.0,0.0231275521218777,0.800417184829712,0.075215220451355,0.0911224335432053,0.000355477561242878,0.00976216699928045,LOP_R
720575940596125868,720575940626718739,707216,275412,223080,707160,275332,223120,200288137,174.0,0.145552262663841,0.17652912437915802,0.621078908443451,0.0453136712312698,0.0039495932869613205,0.007576473522931341,LOP_R
720575940596125868,720575940634848875,711896,271208,222320,711836,271308,222320,199615160,140.0,0.0237818881869316,0.38079056143760703,0.47198560833930997,0.0155981127172709,0.0132070211693645,0.0946367308497429,LOP_R
720575940596125868,720575940634848875,712228,271140,222360,712352,271128,222400,199615181,134.0,0.005218559876084329,0.929933667182922,0.0263629723340273,0.0156560596078634,0.000285715621430427,0.0225429944694042,LOP_R
720575940596125868,720575940634848875,711404,269800,222600,711560,269792,222600,199615211,155.0,0.0174431670457125,0.31382066011428805,0.34024706482887296,0.32703179121017495,0.00016309498460032,0.00129424256738275,LOP_R
720575940596125868,720575940629211500,712904,265928,223440,712860,265816,223440,199991736,143.0,0.0382796451449394,0.640020251274109,0.259309589862823,0.0492965094745159,0.000366777239833027,0.0127272512763739,LOP_R
720575940596125868,720575940620124326,707760,272708,222560,707928,272696,222560,200288005,63.0,0.0152820125222206,0.769057989120483,0.133664518594742,0.0750336945056915,0.00013473389844875802,0.00682703126221895,LOP_R
720575940596125868,720575940620124326,712316,271072,222160,712408,271060,222080,199615083,139.0,0.000590392854064703,0.93524968624115,0.000635052740108222,0.0577762797474861,2.42446640186245e-05,0.00572438212111592,LOP_R
720575940596125868,720575940631239491,708468,261344,206800,708620,261352,206840,131779194,141.0,0.0141385905444622,0.0141784092411399,0.158344268798828,0.0632003098726273,0.151733621954918,0.598404765129089,LO_R
720575940596125868,720575940645180196,710240,270260,223280,710300,270352,223280,199615331,147.0,0.00852172076702118,0.9488478302955631,0.00554091203957796,0.0255966130644083,0.000284473702777177,0.0112083861604333,LOP_R
720575940596125868,720575940598091692,703244,264468,204160,703112,264516,204120,148235432,74.0,0.0236201211810112,0.7086945176124569,0.205574825406075,0.0196586810052395,0.00199091900140047,0.0404609553515911,LO_R
720575940596125868,720575940645009518,703416,264088,204040,703388,263960,204080,148238004,75.0,0.0168743506073952,0.850366592407227,0.071451723575592,0.0349563360214233,0.00113311444874853,0.0252177752554417,LO_R
720575940596125868,720575940467432840,703484,264056,204040,703464,263904,204000,148237968,102.0,0.0195301398634911,0.886111557483673,0.0589772202074528,0.0150253577157855,0.00063743710052222,0.0197184048593044,LO_R
720575940596125868,720575940628606713,703244,264452,204040,703140,264532,204040,148237977,123.0,0.0132747646421194,0.9308053851127621,0.0186018813401461,0.0073699397034943095,0.00104182329960167,0.0289062056690454,LO_R
720575940596125868,720575940595542192,703356,264204,204080,703232,264136,204080,148238006,100.0,0.0198407955467701,0.7049664258956909,0.0244194157421589,0.0068805199116468395,0.00804077927023172,0.23585195839405101,LO_R
720575940596125868,720575940468285985,698304,267768,204240,698320,267848,204240,148986967,90.0,0.9200726747512821,0.029398238286376,0.0280155688524246,0.0154298515990376,0.00230003008618951,0.004783721175044779,LO_R
720575940596125868,720575940632824095,705588,276384,222160,705472,276424,222160,199703409,150.0,0.0172864161431789,0.705055952072144,0.114612720906734,0.13741376996040303,0.00105148390866816,0.0245796274393797,LOP_R
720575940596125868,720575940633572004,710216,270188,223160,710292,270208,223120,199615309,119.0,0.016581192612648,0.7953767776489259,0.03334691375494,0.11857947707176199,0.000837138097267598,0.0352784432470798,LOP_R
720575940596125868,720575940645723428,711076,273288,222680,710964,273344,222680,200293955,157.0,0.0157914292067289,0.5263046622276311,0.41742730140685996,0.0175446011126041,0.00110205134842545,0.0218299441039562,LOP_R
720575940596125868,720575940645723428,707024,274968,222720,707048,274896,222800,200288081,143.0,0.0499756820499897,0.139511704444885,0.6063032746315,0.174764037132263,0.00309352390468121,0.026351748034357997,LOP_R
720575940596125868,720575940618079956,707512,272588,222480,707496,272428,222440,199609916,143.0,0.0498827956616879,0.0898270681500435,0.704376041889191,0.154592230916023,0.000212174956686795,0.0011097009992227,LOP_R
720575940596125868,720575940621888383,707544,272640,222440,707544,272496,222400,199609902,135.0,0.0235545951873064,0.35432285070419295,0.158287599682808,0.46225091814994795,9.86763552646153e-05,0.00148542784154415,LOP_R
720575940596125868,720575940640902389,707564,272588,222480,707616,272444,222440,199609918,148.0,0.0510329231619835,0.126108914613724,0.570719480514526,0.250858902931213,0.000208783050766215,0.00107100966852158,LOP_R
720575940596125868,720575940598797430,707572,272652,222440,707656,272520,222400,199609921,154.0,0.024786876514554,0.3748853802680971,0.27858179807663,0.3202885389328,8.06691532488912e-05,0.0013767358614131802,LOP_R
720575940596125868,720575940598797942,707648,272676,222480,707796,272552,222480,199609922,74.0,0.0196596048772335,0.530234575271606,0.276439368724823,0.16902057826519,0.00023051520111039303,0.00441530160605907,LOP_R
720575940596125868,720575940444558961,707056,272616,222680,706960,272528,222720,199609960,135.0,0.0400567725300789,0.6231186389923101,0.266162514686584,0.0237723123282194,0.00520421611145139,0.0416855178773403,LOP_R
720575940596125868,720575940622115169,706992,272612,222680,706856,272552,222640,199609954,150.0,0.0443707704544067,0.7382442951202389,0.132452517747879,0.0222652517259121,0.00874684564769268,0.0539202652871609,LOP_R
720575940596125868,720575940598797430,708268,272140,222880,708272,272052,222800,199609985,116.0,0.0052018132992088795,0.946643769741058,0.0104550328105688,0.0355897657573223,0.000150062653119676,0.0019595422782003897,LOP_R
720575940596125868,720575940621418573,708400,272080,222920,708496,271980,222840,199609995,155.0,0.007060483563691379,0.976583123207092,0.00263913301751018,0.00910550728440285,0.000112576846731827,0.00449921656399965,LOP_R
720575940596125868,720575940598795382,708344,272120,222880,708420,272080,222840,199609996,67.0,0.010170254856348,0.963278293609619,0.010525313206017002,0.0115840481594205,0.000462347961729392,0.00397977884858847,LOP_R
720575940596125868,720575940598797942,708464,272168,222840,708536,272200,222840,199609997,126.0,0.0189803335815668,0.8010533452034,0.058636836707592004,0.10329432040453,0.00337195210158825,0.0146632138639689,LOP_R
720575940596125868,720575940443762990,709436,270416,223080,709384,270424,223000,199610026,150.0,0.0541952364146709,0.478742688894272,0.32739123702049294,0.115911401808262,0.00209978176280856,0.0216595269739628,LOP_R
720575940596125868,720575940443720750,709532,270368,223080,709560,270392,223000,199610027,178.0,0.11414999514818198,0.376619726419449,0.28763037919998197,0.20202015340328197,0.0073841460980475,0.0121956067159772,LOP_R
720575940596125868,720575940598800502,708276,272032,222920,708248,271880,223000,199610030,97.0,0.00236400309950113,0.983506143093109,0.000319261889671907,0.009660672396421429,4.99532507092226e-05,0.0040999450720846705,LOP_R
720575940596125868,720575940616986553,708232,272008,222960,708164,271856,222920,199610014,71.0,0.00462345685809851,0.9792602658271791,0.00163032207638025,0.00848163012415171,7.82483039074577e-05,0.00592616060748696,LOP_R
720575940596125868,720575940616986553,708392,271952,223000,708396,271808,223000,199610029,139.0,0.00406497204676271,0.9860079884529109,0.000882688909769058,0.00658678961917758,3.05547437164932e-05,0.00242695375345647,LOP_R
720575940596125868,720575940618079956,708452,271996,222960,708516,271888,222960,199610016,148.0,0.0045261722989380394,0.910548567771912,0.0018194045405834898,0.0822526589035988,1.8085180272464603e-05,0.000835073529742658,LOP_R
720575940596125868,720575940626718739,709556,270432,223080,709648,270472,223000,199610028,133.0,0.196530997753143,0.23678581416606895,0.434648394584656,0.0628634914755821,0.0282316915690899,0.0409396588802338,LOP_R
720575940596125868,720575940620124326,709356,271724,223160,709416,271848,223160,199610059,143.0,0.0188520569354296,0.890204131603241,0.0112946713343263,0.078922338783741,4.12811605201568e-05,0.000685491308104247,LOP_R
720575940596125868,720575940598799478,709288,271648,223120,709368,271716,223040,199610042,117.0,0.0674587488174439,0.8823539614677429,0.0343125537037849,0.00852359738200903,0.000265295384451747,0.0070858299732208295,LOP_R
720575940596125868,720575940598757238,709276,271704,223120,709320,271800,223040,199610043,140.0,0.21931348741054502,0.5906022191047671,0.16415451467037198,0.0162617340683937,0.00104424147866666,0.008623829111456871,LOP_R
720575940596125868,720575940443761198,709416,270356,223120,709384,270240,223080,199610048,138.0,0.0439396575093269,0.46720969676971397,0.436930418014526,0.033831313252449,0.00129763199947774,0.0167911909520626,LOP_R
720575940596125868,720575940443770414,709236,270400,223160,709160,270336,223120,199610058,146.0,0.077523484826088,0.19465579092502602,0.705940186977387,0.0106330411508679,0.00176357512827963,0.00948399305343628,LOP_R
720575940596125868,720575940443762478,709264,271720,223120,709296,271840,223120,199610060,147.0,0.15270544588565801,0.765373468399048,0.0680272579193115,0.009807365946471691,0.000286269176285714,0.00380012718960643,LOP_R
720575940596125868,720575940443768110,709300,270320,223160,709216,270224,223160,199610062,142.0,0.0289919786155224,0.22979854047298398,0.713830053806305,0.0209236238151789,0.0009062378085218369,0.00554951885715127,LOP_R
720575940596125868,720575940443711790,709516,271624,223240,709624,271652,223240,199610069,143.0,0.0482839085161686,0.598891735076904,0.0435436889529228,0.306833952665329,0.000587879389058799,0.0018588467501103898,LOP_R
720575940596125868,720575940623935588,709416,271756,223240,709520,271840,223240,199610071,88.0,0.028479065746069,0.864347815513611,0.042264960706234,0.0607434548437595,0.000194707798073068,0.00396995432674885,LOP_R
720575940596125868,720575940620159366,709392,271796,223280,709416,271988,223280,199610083,141.0,0.029147757217288,0.834128439426422,0.0610023587942123,0.0660560131072998,0.00023801250790711498,0.00942735467106104,LOP_R
720575940596125868,720575940634502039,709264,270304,223280,709188,270232,223280,199610078,137.0,0.0345369465649128,0.635109901428223,0.25618332624435397,0.0194180570542812,0.0101103326305747,0.044641412794589996,LOP_R
720575940596125868,720575940638313449,712176,271208,222200,712152,271312,222200,199615123,144.0,0.0006315928185358639,0.983181059360504,0.00020077136287,0.0128305600956082,1.65043900324235e-06,0.00315435254015028,LOP_R
720575940596125868,720575940635713375,712276,271148,222280,712376,271192,222320,199615148,143.0,0.000664879567921162,0.960478842258453,0.00222729379311204,0.0347592867910862,6.28730913376785e-06,0.0018634172156453102,LOP_R
720575940596125868,720575940634848875,712272,271060,222240,712384,271020,222200,199615118,60.0,0.00120986648835242,0.8570427298545841,0.00157840433530509,0.12838858366012598,5.60650005354546e-05,0.0117242867127061,LOP_R
720575940596125868,720575940606911196,712276,271176,222240,712344,271264,222200,199615121,134.0,0.0007111546583473679,0.9426063895225529,0.0013286080211401,0.0544255673885345,4.8513975343667e-06,0.0009234085446223619,LOP_R
720575940596125868,720575940645180196,712248,271176,222320,712296,271284,222320,199615132,146.0,0.000903974985703826,0.95776778459549,0.0021635158918798,0.0366773493587971,5.97453254158609e-06,0.00248152180574834,LOP_R
720575940596125868,720575940443750958,711384,269792,222520,711484,269712,222520,199615204,147.0,0.0641073882579803,0.300842434167862,0.5247225761413571,0.097761258482933,0.0027010198682546603,0.00986528303474188,LOP_R
720575940596125868,720575940443756846,712148,271176,222600,712144,271276,222600,199615216,140.0,0.0643409192562103,0.29338496923446694,0.565822422504425,0.0471369959414005,0.0034337765537202397,0.0258809253573418,LOP_R
720575940596125868,720575940620124326,711452,269860,222680,711592,269908,222680,199615229,145.0,0.0107040610164404,0.599259555339813,0.279231160879135,0.10808028280735,0.00012801501725334699,0.00259686843492091,LOP_R
720575940596125868,720575940634848875,710952,269960,222480,710900,270080,222480,199615197,144.0,0.0636863112449646,0.101653948426247,0.789088249206543,0.009087305516004559,0.0172434337437153,0.0192407295107842,LOP_R
720575940596125868,720575940618079956,711436,269804,222720,711556,269796,222760,199615244,120.0,0.0211118943989277,0.551734864711762,0.35435426235198997,0.0684522017836571,0.000348571164067835,0.00399820040911436,LOP_R
720575940596125868,720575940606913244,712252,270960,222800,712336,271032,222800,199615245,130.0,0.0286470856517553,0.7331537008285519,0.198501855134964,0.0199883729219437,0.00107838923577219,0.0186305902898312,LOP_R
720575940596125868,720575940623935588,712268,270900,222840,712384,270896,222840,199615255,70.0,0.0310443136841059,0.5832064151763922,0.335051000118256,0.00964376050978899,0.00457215961068869,0.0364822931587696,LOP_R
720575940596125868,720575940634502039,710192,270292,223240,710216,270420,223240,199615328,145.0,0.00942907948046923,0.91489189863205,0.0118557428941131,0.0437787845730782,0.00048266153316944805,0.0195617526769638,LOP_R
720575940596125868,720575940443762222,710280,270184,223360,710360,270224,223320,199615320,153.0,0.0053542088717222205,0.9808087348937992,0.00160843471530825,0.00104095751885325,9.256047633243729e-05,0.0110950730741024,LOP_R
720575940596125868,720575940443767854,710204,270260,223360,710208,270388,223360,199615340,144.0,0.0115280505269766,0.952431619167328,0.00837828870862722,0.00945252180099487,0.000337360164849088,0.0178722124546766,LOP_R
720575940596125868,720575940635713375,710348,270088,223360,710448,270132,223360,199615314,146.0,0.00438442826271057,0.9832804203033451,0.000126679384266026,0.000992379267700017,8.20375353214331e-05,0.0111340284347534,LOP_R
720575940596125868,720575940634848875,710344,270032,223360,710468,270000,223320,199615338,144.0,0.0119645651429892,0.953618168830872,0.000877931655850261,0.00177207577507943,0.00109178165439516,0.0306754633784294,LOP_R
720575940596125868,720575940616986553,705528,276216,222120,705412,276216,222080,199703387,148.0,0.00772890402004123,0.891905069351196,0.0164064113050699,0.0698178112506866,0.000343476567650214,0.0137983541935682,LOP_R
720575940596125868,720575940444368726,705552,276280,222200,705460,276304,222200,199703388,141.0,0.0165517721325159,0.8120341300964359,0.0730061009526253,0.083409458398819,0.000359660538379103,0.0146388914436102,LOP_R
720575940596125868,720575940609975854,705480,276008,222200,705368,275948,222200,199703432,142.0,0.0168759413063526,0.8992197513580319,0.0320405662059784,0.0205654203891754,0.000915415294002742,0.0303829405456781,LOP_R
720575940596125868,720575940636795620,705520,276112,222280,705380,276124,222280,199703455,146.0,0.0201366692781448,0.8817957639694209,0.0489446967840195,0.0220369175076485,0.000688638305291534,0.0263973083347082,LOP_R
720575940596125868,720575940622115169,707016,275684,222920,706996,275784,222920,199705818,142.0,0.30366951227188105,0.446672707796097,0.237499505281448,0.0049390927888453,0.0006499458104372019,0.00656926445662975,LOP_R
720575940596125868,720575940626979621,706608,262888,206200,706504,262768,206200,32022685,80.0,0.0660978481173515,0.746381103992462,0.0697524845600128,0.11120066791772801,0.00074582890374586,0.00582214491441846,LO_R
720575940596125868,720575940615006119,711944,266476,223000,711816,266464,223000,199991606,143.0,0.0291743818670511,0.250773131847382,0.6888689398765561,0.0201474446803331,0.0011373575543984801,0.009898690506815909,LOP_R
720575940596125868,720575940623087507,712672,266700,222880,712768,266664,222840,199991550,157.0,0.0227046385407448,0.863389611244202,0.0956398397684097,0.0111655713990331,0.00043935191933997,0.00666091125458479,LOP_R
720575940596125868,720575940620124326,712672,266648,222880,712748,266560,222880,199991579,163.0,0.0266181025654078,0.879841148853302,0.0777203440666199,0.00676916260272265,0.00079944753088057,0.00825186632573605,LOP_R
720575940596125868,720575940623649560,712008,266356,223000,711932,266256,223000,199991603,139.0,0.0480553582310677,0.119800381362438,0.7966527342796329,0.011778979562223,0.00452798791229725,0.0191845502704382,LOP_R
720575940596125868,720575940622296448,712696,266772,222880,712796,266784,222840,199991565,164.0,0.0788641199469566,0.7884085178375241,0.11381134390830999,0.0128051955252886,0.000875576341059059,0.00523528503254056,LOP_R
720575940596125868,720575940622301824,712012,266436,222920,711928,266368,222920,199991578,145.0,0.0225064512342215,0.0980445817112923,0.8385081887245179,0.0335915423929691,0.0014105350710451599,0.0059386482462287,LOP_R
720575940596125868,720575940607156418,711976,266680,222960,711920,266664,222960,199991594,144.0,0.0386791490018368,0.33921378850936895,0.5333296060562129,0.0799198970198631,0.0011913095368072401,0.00766618503257632,LOP_R
720575940596125868,720575940624140531,712048,266488,222880,711984,266460,222840,199991562,137.0,0.0272616427391767,0.158211544156075,0.713829159736633,0.0482733398675919,0.00540673639625311,0.0470176115632057,LOP_R
720575940596125868,720575940640902389,712808,266820,223040,712944,266840,223040,199991633,76.0,0.0390364602208138,0.79646623134613,0.10192903876304599,0.0225631520152092,0.00472049927338958,0.0352845191955566,LOP_R
720575940596125868,720575940607155906,712308,267388,223080,712256,267532,223080,199991644,142.0,0.0467437840998173,0.5731781125068659,0.340828657150269,0.0270579867064953,0.00150240352377296,0.0106890574097633,LOP_R
720575940596125868,720575940635713375,711028,268584,223200,710956,268492,223200,199991673,148.0,0.0149858128279448,0.348635673522949,0.11516097933054,0.520020008087158,0.000143863362609409,0.00105366029310972,LOP_R
720575940596125868,720575940640021838,711952,266488,223080,711856,266488,223120,199991652,55.0,0.0351432934403419,0.177776604890823,0.74996691942215,0.0184951592236757,0.0022966444958001397,0.0163213834166527,LOP_R
720575940596125868,720575940509808611,711104,268620,223200,711076,268564,223120,199991656,179.0,0.0338399782776833,0.510653018951416,0.20938749611377697,0.24427272379398302,0.000221340902498923,0.00162544928025454,LOP_R
720575940596125868,720575940643499060,710960,268744,223200,710844,268656,223200,199991660,140.0,0.0167171787470579,0.779572606086731,0.0486747324466705,0.144858613610268,0.000383320701075718,0.00979346130043268,LOP_R
720575940596125868,720575940635713375,712460,267560,223280,712516,267656,223280,199991711,118.0,0.0292671248316765,0.7286236882209781,0.125323489308357,0.0235485602170229,0.00648635905236006,0.0867508351802826,LOP_R
720575940596125868,720575940607155906,712344,267516,223200,712320,267664,223200,199991687,115.0,0.0646935775876045,0.712230622768402,0.149028107523918,0.0244027227163315,0.0020451121963560603,0.0475999377667904,LOP_R
720575940596125868,720575940623649560,712444,267544,223200,712464,267724,223200,199991688,146.0,0.0378349125385284,0.6577209234237671,0.21659930050373102,0.0389187000691891,0.0037610591389238795,0.045165129005909,LOP_R
720575940596125868,720575940618079956,711132,268644,223200,711200,268600,223120,199991658,136.0,0.036379300057887996,0.609281361103058,0.255401611328125,0.0939342975616455,0.000294170982670039,0.00470920791849494,LOP_R
720575940596125868,720575940608552405,711356,267720,223360,711332,267608,223360,199991718,145.0,0.00781128508970141,0.7797382473945621,0.0735677927732468,0.135785102844238,9.6098861831706e-05,0.0030014892108738396,LOP_R
720575940596125868,720575940645180196,711016,268660,223240,710936,268596,223120,199991657,162.0,0.0418835245072842,0.359102457761765,0.448845863342285,0.14686471223831196,0.00024245893291663397,0.00306094600819051,LOP_R
720575940596125868,720575940643499060,711308,267776,223320,711304,267688,223240,199991699,157.0,0.0061957999132573605,0.764215886592865,0.0204486679285765,0.205468952655792,0.00016540120122954298,0.00350520736537874,LOP_R
720575940596125868,720575940509785827,711244,267984,223360,711168,267940,223320,199991720,108.0,0.0331352539360523,0.27924504876136796,0.6657825112342829,0.00935681443661451,0.00100143090821803,0.0114789009094238,LOP_R
720575940596125868,720575940509817059,710988,268512,223280,710912,268392,223360,199991723,64.0,0.0375560969114304,0.5833391547203061,0.184172049164772,0.187081933021545,0.0005861627869308,0.00726464157924056,LOP_R
720575940596125868,720575940643499060,711156,268112,223440,711036,268044,223400,199991734,142.0,0.0912762060761452,0.22364127635955802,0.645901620388031,0.0257461331784725,0.000875138677656651,0.0125596821308136,LOP_R
720575940596125868,720575940627243052,712960,265924,223440,712960,265824,223440,199991737,143.0,0.0401813797652721,0.512177765369415,0.398336708545685,0.032658290117979,0.000417397037381306,0.0162285063415766,LOP_R
720575940596125868,720575940622296448,713004,266184,223320,713096,266152,223280,200007286,142.0,0.0251403301954269,0.453076094388962,0.325385928153992,0.0081039285287261,0.0130653567612171,0.17522843182086903,LOP_R
720575940596125868,720575940618079956,713016,266016,223440,713028,265888,223360,200007299,122.0,0.0343837589025497,0.603606283664703,0.2943354845047,0.0448575578629971,0.000772165891248733,0.0220447555184364,LOP_R
720575940596125868,720575940621325993,704056,273516,221880,703956,273488,221880,200285515,154.0,0.0978392139077187,0.18067355453968,0.5319294929504389,0.128444850444794,0.0213496387004852,0.0397632494568825,LOP_R
720575940596125868,720575940608552405,706000,275740,221800,705976,275612,221800,200285490,149.0,0.0092316996306181,0.9474520683288571,0.0209612939506769,0.00596047379076481,0.0008298369939439,0.0155646624043584,LOP_R
720575940596125868,720575940633151457,704096,273584,221880,704064,273596,221840,200285504,177.0,0.15753903985023499,0.059580959379673,0.7125292420387271,0.00902651809155941,0.0148927289992571,0.0464314892888069,LOP_R
720575940596125868,720575940626718739,706104,275728,221840,706068,275628,221880,200285529,122.0,0.0192839466035366,0.8021618127822879,0.103176705539227,0.0130862733349204,0.0155778378248215,0.0467134304344654,LOP_R
720575940596125868,720575940609975854,705584,275772,222200,705512,275680,222200,200285582,142.0,0.163675919175148,0.29828745126724204,0.45932039618492104,0.0585148930549622,0.00410846481099725,0.0160928834229708,LOP_R
720575940596125868,720575940616986553,705584,275784,222240,705496,275712,222280,200285604,145.0,0.161242604255676,0.41051444411277793,0.374431967735291,0.0429513566195965,0.0014316962333396099,0.00942797493189573,LOP_R
720575940596125868,720575940632526440,703800,273612,222800,703748,273712,222760,200285709,96.0,0.141445562243462,0.010889439843595,0.0535258166491985,0.787995040416718,0.0027675896417349603,0.00337649858556688,LOP_R
720575940596125868,720575940634848875,703900,273632,222880,703880,273732,222920,200285716,145.0,0.158197239041328,0.147004619240761,0.23553302884101898,0.405697762966156,0.0142171625047922,0.0393501780927181,LOP_R
720575940596125868,720575940626630693,703872,273584,223000,703868,273664,223040,200285766,134.0,0.0674876943230629,0.156563848257065,0.651525259017944,0.0550682432949543,0.00557923596352339,0.0637757554650307,LOP_R
720575940596125868,720575940570280505,703996,273556,223000,704024,273676,223000,200285755,134.0,0.0511627234518528,0.362113416194916,0.439377248287201,0.0215701386332512,0.00664381636306644,0.119132682681084,LOP_R
720575940596125868,720575940598019756,704076,273512,222960,704148,273512,223000,200285764,64.0,0.0690063089132309,0.422778457403183,0.301286935806274,0.0276131462305784,0.0121559500694275,0.16715918481349898,LOP_R
720575940596125868,720575940444358230,707448,274744,222080,707368,274640,222120,200287836,136.0,0.0159627087414265,0.531410038471222,0.131810635328293,0.31344273686409,0.00043268245644867404,0.0069412221200764205,LOP_R
720575940596125868,720575940619680933,708036,275200,222280,708168,275280,222280,200287914,146.0,0.014018876478076,0.816584706306458,0.0988083779811859,0.0343742370605469,0.0038201846182346296,0.0323935933411121,LOP_R
720575940596125868,720575940627502824,708000,275080,222240,708132,275032,222200,200287885,145.0,0.00436707865446806,0.726729452610016,0.011767016723752,0.248936340212822,0.000143807352287695,0.008056337013840679,LOP_R
720575940596125868,720575940624014524,707764,275412,222200,707808,275532,222200,200287873,135.0,0.0334502533078194,0.698246955871582,0.15229199826717402,0.0107403993606567,0.0209315121173859,0.0843389108777046,LOP_R
720575940596125868,720575940629211500,707784,274920,222080,707880,274888,222120,200287853,68.0,0.0112183848395944,0.7445156574249271,0.137879475951195,0.0948362648487091,0.00069075811188668,0.0108594801276922,LOP_R
720575940596125868,720575940629211500,707968,274984,222280,708040,274840,222280,200287907,145.0,0.007638338487595321,0.86488538980484,0.0536067634820938,0.0367820747196674,0.0013281812425702802,0.0357592888176441,LOP_R
720575940596125868,720575940444332374,707748,274880,222080,707808,274796,222080,200287841,148.0,0.00915335211902857,0.8051524758338929,0.06873711943626401,0.104970991611481,0.000331534392898902,0.0116545958444476,LOP_R
720575940596125868,720575940444363350,706988,275136,222160,706928,275252,222120,200287856,136.0,0.0951764136552811,0.38579133152961703,0.385250151157379,0.0165163706988096,0.0125492997467518,0.10471647232770899,LOP_R
720575940596125868,720575940622736417,707636,274828,222120,707640,274736,222080,200287840,142.0,0.00786742754280567,0.51038384437561,0.0848255529999733,0.39084196090698203,0.00028590889996849,0.00579530233517289,LOP_R
720575940596125868,720575940444349782,707528,274728,222160,707516,274616,222200,200287881,146.0,0.0315142348408699,0.437003910541534,0.194865599274635,0.331233412027359,0.0009120489121414721,0.00447078375145793,LOP_R
720575940596125868,720575940613599129,708028,275048,222280,708152,274952,222280,200287908,140.0,0.0038402387872338295,0.8938701748847958,0.0256058890372515,0.0668667107820511,0.000232823193073273,0.00958410836756229,LOP_R
720575940596125868,720575940608552405,707816,275416,222080,707880,275496,222120,200287842,145.0,0.0359511822462082,0.44426065683364896,0.4131933748722079,0.0176751930266619,0.0118668237701058,0.0770528018474579,LOP_R
720575940596125868,720575940608552405,706964,275072,222160,706852,275096,222160,200287854,145.0,0.0604566670954227,0.5717261433601379,0.294404089450836,0.0351703055202961,0.00442271865904331,0.0338200964033604,LOP_R
720575940596125868,720575940598797686,707480,272740,222360,707532,272672,222320,200287918,146.0,0.07318161427974701,0.26487267017364496,0.555915594100952,0.0992268174886704,0.00231197592802346,0.00449139624834061,LOP_R
720575940596125868,720575940626718739,708056,275136,222320,708188,275152,222280,200287913,141.0,0.00755637092515826,0.9166183471679691,0.0176831055432558,0.0284371227025986,0.0005698192981071769,0.0291351526975632,LOP_R
720575940596125868,720575940622115169,707624,274808,222200,707620,274708,222200,200287851,127.0,0.0162158571183682,0.614807605743408,0.18068245053291299,0.18109664320945698,0.0007895911694504321,0.00640788348391652,LOP_R
720575940596125868,720575940620159366,707696,274828,222120,707720,274716,222160,200287839,145.0,0.00740343658253551,0.727258682250977,0.0281839575618505,0.22786638140678397,0.000290905096335337,0.00899667665362358,LOP_R
720575940596125868,720575940634848875,707912,275132,222160,708016,275040,222160,200287867,150.0,0.0032659177668392697,0.7028997540473941,0.00184876646380872,0.285459756851196,7.085483957780529e-05,0.00645493902266026,LOP_R
720575940596125868,720575940444363350,707008,275120,222520,706948,275128,222440,200287956,146.0,0.0225946921855211,0.0119766453281045,0.9527447819709781,0.011630380526185,0.00024845049483701603,0.000804975803475827,LOP_R
720575940596125868,720575940622115169,707968,275052,222400,707992,274868,222360,200287935,99.0,0.00485346559435129,0.9202827215194699,0.0284760147333145,0.00867773406207562,0.0011212856043130198,0.036588829010725,LOP_R
720575940596125868,720575940626630693,707688,272752,222480,707904,272784,222480,200287961,138.0,0.0318448916077614,0.609656691551209,0.272525161504745,0.0765653997659683,0.000240574212512001,0.00916733499616385,LOP_R
720575940596125868,720575940640902389,707000,275120,222520,706908,275116,222520,200287979,146.0,0.026460962370038,0.0146087743341923,0.9440138339996341,0.0134504195302725,0.00029394373996183303,0.0011720161419361802,LOP_R
720575940596125868,720575940613059993,707048,275152,222520,706972,275220,222560,200288002,134.0,0.119458340108395,0.00808877311646938,0.862540364265442,0.00878206733614206,0.000387615262297913,0.000742789707146585,LOP_R
720575940596125868,720575940625001735,709576,274900,222520,709520,274984,222440,200287977,132.0,0.0106352949514985,0.7854837775230409,0.167291924357414,0.00683181453496218,0.00193688925355673,0.0278203301131725,LOP_R
720575940596125868,720575940622736417,709544,274920,222560,709480,275020,222520,200288011,128.0,0.0145036894828081,0.7927885055541991,0.14249342679977403,0.0136828748509288,0.0025418451987206897,0.0339896455407143,LOP_R
720575940596125868,720575940613599129,709648,274904,222520,709624,275016,222440,200287978,142.0,0.0161262936890125,0.746191561222076,0.200573489069939,0.00460876990109682,0.00240499316714704,0.0300948284566402,LOP_R
720575940596125868,720575940626718739,709508,274876,222520,709432,274912,222480,200287999,140.0,0.017158780246973,0.567921459674835,0.340019941329956,0.004839828703552479,0.011528910137713002,0.0585311390459538,LOP_R
720575940596125868,720575940609975854,707968,274932,222480,707964,274824,222440,200287974,135.0,0.0304538197815418,0.5078396797180179,0.389286160469055,0.00854292418807745,0.0134774232283235,0.050400011241436,LOP_R
720575940596125868,720575940454693368,709636,274944,222560,709612,275056,222560,200288023,142.0,0.0154023477807641,0.662338554859161,0.297957628965378,0.011958634480834,0.000743374810554087,0.0115994531661272,LOP_R
720575940596125868,720575940640902389,707056,272696,222720,706948,272648,222720,200288042,111.0,0.0398258939385414,0.444543689489365,0.43462988734245295,0.0550269894301891,0.00223280885256827,0.0237407106906176,LOP_R
720575940596125868,720575940613059993,709608,274132,222680,709552,274000,222680,200288036,141.0,0.0283253807574511,0.0685614943504334,0.8879823088645941,0.00596350431442261,0.00160527054686099,0.00756207760423422,LOP_R
720575940596125868,720575940444565873,707156,272716,222800,707076,272608,222800,200288070,71.0,0.0496504902839661,0.257635354995728,0.638683557510376,0.0407397970557213,0.0007241295534186071,0.0125665785744786,LOP_R
720575940596125868,720575940444568945,707072,272744,222840,706984,272712,222840,200288083,132.0,0.049002330750227,0.417753010988236,0.46988254785537703,0.0366268344223499,0.00169513130094856,0.0250401068478823,LOP_R
720575940596125868,720575940634848875,709696,274208,222600,709552,274136,222600,200288029,117.0,0.0301004387438297,0.161708950996399,0.7894737720489499,0.0065601523965597205,0.0019487015670165398,0.0102079641073942,LOP_R
720575940596125868,720575940620159366,707120,274840,222720,707116,274748,222680,200288052,133.0,0.0406473055481911,0.0415897443890572,0.891015529632568,0.0223580505698919,0.00114339659921825,0.00324597558937967,LOP_R
720575940596125868,720575940613059993,707200,275552,223080,707248,275604,223120,200288139,144.0,0.11678336560726199,0.5833715200424189,0.21454551815986603,0.0783963799476624,0.00212830514647067,0.00477491738274694,LOP_R
720575940596125868,720575940605825666,708232,272652,223280,708332,272664,223240,200288183,134.0,0.0235212948173285,0.823457181453705,0.0567103959619999,0.00820840336382389,0.00515334354713559,0.0829494670033455,LOP_R
720575940596125868,720575940454703608,709144,274200,223120,709040,274168,223080,200288145,152.0,0.004071667324751621,0.9347324967384342,0.00619223108515143,0.0259692650288343,7.324842590605841e-05,0.0289610847830772,LOP_R
720575940596125868,720575940454685176,709092,274284,223080,709008,274288,223080,200288147,103.0,0.00944976508617401,0.892348051071167,0.0211442988365889,0.0240379944443703,0.0008475401555188,0.0521723553538322,LOP_R
720575940596125868,720575940606829276,707144,275472,223080,707060,275400,223120,200288153,176.0,0.29327309131622303,0.302544742822647,0.34369915723800704,0.0417023673653603,0.0025352998636663,0.0162453502416611,LOP_R
720575940596125868,720575940444394582,707212,275424,223120,707176,275424,223160,200288166,155.0,0.20101845264434803,0.16341024637222304,0.591351330280304,0.0375692509114742,0.00107479863800108,0.00557594513520598,LOP_R
720575940596125868,720575940444395862,707220,275468,223120,707216,275520,223160,200288171,147.0,0.13794243335723902,0.26059040427207897,0.560675799846649,0.0345637910068035,0.00138403475284576,0.00484348321333528,LOP_R
720575940596125868,720575940454703352,709092,274236,223200,708996,274228,223200,200288177,103.0,0.002907749498263,0.908611536026001,0.0006999828037805861,0.0559363216161728,1.96672372112516e-05,0.031824704259634,LOP_R
720575940596125868,720575940598795638,708220,272660,223360,708284,272728,223320,200288184,138.0,0.0271900296211243,0.8560156822204591,0.0135069023817778,0.00255314842797816,0.0057070809416472894,0.0950271487236023,LOP_R
720575940596125868,720575940613599129,708144,272672,223360,708184,272792,223280,200288196,145.0,0.0193651746958494,0.874856352806091,0.0105302119627595,0.0107316561043262,0.00144698831718415,0.0830696001648903,LOP_R
720575940596125868,720575940598795638,708092,272668,223440,708056,272760,223440,200288221,143.0,0.0156624522060156,0.891943216323853,0.016394967213273003,0.0172519870102406,0.000734947680030018,0.0580125153064728,LOP_R
720575940596125868,720575940620159366,710368,274204,222400,710424,274192,222360,200293884,144.0,0.10761873424053199,0.18930897116661102,0.508556306362152,0.0036106363404542203,0.0314568132162094,0.15944850444793698,LOP_R
720575940596125868,720575940613059993,710372,274196,222480,710372,274056,222400,200293898,76.0,0.11138016730547,0.217030808329582,0.42078414559364297,0.00422790925949812,0.0171179678291082,0.229459062218666,LOP_R
720575940596125868,720575940620159366,710144,274292,222440,710168,274144,222400,200293899,84.0,0.0945939943194389,0.27591046690940896,0.44159564375877397,0.00174797407817096,0.021706273779273002,0.164445653557777,LOP_R
720575940596125868,720575940454677496,710032,274296,222440,709916,274268,222440,200293909,143.0,0.0766876414418221,0.18980988860130302,0.49956580996513394,0.00572935584932566,0.0527327172458172,0.175474554300308,LOP_R
720575940596125868,720575940619680933,710420,274136,222480,710480,274012,222480,200293923,138.0,0.0781971141695976,0.29552835226059,0.294523388147354,0.007593369111418721,0.0324635058641434,0.291694313287735,LOP_R
720575940596125868,720575940616878370,709892,274156,222560,709928,274032,222600,200293943,128.0,0.0388746298849583,0.30035972595214805,0.628645718097687,0.0048861298710107795,0.00295722996816039,0.0242765322327614,LOP_R
720575940596125868,720575940645180196,709840,274176,222560,709832,274040,222560,200293933,147.0,0.0545255430042744,0.124664075672627,0.809640228748322,0.0024637633468955803,0.00168271362781525,0.0070236474275589,LOP_R
720575940596125868,720575940639449459,709740,274928,222520,709740,275076,222520,200293935,142.0,0.0170929003506899,0.606126010417938,0.347647398710251,0.0036260683555156,0.0047217449173331295,0.0207859463989735,LOP_R
720575940596125868,720575940454696696,709712,274112,222680,709712,273984,222640,200293957,142.0,0.0627651289105415,0.119293905794621,0.800138652324677,0.00385077833198011,0.00327880680561066,0.01067272759974,LOP_R
720575940596125868,720575940620159366,709924,274244,222520,709920,274132,222480,200293925,119.0,0.0708973556756973,0.36593064665794395,0.5122555494308471,0.0038896752521395705,0.00509764021262527,0.0419291667640209,LOP_R
720575940596125868,720575940606827228,709732,274940,222600,709756,275072,222640,200293958,100.0,0.0177282448858023,0.562782049179077,0.369018286466598,0.0030992622487247,0.00913099944591522,0.0382412001490593,LOP_R
720575940596125868,720575940620124326,709844,274224,222560,709776,274124,222480,200293924,137.0,0.0400760844349861,0.256109893321991,0.695271909236908,0.0021206503733992603,0.00115439970977604,0.005267052911221979,LOP_R
720575940596125868,720575940609975854,711144,273360,222680,711108,273468,222640,200293956,154.0,0.0241742264479399,0.60524582862854,0.337481558322906,0.008361725136637691,0.0019559804350137698,0.0227806251496077,LOP_R
720575940596125868,720575940454696952,711056,273380,222760,710944,273444,222720,200293965,148.0,0.018593542277813,0.369756370782852,0.568920969963074,0.0395471453666687,0.000180691335117444,0.0030012554489076103,LOP_R
720575940596125868,720575940616878370,710972,273320,222760,710840,273320,222760,200293970,133.0,0.0213561020791531,0.22989355027675604,0.700796008110046,0.0182917267084122,0.00506779132410884,0.0245948284864426,LOP_R
720575940596125868,720575940606217138,711256,267728,223360,711184,267632,223360,199991717,140.0,0.0134113160893321,0.668246269226074,0.211627259850502,0.10005159676075,0.000186587145435624,0.0064769973978400204,LOP_R
720575940596125868,720575940620512950,708080,272056,222920,708028,271952,222960,199610023,136.0,0.0249877031892538,0.822790682315826,0.0737352147698402,0.0494438074529171,0.00227697193622589,0.0267656296491623,LOP_R
720575940596125868,720575940620512950,707744,274860,222160,707860,274776,222160,200287852,144.0,0.0174607317894697,0.86193972826004,0.0464434735476971,0.0509905219078064,0.00107359362300485,0.0220920592546463,LOP_R
720575940596125868,720575940634848875,710988,268824,223160,710964,268936,223080,199991648,94.0,0.0384491384029388,0.45353874564170793,0.448863416910172,0.0536652207374573,0.00028446488431654903,0.00519904121756554,LOP_R
720575940596125868,720575940634848875,707016,274920,222720,706992,274968,222760,200288039,143.0,0.0328590422868729,0.0839698016643524,0.805510640144348,0.0666667073965073,0.00131241662893444,0.00968132633715868,LOP_R
720575940596125868,720575940634848875,707148,275520,223080,707128,275560,223120,200288168,175.0,0.176303416490555,0.508021056652069,0.23666176199913,0.0634751170873642,0.00386500079184771,0.0116736525669694,LOP_R
720575940596125868,720575940634848875,708256,272632,223400,708388,272680,223360,200288219,142.0,0.027233162894845,0.823939442634583,0.0526604801416397,0.00429859105497599,0.0053257346153259295,0.0865426510572434,LOP_R
720575940596125868,720575940621116807,703392,264112,204000,703332,263972,204000,148237962,147.0,0.0258775930851698,0.844303071498871,0.0727885738015175,0.026624346151948,0.0009618854965083301,0.0294444896280766,LO_R
720575940596125868,720575940620124326,705744,276120,221640,705724,276260,221560,234176503,147.0,0.134983897209167,0.11120481044054,0.65376341342926,0.0445761904120445,0.0141481440514326,0.0413235984742641,LOP_R
720575940596125868,720575940634848875,705748,276008,221600,705780,276124,221560,234176516,148.0,0.13711722195148499,0.425643593072891,0.344660490751266,0.0157953705638647,0.0048453863710165,0.0719379335641861,LOP_R
720575940596125868,720575940616986553,705668,276056,221600,705604,276184,221600,234176518,143.0,0.20715799927711498,0.134652093052864,0.398478895425797,0.0261777807027102,0.0248005017638206,0.208732724189758,LOP_R
720575940596125868,720575940634848875,705952,275780,221680,705896,275712,221680,234823896,141.0,0.00813820585608482,0.944446504116058,0.00857552886009216,0.0250294096767902,0.000266520015429705,0.0135438945144415,LOP_R
720575940596125868,720575940605825666,706112,275728,221760,706100,275624,221760,234823907,146.0,0.0220179427415133,0.8203830718994141,0.10569025576114699,0.0163740217685699,0.00623613223433495,0.0292985625565052,LOP_R
720575940596125868,720575940620512950,706028,275848,221640,705992,275752,221600,234823858,129.0,0.0180077068507671,0.9029811024665829,0.0383298583328724,0.0188837274909019,0.00129501894116402,0.0205024611204863,LOP_R
720575940596125868,720575940636795620,705540,275876,222240,705396,275840,222280,200285606,151.0,0.0833108946681023,0.6658130288124079,0.201508104801178,0.0361935831606388,0.0011403297539800401,0.012034110724926,LOP_R
720575940596125868,720575940640198784,704072,273384,221920,703952,273312,221920,200285532,160.0,0.0527578741312027,0.103256247937679,0.285575419664383,0.55138236284256,0.00308801140636206,0.0039401650428772,LOP_R
720575940596125868,720575940633572004,712528,267552,223240,712584,267664,223240,199991700,152.0,0.0214063655585051,0.835085034370422,0.0245777443051338,0.104947648942471,0.000954739283770323,0.0130284205079079,LOP_R
720575940596125868,720575940622115169,707848,274940,222280,707928,274856,222280,200287890,142.0,0.00809448771178722,0.7849413156509399,0.142755091190338,0.0363177880644798,0.00156597001478076,0.0263253841549158,LOP_R
720575940596125868,720575940640902389,708360,272024,222920,708368,271888,222920,199610015,143.0,0.00223364727571607,0.9826666116714481,0.00022521406935993598,0.0130667872726917,2.34809394896729e-05,0.00178431894164532,LOP_R
720575940596125868,720575940620512950,707900,275248,222160,708000,275264,222160,200287869,147.0,0.0049546263180673105,0.863469958305359,0.0114364791661501,0.098766140639782,0.000425864360295236,0.0209469813853502,LOP_R
720575940596125868,720575940620512950,707948,274884,222520,707960,274776,222560,200288022,136.0,0.05732354521751401,0.431805074214935,0.414152443408966,0.00664777075871825,0.0420168042182922,0.0480543300509453,LOP_R
720575940596125868,720575940633572004,706964,275000,222200,706840,274960,222200,200287884,144.0,0.0502188913524151,0.37142154574394204,0.507840692996979,0.0184754077345133,0.007259259466081859,0.0447841845452786,LOP_R
720575940596125868,720575940633572004,705648,276312,222280,705584,276416,222320,199703469,127.0,0.0234538950026035,0.786931872367859,0.0669964551925659,0.0951670110225678,0.000957547104917467,0.0264932084828615,LOP_R
720575940596125868,720575940633572004,710928,269928,222480,710832,270028,222440,199615189,142.0,0.0985226109623909,0.0763899683952332,0.691340267658234,0.0168884973973036,0.0571604892611504,0.0596981644630432,LOP_R
720575940596125868,720575940633572004,707064,275744,222800,707080,275844,222760,199705791,144.0,0.18182609975338002,0.473961889743805,0.162454530596733,0.10362461209297198,0.013196362182498,0.0649364292621613,LOP_R
720575940596125868,720575940645723428,709728,274156,222600,709660,274060,222560,200288019,141.0,0.0245875306427479,0.0679959207773209,0.8958765268325809,0.00207030843012035,0.0018994493875652602,0.007570277433842421,LOP_R
720575940596125868,720575940621116807,703252,264424,204040,703100,264332,204000,148237971,140.0,0.0128516973927617,0.8811990022659301,0.0540834106504917,0.0162304695695639,0.0012706380803138,0.0343647599220276,LO_R
720575940596125868,720575940632195532,705916,275748,221840,705884,275676,221800,200285503,141.0,0.00688056787475944,0.9413437843322751,0.0159414205700159,0.0053597898222506,0.000652553921099752,0.0298218820244074,LOP_R
720575940596125868,720575940632195532,705528,276124,222320,705496,276164,222360,199703474,144.0,0.0568177625536919,0.662678778171539,0.194980174303055,0.0325259938836098,0.0025598879437893603,0.0504373349249363,LOP_R
